Date,Open,High,Low,Close,Volume
04/01/2010,14.35,14.45,14.15,14.3,107200
05/01/2010,14.3,14.5,14,14.2,122400
06/01/2010,14.3,14.3,14,14.25,464400
07/01/2010,14,14.3,14,14.15,129900
08/01/2010,14.05,14.5,14.05,14.5,956400
11/01/2010,14.5,14.7,14.25,14.25,298800
12/01/2010,14.5,14.5,14.2,14.3,145000
13/01/2010,14.45,14.45,14.3,14.4,289900
14/01/2010,14.35,14.4,14.25,14.25,1810500
15/01/2010,14.3,15,14.25,14.8,2695500
18/01/2010,14.8,16,14.8,16,4880100
19/01/2010,16.5,17.2,15.85,16.95,2887500
20/01/2010,16.5,17.7,16.5,17.45,6526300
21/01/2010,17.3,17.5,17,17.3,11509900
22/01/2010,17,17.2,16.5,16.8,1250000
25/01/2010,17,17,16.55,16.9,10465900
26/01/2010,16.9,16.95,16.75,16.9,20137800
27/01/2010,16.9,16.9,16.6,16.65,250300
28/01/2010,16.55,16.6,15.6,16,597100
29/01/2010,16.75,16.75,15.8,15.8,503500
01/02/2010,16,16,14.85,14.85,388200
02/02/2010,15.7,15.95,15,15.8,354500
03/02/2010,16,16.3,15.9,16,536500
04/02/2010,16,16.7,16,16.7,330300
05/02/2010,16.5,16.7,16.35,16.5,146000
08/02/2010,16.5,16.5,15.95,16,350800
09/02/2010,16,16.05,15.9,15.9,1072200
10/02/2010,15.95,16.1,15.9,16.1,569300
11/02/2010,16,16.1,15.95,16,179600
12/02/2010,16,16.2,16,16.1,221700
15/02/2010,16,16.1,15.95,16,467300
16/02/2010,16,16.05,15.7,15.7,926200
17/02/2010,15.8,15.8,15.1,15.65,303000
18/02/2010,15.7,15.9,15.5,15.6,241300
19/02/2010,15.7,15.7,15.4,15.4,1684200
22/02/2010,15.5,15.7,15.25,15.3,167300
23/02/2010,15.4,15.6,15.35,15.4,594300
24/02/2010,15.5,16,15.5,15.7,171600
25/02/2010,15.7,15.95,15.7,15.7,981700
26/02/2010,15.7,15.8,15.55,15.55,241800
01/03/2010,15.6,15.65,15.55,15.6,222800
02/03/2010,15.7,15.8,15.55,15.6,2117000
03/03/2010,15.7,16,15.7,15.8,411500
04/03/2010,15.75,15.8,15.45,15.65,2854500
05/03/2010,15.7,15.75,15.4,15.55,7766300
08/03/2010,15.7,15.75,15.55,15.6,3398400
09/03/2010,15.7,15.75,15.6,15.7,2748300
10/03/2010,15.75,15.8,15.65,15.8,1470800
11/03/2010,15.75,15.8,15.6,15.7,317800
12/03/2010,15.7,15.75,15.4,15.65,243100
15/03/2010,15.7,15.8,15.5,15.6,1558000
16/03/2010,15.6,15.7,15.6,15.7,1976400
17/03/2010,15.6,16,15.6,15.95,1588300
18/03/2010,15.8,16,15.6,16,3058100
19/03/2010,16,16.05,15.7,15.8,1136500
22/03/2010,15.9,16,15.75,15.95,825000
23/03/2010,15.85,15.95,15.6,15.75,732000
24/03/2010,15.85,15.85,15.6,15.8,1952300
25/03/2010,15.75,16,15.75,16,542700
26/03/2010,15.7,15.8,15.4,15.8,1987200
29/03/2010,15.6,15.8,15,15.65,1235000
30/03/2010,15.7,15.85,15.65,15.8,3253600
31/03/2010,15.7,15.85,15.7,15.85,1280000
01/04/2010,15.7,16,15.7,16,4413200
06/04/2010,15.9,16,15.8,15.95,336500
07/04/2010,15.95,16,15.8,16,772000
08/04/2010,15.9,16,15.9,15.95,1083000
09/04/2010,15.95,16.05,15.95,16,3721800
12/04/2010,16,16.5,16,16.1,642300
13/04/2010,16.1,16.4,15.9,16.2,2464400
14/04/2010,16.2,16.55,16.2,16.5,551300
15/04/2010,16.5,17.1,16,17.1,457400
16/04/2010,17.1,17.3,16,17.05,2006800
19/04/2010,17.15,17.3,17,17.2,1572400
20/04/2010,17.1,17.55,17.1,17.55,2910500
21/04/2010,17.5,17.95,17.5,17.8,418000
22/04/2010,17.8,18.25,17.7,18,11900700
23/04/2010,18,19,18,18,1414200
26/04/2010,18.5,19.2,18,19.1,2158400
27/04/2010,19,19.8,19,19.4,4970900
28/04/2010,19.3,19.8,19.3,19.45,3056500
29/04/2010,19.5,19.5,18.5,19.05,1487200
30/04/2010,18.9,18.9,18.45,18.5,650700
03/05/2010,18.6,19,18.3,19,673700
04/05/2010,18.45,18.95,18.45,18.7,2711300
05/05/2010,18.9,19,18.65,18.8,4756600
06/05/2010,19,19.3,18.8,19,932500
07/05/2010,19.1,19.3,19,19.15,848700
10/05/2010,19.1,19.2,18.9,19.1,523700
11/05/2010,19.1,19.2,18.95,19,707800
12/05/2010,19,19.1,18.8,19,565300
13/05/2010,18.95,19.1,18.9,19,3488800
14/05/2010,19,19.1,18,19.05,466700
17/05/2010,19,19.3,18.95,19.2,483200
18/05/2010,19.3,19.8,19.2,19.45,2474700
19/05/2010,19.5,21.25,19.3,21.25,4273300
20/05/2010,22.5,23,20,21.5,3595000
21/05/2010,22,23,21.25,22.75,2117100
24/05/2010,22.25,24,21.75,24,3795000
25/05/2010,24,25.25,22,24,5742400
26/05/2010,24,24,21.75,22.5,1800800
27/05/2010,22.5,22.5,20.5,20.75,2517400
28/05/2010,21,22.5,20.5,22,3198600
31/05/2010,21.75,23,21.75,22.75,706700
02/06/2010,22.75,23.5,22.25,23,1455300
03/06/2010,23,24,23,23.25,480300
04/06/2010,23.25,24,23,23.75,1589400
07/06/2010,23.5,24.25,23.5,24,2332300
08/06/2010,24,24.25,23.75,23.75,3007100
09/06/2010,24,24,23,23.5,3501500
10/06/2010,23.5,24,23.25,24,212200
11/06/2010,23.5,24,23,24,1342000
14/06/2010,24,24.25,23.75,24,4386200
15/06/2010,24,25,24,24.25,1816900
16/06/2010,24.5,24.75,23.5,24.25,1425000
17/06/2010,24.5,24.5,23.5,23.5,2114700
18/06/2010,24,24.25,23,23.75,404200
21/06/2010,23.75,23.75,23.25,23.5,321000
22/06/2010,23.5,23.75,23.5,23.75,2621000
23/06/2010,24,24,23.25,23.25,6036200
24/06/2010,24,24,23.5,23.5,2920100
25/06/2010,23.5,24,23.5,24,1003800
28/06/2010,23.5,24.25,23.5,24,4022800
29/06/2010,24,24,23.75,23.75,427200
30/06/2010,24,24,23.75,24,6514600
01/07/2010,23.75,24,23.75,23.75,1934800
02/07/2010,23.75,24,23.5,23.5,3005200
05/07/2010,23.75,24,23.75,23.75,2723600
06/07/2010,23.75,23.75,23,23.5,3186500
07/07/2010,23.75,23.75,22,22.75,2289300
08/07/2010,23,23.75,22.5,22.5,310200
09/07/2010,23,23.75,22.5,23,563100
12/07/2010,23,23,22.75,23,999900
13/07/2010,23,23,22.5,22.75,675000
14/07/2010,23,23,22.75,22.75,390000
15/07/2010,23,23.75,22.75,23.75,1882700
16/07/2010,23.25,24,23.25,24,2532000
19/07/2010,23.75,24.5,23.5,24,4374700
20/07/2010,24,24.5,24,24,1275300
21/07/2010,24,24.25,23,23.75,3374800
22/07/2010,24,24,23,23.5,303800
23/07/2010,23.5,23.5,22.75,23.25,404000
26/07/2010,23.5,23.5,23,23.25,893200
27/07/2010,23.5,24,23,23.5,1507700
28/07/2010,23.5,24,23,24,2774000
29/07/2010,23.75,24,23.75,24,1789400
30/07/2010,24,24,23.75,23.75,2413800
02/08/2010,24,24.25,23.75,24,7017800
03/08/2010,24,25,24,24.5,4491600
05/08/2010,25,26,25,25.5,729000
06/08/2010,25.5,25.75,25.25,25.5,3437100
09/08/2010,26,27.75,26,26.75,618900
10/08/2010,26.75,27,25.25,25.25,2686900
11/08/2010,25.75,25.75,24.75,25,2866800
12/08/2010,25,25.25,24,24,1102000
13/08/2010,24.75,25,24.25,25,790000
16/08/2010,25,25.75,24.75,25,923000
17/08/2010,25,26,24.75,25.5,1072400
18/08/2010,26,26,25.5,25.75,2193000
19/08/2010,26,26,25.75,26,488100
20/08/2010,26,26,25.5,25.75,777300
23/08/2010,26,26,24.5,24.5,385800
24/08/2010,25,25,24.5,25,1500200
25/08/2010,25,25,24.75,24.75,718500
26/08/2010,25,25,24.5,24.75,520600
30/08/2010,24.5,25.25,24.5,25,2942300
31/08/2010,25,25.25,25,25,464700
01/09/2010,25.5,25.5,25,25.5,420300
02/09/2010,25.25,26,25.25,26,559200
03/09/2010,26,26,25.75,25.75,1076800
06/09/2010,26,26,25.25,25.5,2095100
07/09/2010,25.25,25.75,25,25,883300
08/09/2010,25.25,25.75,25.25,25.5,851200
09/09/2010,25.5,25.5,25.25,25.25,519600
10/09/2010,25.5,25.75,25.25,25.5,283200
13/09/2010,25.5,25.5,25,25,463100
14/09/2010,25.25,25.75,25,25.5,3557400
15/09/2010,25.5,25.75,25.5,25.75,549700
16/09/2010,25.5,25.75,25.25,25.25,1142700
17/09/2010,25.25,25.75,25,25.25,1475400
20/09/2010,25.5,25.75,25.5,25.75,356800
21/09/2010,25.5,26,25.5,25.75,2346000
22/09/2010,25.5,25.75,25.5,25.5,980700
23/09/2010,25.5,26,25.5,25.75,5171100
24/09/2010,25.75,25.75,25.5,25.5,1028300
27/09/2010,25.75,26.25,25.75,26.25,4725500
28/09/2010,26,26.25,25.75,26,949900
29/09/2010,26,27,26,26.75,1115400
30/09/2010,26.75,27,26.75,27,1975400
01/10/2010,27,27,26.5,27,2810000
04/10/2010,26.75,27,26.75,27,8366600
05/10/2010,26.75,27,26.75,27,1959500
06/10/2010,27,27,26.75,27,4218500
07/10/2010,26.75,27,26.75,27,848100
08/10/2010,27,27,26.5,26.75,33503800
11/10/2010,26.75,27,26,27,796100
12/10/2010,27,27,26.5,26.75,359500
13/10/2010,27,27,26.5,26.75,1321600
14/10/2010,26.75,26.75,26.25,26.5,458700
15/10/2010,26.5,26.5,26.25,26.5,1235700
18/10/2010,26.5,27,26.5,26.75,430900
19/10/2010,26.75,27,26.5,26.75,4291400
21/10/2010,27,27,26.25,26.5,527500
22/10/2010,26.5,26.75,26.25,26.5,1451000
25/10/2010,26.5,26.75,26.5,26.75,503100
26/10/2010,26.75,27,26.5,26.75,1266600
27/10/2010,26.75,27,26.5,26.75,4326200
28/10/2010,26.75,26.75,26.25,26.5,1366100
29/10/2010,26.5,26.75,26,26.25,465200
01/11/2010,26.5,26.5,25.75,26,770400
02/11/2010,26,26.25,25.75,26,3586600
03/11/2010,26,26.5,26,26.5,2035300
04/11/2010,26,26.75,26,26.5,851100
05/11/2010,26.25,26.75,26.25,26.75,1163600
08/11/2010,26.75,27,26.25,26.5,4011300
09/11/2010,26.25,26.75,26.25,26.5,1226100
10/11/2010,26.5,27,26.25,26.75,2876500
11/11/2010,26.75,27,26.5,27,1656100
12/11/2010,26.75,27,26.75,27,468100
15/11/2010,26.75,27,26.75,26.75,710300
16/11/2010,26.75,26.75,26.25,26.5,1623500
17/11/2010,26.5,26.5,26.25,26.25,2050400
18/11/2010,26.25,26.5,26,26.25,889100
19/11/2010,26.25,26.5,26.25,26.25,1539900
22/11/2010,26.25,26.5,26,26,1060700
23/11/2010,26.25,26.25,25.5,26,2075500
24/11/2010,25.75,26,25.75,26,1313200
25/11/2010,26,26,25.75,25.75,502800
26/11/2010,25.75,26,25.75,26,1694500
29/11/2010,25.75,26,25.75,25.75,2229200
30/11/2010,26,26,25.25,26,2414800
01/12/2010,25.75,26.25,25.75,26,1237200
02/12/2010,25.75,26.25,25.75,26,1212000
03/12/2010,27.75,27.75,25.75,26,2259900
06/12/2010,26,26.5,25.75,26,884100
07/12/2010,26,26.5,25.75,26,1471700
08/12/2010,25.75,26,25.75,25.75,1779100
09/12/2010,26,26,25,25.25,2576800
10/12/2010,25.25,25.25,24.5,24.5,292800
14/12/2010,25,25.25,24.5,25,615400
15/12/2010,26,26,25,25.5,435800
16/12/2010,25,25.75,24.75,25,966600
17/12/2010,25,25.75,25,25.5,2022000
20/12/2010,25.5,25.5,24.75,25,459000
21/12/2010,25.5,25.5,25,25,307600
22/12/2010,25,25.5,25,25.5,709800
23/12/2010,25.25,26,25.25,26,864700
24/12/2010,26,26.5,25.75,26.5,364300
27/12/2010,26.5,26.75,25.75,26.25,213900
28/12/2010,26.5,26.75,26,26.5,182200
29/12/2010,26.25,27,26.25,26.5,2576100
30/12/2010,26.5,26.75,26.25,26.5,1919000
31/12/2010,26.75,27.25,26.5,27,141600
03/01/2011,26.75,27.75,26.75,27.5,859100
04/01/2011,27.5,27.75,27.25,27.75,1622300
05/01/2011,27.5,28.5,27.5,28.25,3190800
06/01/2011,28.25,29.5,28.25,29.25,1351600
07/01/2011,29,30.25,29,30,8744200
10/01/2011,29.75,30,29,29.75,3728000
11/01/2011,29.5,29.75,28.75,29,1241000
12/01/2011,29,29,27.75,28.75,783100
13/01/2011,28.25,29,28.25,29,3113100
14/01/2011,29,29.5,28.5,29,2304900
17/01/2011,29,29.75,28.75,29.75,1213400
18/01/2011,29.5,30.25,29.5,30.25,1644300
19/01/2011,30,30,29.75,30,843300
20/01/2011,30,30,29.5,30,851900
21/01/2011,29.25,30,29,29.75,533700
24/01/2011,29.75,30,29.5,29.5,2845600
25/01/2011,29.75,29.75,29,29.75,364600
26/01/2011,29,29.75,29,29,750300
27/01/2011,29.5,29.5,29,29.25,399100
28/01/2011,29,29.25,28.75,29,2171300
31/01/2011,30,30,28.75,28.75,1965100
01/02/2011,29,29,28.5,28.5,271400
02/02/2011,28.75,28.75,27.5,28,711700
03/02/2011,28,28.5,27.5,27.75,330400
04/02/2011,28,28.25,27.5,28,1207400
07/02/2011,27.75,29,27.75,28.5,1042700
08/02/2011,28.75,28.75,28.5,28.5,408700
09/02/2011,28.75,29,28.5,28.75,246800
10/02/2011,28.75,29,28.5,28.75,2306400
11/02/2011,28.5,28.75,28.5,28.5,1631900
14/02/2011,28.5,28.75,28.25,28.75,249400
15/02/2011,28.5,29,28.5,28.75,296000
16/02/2011,28.75,29,28.5,28.75,910400
17/02/2011,28.75,28.75,28.5,28.75,289100
18/02/2011,28.75,28.75,28.5,28.5,272500
21/02/2011,28.5,28.75,27.75,28,846400
22/02/2011,28.25,28.25,27.75,28,888500
23/02/2011,28,29,28,28.25,1290000
24/02/2011,28.75,29,28.5,28.5,2595100
25/02/2011,29,29.25,28.5,29,1105000
28/02/2011,29,29,28,28.25,1516500
01/03/2011,28.5,28.5,28,28,233500
02/03/2011,28.5,28.5,27,27.25,499400
03/03/2011,28,28,26.5,27.25,1067000
04/03/2011,27.5,28,27,27.5,1511300
07/03/2011,27.5,27.5,25,26.5,507400
08/03/2011,26.5,26.5,26,26.5,226100
09/03/2011,26,26,24.5,24.5,1603000
10/03/2011,25,25,23.5,25,830600
11/03/2011,24.5,25,24.5,25,1163700
14/03/2011,24.75,25,24.25,24.5,1475800
15/03/2011,25,25,24.5,24.75,804600
16/03/2011,25,25.5,24.75,25.25,4187000
17/03/2011,25,26,25,26,1317200
18/03/2011,25.75,26,25,25.25,761300
21/03/2011,24.5,25,24.5,24.75,1429000
22/03/2011,24.5,25,24.5,24.5,1795300
23/03/2011,24.5,25.5,24.5,24.75,703100
24/03/2011,25,25,24.5,24.75,3051000
25/03/2011,25,25,24.75,24.75,1462700
28/03/2011,24.75,25,24.25,25,377500
29/03/2011,24.75,25.25,24.75,25,4216700
30/03/2011,25,25.25,24.75,25,1098000
31/03/2011,25,25.25,25,25.25,1177000
01/04/2011,25.25,25.5,25,25.25,3517000
04/04/2011,25,26,25,25.5,239800
05/04/2011,25.5,25.5,25.25,25.5,252800
06/04/2011,25.25,25.5,24.5,25,770400
07/04/2011,25.5,25.5,24.5,25,867300
08/04/2011,25.25,25.75,25,25.5,1798500
11/04/2011,25.5,25.75,25.5,25.5,1266000
12/04/2011,25.75,26.5,25.75,26.5,2105300
13/04/2011,26,26.5,26,26.25,628700
14/04/2011,26.5,27.75,26.5,27.5,4375000
15/04/2011,27.5,28,27.25,27.5,4689500
18/04/2011,27.5,28,27,27,3981700
19/04/2011,27,27.5,27,27,301000
20/04/2011,27,27.5,27,27,641800
21/04/2011,27,27.5,26.75,27,897800
26/04/2011,27,27.25,26.75,27,1449300
27/04/2011,27,27.25,26.5,26.5,3083200
28/04/2011,27,27.25,26,26,451500
29/04/2011,27,27.25,26.75,27,2257300
03/05/2011,27,27.5,27,27,2115100
04/05/2011,27,27.25,26.75,27.25,1109700
05/05/2011,27,27,26.25,26.25,180700
06/05/2011,26.75,26.75,25.75,26,1798300
09/05/2011,25.75,26,25.75,25.75,639600
10/05/2011,25.75,26,25.5,25.75,3346300
11/05/2011,25.75,26,25,25.5,5353000
12/05/2011,25,25.5,25,25.25,4620200
13/05/2011,25,25.5,25,25,2098700
16/05/2011,25,25,24.75,24.75,1086300
17/05/2011,25,25.25,24.75,25,3461300
18/05/2011,25,26,25,25.25,4760700
19/05/2011,25.25,26,25,25.25,4675900
20/05/2011,25,25.25,25,25.25,223400
23/05/2011,25.25,25.25,25,25,785000
24/05/2011,25.25,25.25,24.5,24.75,4668900
25/05/2011,25,25,24.25,24.25,6167000
26/05/2011,24.5,25,24.25,24.75,2120700
27/05/2011,25,25,24.25,25,3180800
30/05/2011,25,25.25,24.5,25.25,1839100
31/05/2011,25,25.25,24.75,25,3890900
02/06/2011,25,25.25,24.75,25,326500
03/06/2011,25,25.5,24.75,25,5108700
06/06/2011,25.25,25.25,24.75,25,284400
07/06/2011,25,25.25,24.75,25.25,1764600
08/06/2011,25,25.5,25,25.25,534700
09/06/2011,25,25.5,25,25.25,506100
10/06/2011,25.25,25.5,25.25,25.25,1560900
13/06/2011,25.25,25.75,25.25,25.75,3609000
14/06/2011,25.5,25.75,25.5,25.5,421400
15/06/2011,25.5,25.5,24.75,25,556400
16/06/2011,25,25.25,24.75,25,3868800
17/06/2011,25.25,25.25,24.75,25.25,2705800
20/06/2011,25,25,24.75,25,1088700
21/06/2011,24.75,25.25,24.75,25,3634900
22/06/2011,24.75,25.5,24.75,25,672700
23/06/2011,25,25.5,25,25.25,930500
24/06/2011,25.25,25.5,25,25.5,432400
27/06/2011,25.25,25.5,25.25,25.25,473400
28/06/2011,25.5,25.75,25.25,25.25,4473800
29/06/2011,25.25,25.75,25,25.25,1761800
30/06/2011,25.5,26,25,25.75,1882000
01/07/2011,25.75,26,25.5,25.75,1552100
04/07/2011,25.5,25.5,25,25,5028200
05/07/2011,25,25.5,25,25.25,483500
06/07/2011,25,25.25,25,25.25,1157900
07/07/2011,25,25.25,25,25,2109500
11/07/2011,23.75,25,23.75,23.75,295900
12/07/2011,23.75,24.25,23.75,23.75,1438400
13/07/2011,23.25,24,23,23.25,3087500
14/07/2011,23.25,23.25,22.75,23.25,981500
15/07/2011,23,23.5,23,23,1333600
18/07/2011,23.25,23.5,22.5,23.25,657800
19/07/2011,22.75,23.25,22.75,22.75,2882100
20/07/2011,23,23,22.5,23,1305000
21/07/2011,22.5,22.75,22.25,22.5,1761300
22/07/2011,22.75,23,22,22.75,968500
25/07/2011,23.75,23.75,22.5,23.75,1771500
26/07/2011,23.75,24,23.25,23.75,716200
27/07/2011,24,24.25,23.5,24,2349900
28/07/2011,23.75,24,23.75,24,5609200
29/07/2011,23.25,24,23,23.25,332000
01/08/2011,23.5,23.5,23,23.5,112200
02/08/2011,23.5,23.5,23,23.5,466300
03/08/2011,23.25,23.5,23,23.25,6471600
04/08/2011,23,23.5,23,23,1162900
05/08/2011,22.25,23.5,22,22.25,2246700
08/08/2011,22.25,22.75,22,22.25,1728700
09/08/2011,20.5,22.5,20.25,20.5,1849900
10/08/2011,21,21,20.25,20.75,1948200
11/08/2011,20.75,21,20.5,20.75,3265300
12/08/2011,20.75,21,20.75,21,522900
15/08/2011,20.75,21.5,20.75,20.75,103600
16/08/2011,20.5,21.25,20.5,20.5,5347000
17/08/2011,20.75,21,20.5,20.75,2485800
18/08/2011,20.5,21,20.5,20.5,1585800
19/08/2011,21,21,20.25,21,3948500
22/08/2011,20.5,21,20.25,20.5,352000
23/08/2011,20.25,20.5,20,20.25,201900
24/08/2011,19.9,20.25,19.75,19.9,2139500
25/08/2011,19.95,20,19.8,19.95,1032500
26/08/2011,19.9,20,19.5,19.9,1115600
29/08/2011,19.25,19.9,19.25,19.25,197100
30/08/2011,19.3,19.5,19,19.3,590000
01/09/2011,18.8,19.5,18.8,18.8,81700
02/09/2011,18.95,19.4,18.9,18.95,2050600
05/09/2011,18.8,19,18,18,108300
06/09/2011,17.65,18.5,17.65,17.65,274800
07/09/2011,17.8,18,17.5,17.8,117500
08/09/2011,17.9,18,17.6,17.9,114100
09/09/2011,18.5,18.9,17.7,18.5,3924500
12/09/2011,19,19,18.45,19,362500
13/09/2011,19,19.5,18.8,19,8788700
14/09/2011,19.45,19.5,19,19.45,7187500
15/09/2011,19.2,19.5,19,19.2,341500
16/09/2011,19,19.5,18.9,19,2306800
19/09/2011,18.8,19.2,18.8,18.8,1073700
20/09/2011,18.8,18.9,18.7,18.8,207100
21/09/2011,18.8,19,18,18.8,467400
22/09/2011,18.5,18.9,18.5,18.5,3906800
23/09/2011,18.5,18.8,18,18.5,1170200
26/09/2011,18.2,18.8,18.05,18.2,90600
27/09/2011,18.2,18.5,18,18.2,50900
28/09/2011,18,18.2,17.8,18,1269300
29/09/2011,17.8,18.2,17.25,17.8,279600
30/09/2011,17.7,17.8,17.5,17.7,339300
03/10/2011,17.15,17.8,16.5,17.15,86800
04/10/2011,17.2,17.5,17.05,17.05,1740100
05/10/2011,17.6,17.7,17.05,17.6,14392400
06/10/2011,17,17.55,16.95,17,1472500
07/10/2011,17,17.2,16.55,17,1401400
10/10/2011,17,17.4,17,17,3166000
11/10/2011,17,17.35,17,17,1028500
12/10/2011,17,17.3,17,17,7095200
13/10/2011,17.3,17.5,17,17.3,2326900
14/10/2011,17.3,17.8,17.05,17.3,75300
17/10/2011,17.55,17.6,17.25,17.55,291800
18/10/2011,18.2,18.5,17.5,18.2,61400
19/10/2011,19,19,18,19,117900
21/10/2011,19.2,19.5,19,19,4409600
24/10/2011,19,19.25,18.5,19,2014500
25/10/2011,18.85,19,18.85,18.85,216900
26/10/2011,19,19,18.85,19,951900
27/10/2011,19.3,19.5,19,19.3,6612000
28/10/2011,19,19.5,19,19.5,5299800
31/10/2011,19.5,20,19.5,19.7,465800
01/11/2011,20,21,19.8,20.5,251700
02/11/2011,20.5,21,19,19.5,786300
03/11/2011,19.2,19.45,18.95,19.05,3116700
04/11/2011,19,19.5,19,19.3,44400
07/11/2011,19.5,19.9,19.15,19.55,808000
09/11/2011,19.5,19.9,19.5,19.8,1789200
10/11/2011,19.8,20,19.8,20,3095900
11/11/2011,19.95,20,19.7,19.95,661200
14/11/2011,19.9,20.5,19.8,20,2264400
15/11/2011,19.95,20,19.5,19.75,2194200
16/11/2011,19.9,19.95,19.5,19.55,681900
17/11/2011,19.8,19.8,19.05,19.2,2727900
18/11/2011,19.5,19.6,19.1,19.5,787600
21/11/2011,19.5,19.65,19.1,19.5,2880800
22/11/2011,19.35,19.65,19.05,19.35,1316500
23/11/2011,19,19.5,18.8,19,4804400
24/11/2011,18.5,19,18,18.5,232000
25/11/2011,18,18.65,17.1,18,1053800
28/11/2011,17.95,18,17.6,17.95,1220900
29/11/2011,17.9,18,17.55,17.9,1281300
30/11/2011,17.55,17.9,17.5,17.55,3077700
01/12/2011,17.5,17.85,17.25,17.5,1769900
02/12/2011,17.45,17.5,17.3,17.45,48700
05/12/2011,17.25,17.45,17.2,17.25,2990600
06/12/2011,17.35,17.5,17.2,17.35,2225000
07/12/2011,17.3,17.9,17.3,17.3,316600
08/12/2011,17.3,17.9,17.3,17.3,1188800
09/12/2011,17.2,17.9,17,17.2,840900
13/12/2011,17.3,17.5,17.25,17.25,7391000
14/12/2011,17.4,17.5,16.55,17.25,7772200
15/12/2011,17,17.4,17,17,1739400
16/12/2011,17,17.25,16.5,17,4456600
19/12/2011,17,17.25,16.9,17,3127900
20/12/2011,17,17,16.95,17,2377100
21/12/2011,16.7,17,16.5,16.7,1352400
22/12/2011,16.65,17,16.65,16.65,884800
23/12/2011,16.6,17,16.5,16.6,300500
27/12/2011,16.8,16.8,16.5,16.8,108700
28/12/2011,16.75,16.8,16.5,16.75,186800
29/12/2011,16.8,16.8,16.35,16.7,612000
30/12/2011,16.45,16.7,16,16.45,353300
03/01/2012,16.8,17,16.5,16.6,141700
04/01/2012,16.75,16.8,16.4,16.4,912500
05/01/2012,16.75,16.75,15.8,16,748700
06/01/2012,16,16,15.5,15.85,3512100
09/01/2012,16,16.5,15.8,15.9,1085000
10/01/2012,15.95,16.35,15.9,15.9,1317500
11/01/2012,16,16,15.9,15.9,464700
12/01/2012,15.95,16,15.9,15.95,437400
13/01/2012,16,16,15.9,15.95,1013700
16/01/2012,15.95,15.95,15.9,15.9,176400
17/01/2012,15.9,15.95,15.9,15.95,1490000
18/01/2012,15.95,15.95,15.9,15.95,681200
19/01/2012,15.95,16,15.9,15.95,2101000
20/01/2012,16,16.1,15.8,15.9,12695800
23/01/2012,15.95,16.1,15.85,15.95,2228500
24/01/2012,16,16.65,15.9,16.65,8861300
25/01/2012,16.05,16.8,16,16.5,4862500
26/01/2012,16.5,17,16.3,17,6753700
27/01/2012,17,17.2,17,17.1,15418000
30/01/2012,18,18,17.3,17.5,407300
31/01/2012,17.95,18,17.5,17.7,502800
01/02/2012,17.75,17.8,17.3,17.4,3465900
02/02/2012,17.5,17.5,17.25,17.3,930600
03/02/2012,17.35,17.5,17.1,17.4,133800
06/02/2012,17.5,17.5,17.3,17.35,638700
07/02/2012,17.5,17.55,17.3,17.55,656500
08/02/2012,17.55,17.65,17.55,17.65,385900
09/02/2012,17.65,17.85,17.6,17.85,494800
10/02/2012,17.8,18.45,17.8,18.35,1228100
13/02/2012,18.2,18.95,18.2,18.7,2713600
14/02/2012,19,19,18.8,18.9,205100
15/02/2012,18.95,19,18.9,19,403500
16/02/2012,19,19.5,18.95,19.2,226600
17/02/2012,19,19.3,19,19.1,99300
20/02/2012,19,19.25,18.95,19,743300
21/02/2012,19,19.05,18.9,18.95,631100
22/02/2012,19,19,18.8,18.95,905900
23/02/2012,18.95,19.05,18.95,19,1669600
24/02/2012,18.95,19.2,18.95,19,756200
27/02/2012,19.2,19.2,19.05,19.15,808100
28/02/2012,19.1,19.25,19.05,19.05,2163400
29/02/2012,19.1,19.1,18.8,18.85,1305800
01/03/2012,18.8,18.8,18,18.55,4176700
02/03/2012,18.8,19.1,18.65,19,9837500
05/03/2012,19,19.4,19,19.1,3345700
06/03/2012,19.25,19.6,19.1,19.4,1798900
07/03/2012,19.8,19.9,19.4,19.4,1170000
08/03/2012,19.8,19.95,18.9,18.9,2729100
09/03/2012,19.25,19.25,18.55,19,469800
12/03/2012,19,19,18.5,18.9,893500
13/03/2012,18.95,18.95,18.5,18.5,5216200
14/03/2012,18.55,18.75,18.4,18.5,5255600
15/03/2012,18.25,18.75,18.25,18.5,4980300
16/03/2012,18.6,18.75,17.5,18.5,5325800
19/03/2012,18.5,18.5,17.05,17.3,756000
20/03/2012,17.05,17.5,17,17.5,14098000
21/03/2012,17.5,18,17.05,18,3260400
22/03/2012,18,18.75,18,18.55,282600
23/03/2012,18.5,19.1,18.5,19.1,5633200
26/03/2012,19,19.2,19,19.15,382700
27/03/2012,19.1,19.5,19.1,19.4,5245100
28/03/2012,19.5,19.55,19.3,19.5,2029300
29/03/2012,19.25,19.45,19.15,19.25,1653000
30/03/2012,19.15,19.3,19.15,19.25,923400
02/04/2012,19.25,19.3,19.1,19.3,300400
03/04/2012,19.25,19.35,19.25,19.35,477800
04/04/2012,19.3,19.5,19.3,19.5,4630100
05/04/2012,19.5,19.6,19.4,19.45,7505800
10/04/2012,19.6,19.95,19.5,19.5,1998000
11/04/2012,19.5,19.7,19.5,19.55,2120200
12/04/2012,19.5,19.6,19.5,19.6,5158600
13/04/2012,19.55,20.25,19.55,20,12488400
16/04/2012,19.7,20,19.55,19.8,1310200
17/04/2012,19.75,20,19.75,19.9,1906700
18/04/2012,20,20,19.8,20,892800
19/04/2012,19.9,20,19.9,19.9,836300
20/04/2012,19.9,20,19.9,20,1259000
23/04/2012,19.85,21,19.85,21,5023700
25/04/2012,21,21.75,21,21,9386700
26/04/2012,20.5,21.25,20.5,20.75,2374100
27/04/2012,21,21,20.5,20.5,2848700
30/04/2012,20.75,21,20.5,20.75,150600
02/05/2012,20.75,21,20.75,20.75,4898900
03/05/2012,20.75,21,20.25,20.5,1075700
04/05/2012,21,21,20.25,20.5,3496200
07/05/2012,20.25,21,20.25,21,6784800
08/05/2012,21,21,20.5,20.75,447500
09/05/2012,20.75,20.75,20,20.5,937900
10/05/2012,20.5,20.5,20,20,531800
11/05/2012,20.5,20.5,20,20.25,546200
14/05/2012,20.25,21,20.25,20.75,1282700
15/05/2012,20.75,21,20.75,20.75,2433200
16/05/2012,20.75,21,20.5,20.5,3860400
17/05/2012,20.25,21,20.25,20.75,1030100
18/05/2012,20.75,21,20.25,20.5,3234900
21/05/2012,21,21,20.5,20.75,2723500
22/05/2012,20.75,20.75,20.5,20.5,961800
23/05/2012,20.75,20.75,20.5,20.5,2186900
24/05/2012,20.5,21,20.5,20.75,1684500
25/05/2012,21,21.5,21,21.25,420800
28/05/2012,21.25,21.75,21,21.25,742400
29/05/2012,21,21.5,21,21,1747700
30/05/2012,21.5,21.5,21,21.25,3948800
31/05/2012,21.25,21.25,20.75,21,1519700
04/06/2012,20.75,21,20.5,20.75,1310200
05/06/2012,20.5,20.75,20,20.75,262200
06/06/2012,20.25,20.75,20.25,20.75,601100
07/06/2012,20.25,20.75,20.25,20.25,969900
08/06/2012,20.75,20.75,20,20,2149200
11/06/2012,20.25,20.5,19.9,20.25,477500
12/06/2012,20.25,20.75,20.25,20.5,2306700
13/06/2012,20.5,21.5,20.5,21.5,16159000
14/06/2012,21.5,21.75,21,21.25,334700
15/06/2012,21.5,22.5,21.5,22,1005400
18/06/2012,22,22.5,21.75,22.5,1386900
19/06/2012,22.5,23,22.5,22.75,1973700
20/06/2012,22.75,23,22.75,22.75,1139600
21/06/2012,22.75,23.25,22.75,22.75,1729300
22/06/2012,22.75,23,22.5,22.75,1019700
25/06/2012,22.75,22.75,21.5,22,1139900
26/06/2012,22,22.75,21,21.5,2326000
27/06/2012,21.75,21.75,20.75,21.75,19699000
28/06/2012,21,21.5,21,21.25,132800
29/06/2012,21.25,21.5,21.25,21.25,1028800
02/07/2012,21,22,21,21.75,206200
03/07/2012,21.75,22,21,21,7478300
04/07/2012,22,22,21.25,21.75,5199000
05/07/2012,22,22,21.25,21.25,1514900
06/07/2012,22,22,21.25,21.25,1780100
09/07/2012,21.5,22,21,21.5,109000
10/07/2012,21.25,22,21,21.75,337000
11/07/2012,21.5,22,21.5,21.5,894200
12/07/2012,21.5,22.5,21.5,22.5,3444700
13/07/2012,22.25,22.25,21.5,21.5,115300
16/07/2012,21.5,21.75,21.5,21.5,1372900
17/07/2012,22,22,21.5,21.75,431500
18/07/2012,22,22,21.5,21.75,189600
19/07/2012,22,22.25,21.75,22,1876400
20/07/2012,22,22.5,22,22.25,327500
23/07/2012,22.25,22.5,22.25,22.25,106900
24/07/2012,22.5,22.75,22.25,22.5,2071800
25/07/2012,22.75,23,22.75,22.75,3659900
26/07/2012,22.5,23,22.5,22.75,564100
27/07/2012,23,23,22.5,22.5,1174600
30/07/2012,22.5,22.75,21.75,22.25,1521500
31/07/2012,22,22,21.5,21.5,686600
01/08/2012,21.5,21.75,21.25,21.5,3677100
02/08/2012,21.75,21.75,21.25,21.25,2864200
03/08/2012,21.5,21.5,21,21.25,1403200
06/08/2012,21.25,21.5,21,21.25,2372000
07/08/2012,21.25,21.5,21,21,1163100
08/08/2012,21.5,21.5,21.25,21.25,5116500
09/08/2012,21,21.5,21,21.25,7879200
10/08/2012,21.25,21.5,21,21.25,5437200
13/08/2012,21.25,21.75,21,21.5,2846700
14/08/2012,21.5,21.75,21.25,21.5,1158900
15/08/2012,21.5,21.5,21.25,21.25,1681300
16/08/2012,21.25,21.5,21.25,21.25,363400
17/08/2012,21.25,21.5,21,21.25,6989000
21/08/2012,21.25,21.5,21,21,74900
22/08/2012,21,21.25,21,21.25,88600
23/08/2012,21.25,21.75,21.25,21.75,3991200
24/08/2012,22,22,21.5,21.5,345100
27/08/2012,21.5,22,21.5,21.75,778300
28/08/2012,21.75,22,21.75,21.75,533200
29/08/2012,22,22.25,21.75,22,1544900
30/08/2012,22.5,23,22.25,22.5,1851500
31/08/2012,22.5,23,22.5,22.5,574800
03/09/2012,22.5,23.25,22.5,23,734100
04/09/2012,23,23.75,23,23.5,391400
05/09/2012,23.75,24,23,23,1220900
06/09/2012,23.5,23.5,22,23,688400
07/09/2012,22.5,23,22,22,292400
10/09/2012,22.25,23,21.75,22.5,1161200
11/09/2012,22.5,23.75,22.5,23.5,1512000
12/09/2012,23.5,24,23.25,23.5,1354800
13/09/2012,23.5,24,23.5,24,778100
14/09/2012,23.5,24.25,23.5,23.75,2235700
17/09/2012,24,24,23.5,23.5,514300
18/09/2012,24,24.25,23.5,23.5,1397300
19/09/2012,24,24,23,23.75,1924900
20/09/2012,23.75,23.75,23,23,2420000
21/09/2012,23.75,23.75,23,23.5,2982100
24/09/2012,23.5,23.75,23.5,23.5,1302200
25/09/2012,23.5,23.75,23.5,23.75,612300
26/09/2012,23.75,24,23.5,23.5,2735700
27/09/2012,23.5,23.75,22.5,23,3644300
28/09/2012,23.5,23.5,22.5,23,379400
01/10/2012,23,23,22.5,23,1279600
02/10/2012,23,23,22.5,22.75,106200
03/10/2012,23,23,22.5,22.75,4709800
04/10/2012,23.25,23.5,22.75,23.5,378700
05/10/2012,23.25,23.75,23,23.5,3081600
08/10/2012,23.25,23.5,23.25,23.25,1724600
09/10/2012,23.25,23.5,23,23.25,592900
10/10/2012,23,23.25,23,23,5197500
11/10/2012,23,23.5,23,23.25,2365000
12/10/2012,23.5,23.5,23.25,23.5,119300
15/10/2012,23,24,23,23.5,1030200
16/10/2012,23.5,23.75,23,23.25,1049800
17/10/2012,23.25,24,23.25,24,2965800
18/10/2012,24,24.25,23.75,24,3561800
19/10/2012,23.75,24.25,23.5,23.75,4876200
22/10/2012,23.5,24,23.25,23.5,6031500
23/10/2012,23.5,24,23.5,23.5,2821600
24/10/2012,23.5,23.75,23.25,23.5,3080400
25/10/2012,23.5,23.5,23,23.5,2088700
26/10/2012,23.5,23.75,23.25,23.5,7048700
29/10/2012,23.5,24,23.5,23.75,450500
30/10/2012,24,24.5,23.75,24.5,1888500
31/10/2012,24.5,25,24.25,24.25,2148600
01/11/2012,24.25,24.5,24,24.25,3044600
02/11/2012,24.5,24.5,23.75,24.25,4334700
05/11/2012,23.75,24.5,23.75,24.25,1333500
06/11/2012,24.5,24.75,24,24.25,2809700
07/11/2012,24.5,24.75,24.25,24.5,6077500
08/11/2012,24.5,24.5,24.25,24.5,534600
09/11/2012,24.25,24.75,24.25,24.5,173700
12/11/2012,24.5,24.75,24.25,24.5,78800
13/11/2012,24.25,25,24.25,25,4528400
14/11/2012,24.5,25.25,24.5,25,985000
15/11/2012,24.75,25.25,24.75,25.25,1165900
16/11/2012,25,25.25,24.75,24.75,86200
19/11/2012,24.75,25,24.5,24.5,3485400
20/11/2012,24.5,24.75,24.25,24.5,3090700
21/11/2012,24.5,24.5,24,24.25,4586300
22/11/2012,24,24,22.25,23.75,6291300
23/11/2012,23.25,24.5,23.25,24.5,4103200
26/11/2012,24,24.5,23.75,24,1888700
27/11/2012,24.25,24.5,24,24,1546300
28/11/2012,24,24.5,24,24.5,2007500
29/11/2012,24,24.25,23.5,24,971800
30/11/2012,23.75,23.75,23.25,23.25,33700
03/12/2012,23.75,23.75,22.75,23,522400
04/12/2012,23,23.5,23,23,1109200
05/12/2012,23.25,23.5,23,23.25,2139100
06/12/2012,23.25,23.5,23,23.25,1231800
07/12/2012,23.25,23.5,23,23.5,628200
10/12/2012,23,23.75,23,23.5,408100
11/12/2012,23,23.75,23,23.75,1707100
13/12/2012,23.25,24,23.25,23.75,7571800
14/12/2012,23,23.75,23,23.5,2412700
17/12/2012,23.5,23.75,23.25,23.5,667400
18/12/2012,23.25,23.75,23.25,23.5,668800
19/12/2012,23.5,23.75,23.5,23.75,153800
20/12/2012,23.75,24.25,23.5,23.75,1949800
21/12/2012,23.75,24,23,23,424300
24/12/2012,23.75,24,23.5,23.75,488300
27/12/2012,23.75,24,23.5,23.75,216700
28/12/2012,24,24,23.75,23.75,692200
31/12/2012,23.75,24,23.75,23.75,251900
02/01/2013,23.75,24,23.75,24,118500
03/01/2013,23.75,24,23.75,23.75,119800
04/01/2013,23.75,24.25,23.75,24.25,217500
07/01/2013,24,24,23.75,23.75,85200
08/01/2013,24,24.5,23.75,24.5,261800
09/01/2013,24,26.25,24,26,326300
10/01/2013,25.5,26.5,25.5,25.75,169600
11/01/2013,25.75,26,25.5,25.75,1401400
14/01/2013,25.75,26,25.75,25.75,644200
15/01/2013,26,27,26,27,631800
16/01/2013,27,28,26.75,27.25,1199100
17/01/2013,27.5,27.5,26,26.25,1174700
18/01/2013,26.75,26.75,25.5,25.75,297800
21/01/2013,26,26,25.5,25.75,775800
22/01/2013,25.5,26.25,25.5,26,1873600
23/01/2013,26,26.25,25.5,25.5,606700
24/01/2013,25.5,26,25.5,26,595400
25/01/2013,26,26.25,25.75,26,1354800
28/01/2013,26,26.5,26,26.25,100400
29/01/2013,26.5,26.5,26,26.25,1207500
30/01/2013,26,26.5,26,26.5,1174100
31/01/2013,26,27,26,27,879200
01/02/2013,26.5,27,26,26.75,194800
04/02/2013,26.75,27,26.5,26.75,405400
05/02/2013,26.75,27.25,26.5,26.75,2094000
06/02/2013,26.75,27.25,26.75,27,529500
07/02/2013,27.25,27.5,27.25,27.25,1170800
08/02/2013,27.5,27.75,27.25,27.75,1779400
11/02/2013,28,28,27.5,27.75,832400
12/02/2013,27.5,28,27.5,27.75,946000
13/02/2013,27.75,28,27.75,27.75,167300
14/02/2013,27.75,28,27.75,27.75,1219600
15/02/2013,28,28.75,27.75,28.75,959000
18/02/2013,28,28,27.25,27.5,197000
19/02/2013,27.5,27.75,27,27.5,3066200
20/02/2013,27,27.75,27,27.25,2262500
21/02/2013,27.25,27.25,27,27,1864300
22/02/2013,27.25,27.25,26.5,27,146400
25/02/2013,26,27,26,26.75,802500
26/02/2013,26.75,27.25,26.75,27,155400
27/02/2013,27,28,27,28,1626400
28/02/2013,28,28.5,28,28.5,485300
01/03/2013,28.25,28.5,28.25,28.25,1793800
05/03/2013,28.5,29.75,28.25,29.75,1018200
06/03/2013,30,31.25,29.5,30,530300
07/03/2013,30,30,29.5,29.75,538500
08/03/2013,30,30.5,29.75,30.25,2727800
11/03/2013,30.5,33,30,31.25,3244900
12/03/2013,33.5,34.25,33,33.5,1197600
13/03/2013,33.5,33.5,31,31.25,6576000
14/03/2013,31.25,31.75,30.5,30.5,1565500
15/03/2013,31,31,29.25,30,7827300
18/03/2013,29.5,30.75,28.5,29.25,464500
19/03/2013,29.25,30.5,29.25,30,6370400
20/03/2013,30,30.75,30,30.25,2223600
21/03/2013,30,30.25,30,30,6750500
22/03/2013,30.25,30.25,30,30,1251400
25/03/2013,30,30.5,30,30.25,632200
26/03/2013,30.25,32,30.25,32,726200
27/03/2013,32,33.5,32,33.5,2069800
28/03/2013,33.5,35,32.5,32.75,1689300
02/04/2013,33.5,36.5,33.5,36,898000
03/04/2013,35.75,36.5,35,35.5,2442100
04/04/2013,35.25,35.5,34,35.5,1066200
05/04/2013,34.25,35.5,34,35,527700
08/04/2013,34.75,36,34.75,36,349400
10/04/2013,35.75,36,35.5,35.75,1056800
11/04/2013,35.75,36,34.75,34.75,1520700
12/04/2013,35,35.25,34,35,1176600
15/04/2013,35,35,34,34.75,332100
16/04/2013,34.5,35,33.5,33.75,656100
17/04/2013,34,34,33,34,3529900
18/04/2013,34,34,32.75,32.75,1567300
19/04/2013,33,33.25,32.75,33,494400
22/04/2013,33,33.25,32.75,32.75,331100
23/04/2013,32.5,33,32,32.25,91100
24/04/2013,32.75,33,32.5,32.75,2743600
25/04/2013,32.75,33,32.25,32.5,2352600
26/04/2013,32.5,32.75,32,32,331900
29/04/2013,32.25,32.5,31.5,32,806200
30/04/2013,31.5,32,30,31.5,2160900
02/05/2013,31.5,31.75,31,31.25,493300
03/05/2013,31.5,31.5,31,31,6511200
06/05/2013,31.5,31.5,31,31,1017300
07/05/2013,31.25,32,31.25,32,5079300
08/05/2013,31.75,34,31.75,32.5,2465100
09/05/2013,33,34,32.75,33.75,870800
10/05/2013,33.5,34,33.25,33.25,1407800
13/05/2013,33.5,33.5,33,33.25,1275800
14/05/2013,33.25,33.25,32.5,33,253700
15/05/2013,32.75,34,32.75,34,3696600
16/05/2013,34,35,34,35,1333000
17/05/2013,35,35,34.75,34.75,1519000
20/05/2013,35,35.25,34.75,35,111300
21/05/2013,35,35.5,34.75,35.25,847600
22/05/2013,35.25,35.25,35,35,1187000
23/05/2013,35.25,35.5,35,35.5,548800
24/05/2013,35,35.5,35,35.25,344600
27/05/2013,35.5,35.75,35.25,35.75,141500
28/05/2013,35.5,36.5,35.5,36,723700
29/05/2013,36,36.25,35,35.75,258400
30/05/2013,35.75,36,35.5,35.5,360500
31/05/2013,36,36.25,36,36,3148600
03/06/2013,35.75,36,35.5,35.5,1527300
04/06/2013,35.75,35.75,35.5,35.75,4087100
05/06/2013,35.75,36,35,35.25,555600
06/06/2013,35.25,35.5,34,34.75,1978300
07/06/2013,34,35,34,34.5,4391300
10/06/2013,34.75,35,34.25,34.75,610700
11/06/2013,34.5,34.75,33.75,34,2194800
12/06/2013,34,34,32.5,32.75,2134300
13/06/2013,33.75,33.75,32.5,32.75,836100
14/06/2013,33,33,31.25,32,524600
17/06/2013,32,32,31,31,703500
18/06/2013,31.25,32.5,31.25,32,6948600
19/06/2013,32,34.5,32,34.5,3278800
20/06/2013,33.25,34.5,33,33.5,3211900
21/06/2013,33.5,34,32,32,3024100
24/06/2013,32,33.5,31.25,31.5,6084800
25/06/2013,32.5,32.5,31.5,32,3275300
26/06/2013,31.75,32,31.25,31.25,2039300
27/06/2013,31.5,32,31.5,31.75,845500
28/06/2013,31.75,32,31.25,31.25,632200
01/07/2013,31.25,31.5,31,31.25,3991700
02/07/2013,31.25,31.75,31,31.5,3004500
03/07/2013,31.5,32,31.25,31.75,4259600
04/07/2013,31.75,32,31.5,31.75,61100
05/07/2013,31.5,32.5,31.5,32.5,2001300
08/07/2013,32.25,34,32.25,33.5,190600
09/07/2013,33.25,34.25,33.25,33.75,3152400
10/07/2013,33.75,33.75,33,33.25,637300
11/07/2013,33,34,33,33.75,2302700
12/07/2013,33.5,34,33.5,33.5,1358100
15/07/2013,34,34,33.5,33.5,557300
16/07/2013,33.75,33.75,33.25,33.75,2279400
17/07/2013,34,34,33.5,33.75,2684600
18/07/2013,33.75,34.25,33.5,34,2424000
19/07/2013,34,34,33.5,33.75,1507300
22/07/2013,33.75,34.25,33.25,33.75,1418200
23/07/2013,34,34,33.25,33.5,570100
24/07/2013,33.75,33.75,33.25,33.25,4619800
25/07/2013,33.25,33.75,33,33.75,738200
26/07/2013,33.5,34,33.5,33.75,1521900
29/07/2013,34,34,33.5,33.75,450000
30/07/2013,33.5,34,32.75,33.5,2629800
31/07/2013,33.25,33.5,33,33.5,325600
01/08/2013,33,33.5,33,33.25,488100
02/08/2013,33,33.25,33,33.25,840600
05/08/2013,33.25,33.5,33,33.5,1917800
06/08/2013,33.5,34,33.25,33.75,513000
07/08/2013,33.5,34,33.5,33.75,143300
08/08/2013,33.75,34,33.75,34,616200
12/08/2013,34,34.25,33.75,33.75,1385700
13/08/2013,34,34,33.75,34,446900
14/08/2013,34,34.5,33.75,34.25,832500
15/08/2013,34,35,34,35,1117800
16/08/2013,34.75,35.75,34.5,35.75,7848800
19/08/2013,35,35.5,35,35.25,1589900
20/08/2013,35,35.25,34.5,34.75,1473300
21/08/2013,34.75,35.25,34.5,34.75,580100
22/08/2013,34.75,34.75,34.25,34.5,2619100
23/08/2013,34.75,35,34,34.25,1441000
26/08/2013,34.5,34.75,34,34,14034700
27/08/2013,34.5,34.5,33.75,34,852300
28/08/2013,33.5,34,33,33,2123000
29/08/2013,32,33.5,30.5,33,6182300
30/08/2013,33,33,32.25,33,4201600
02/09/2013,32.75,34,32.5,34,75600
03/09/2013,33.25,34,33.25,34,498400
04/09/2013,33.75,35,33.75,34.25,3604900
05/09/2013,34,34.5,34,34,3239200
06/09/2013,34,34.25,33.25,33.5,3122000
09/09/2013,33.5,33.75,33,33.5,5496400
10/09/2013,33.5,33.75,33.5,33.5,272500
11/09/2013,33.5,33.75,33.25,33.5,1743100
12/09/2013,33.25,33.75,33.25,33.25,1333700
13/09/2013,33.25,33.5,33,33.5,1589000
16/09/2013,33.25,33.75,33.25,33.5,649900
17/09/2013,33.25,34,33.25,33.25,3536800
18/09/2013,33.5,33.5,33.25,33.25,2326100
19/09/2013,33.25,34,33,34,1903900
20/09/2013,33.5,34.25,33.5,34,2065900
23/09/2013,33.75,34.5,33.5,34.5,444700
24/09/2013,34,34.5,34,34.5,1879500
25/09/2013,34,34.25,33.75,34,390600
26/09/2013,34,34.5,34,34.5,951000
27/09/2013,34.5,34.5,34,34.25,833700
30/09/2013,34.5,34.5,34,34,1680500
02/10/2013,34,34.25,33.5,33.75,5046200
03/10/2013,33.75,34.25,33.75,33.75,720600
04/10/2013,34,34.75,34,34.5,3115200
07/10/2013,34.5,36,34.5,35.75,3550900
08/10/2013,35.75,38,35.75,36.25,6116100
09/10/2013,35.75,36.5,35.75,36.25,2326200
10/10/2013,36.25,36.75,36.25,36.5,1907100
11/10/2013,36.5,36.5,36,36,2622900
14/10/2013,38.75,38.75,36,36.25,1546000
15/10/2013,36.25,36.25,35.75,35.75,2211700
16/10/2013,35.75,36,35.75,36,316800
17/10/2013,36,36,35.75,36,312700
18/10/2013,35.75,36,35.75,35.75,946500
22/10/2013,35.75,36.5,35,35,483800
23/10/2013,35,35.75,34.75,35.5,3775800
24/10/2013,35,36,35,35,3023900
25/10/2013,35,35.25,34.75,35,2783900
28/10/2013,35,35.25,34.75,35,2038600
30/10/2013,34.75,36,34.75,35.5,7396200
31/10/2013,35.25,35.75,35.25,35.5,5171500
01/11/2013,35.5,36,35.5,36,993200
04/11/2013,35.75,35.75,34.5,35,4796800
05/11/2013,34.75,35,34.75,35,1074700
06/11/2013,35,35,34.75,34.75,1691900
07/11/2013,34,34.75,34,34.75,187400
08/11/2013,34.25,35.25,34,34.25,152000
11/11/2013,34.25,34.5,34,34.5,347600
12/11/2013,34.25,35,34,34.75,1359300
13/11/2013,34.25,35,34.25,35,559600
14/11/2013,35,35.25,34.75,35.25,1326500
15/11/2013,35,35.5,35,35.5,507600
18/11/2013,35.5,36.75,35.25,35.5,1976600
19/11/2013,35.5,35.75,35.5,35.75,989400
20/11/2013,35.75,35.75,35.25,35.75,1414900
21/11/2013,35.75,35.75,35.25,35.25,2601700
22/11/2013,35.5,35.5,34.75,35.25,677200
25/11/2013,35.25,35.5,34.75,34.75,1187700
26/11/2013,35,36,34.75,36,3509600
27/11/2013,35.25,35.5,35.25,35.5,377200
28/11/2013,35.5,35.75,35.5,35.5,928600
29/11/2013,35.5,35.75,35.25,35.25,291400
02/12/2013,35.5,35.5,35,35,440900
03/12/2013,35,35.25,35,35,3999000
04/12/2013,35,35,34,34.25,1740500
05/12/2013,34.25,34.5,33.5,34,2013800
06/12/2013,34,34,32.75,33.75,396300
09/12/2013,35.25,35.25,33.5,33.75,1025000
10/12/2013,32.75,34,32.75,33.5,2298200
11/12/2013,33.5,34,33.25,33.5,871200
16/12/2013,34,34.5,33.25,33.25,2135500
17/12/2013,33.25,33.5,32.5,32.75,2705500
18/12/2013,33,33,32,32,774800
19/12/2013,32.5,32.75,32,32.25,741600
20/12/2013,33,33,30.5,30.75,1996500
23/12/2013,32,32,30.75,31.5,1582300
24/12/2013,31,31.5,30.5,30.75,1498800
27/12/2013,31.5,31.5,30.75,31,1383400
30/12/2013,31.25,31.75,30.75,31,3468700
31/12/2013,32,32,30,30.75,1931400
02/01/2014,31,31.5,31,31.5,3561700
03/01/2014,31.5,33.25,31.5,33,1208200
06/01/2014,33,33.25,32.75,33.25,1449300
07/01/2014,33.25,35,33,34.75,936600
08/01/2014,35,35,34,34.25,518500
09/01/2014,34.25,34.5,33.75,34,2456600
10/01/2014,34.25,34.25,33,33,1527800
13/01/2014,34,34.25,33,34,319700
14/01/2014,34,34.5,33.25,33.25,4175800
15/01/2014,33.25,33.5,32.75,32.75,3577600
16/01/2014,33.25,33.5,32.75,33,782400
17/01/2014,33,33,32,32.5,1675700
20/01/2014,32.5,33,31.75,32.75,6074000
21/01/2014,33,33.5,32.75,33,4584200
22/01/2014,33,33.5,32.25,32.5,1132100
23/01/2014,32.5,33,32,32.5,6096000
24/01/2014,32.5,33,32.5,32.75,1908800
27/01/2014,33,33.5,32.25,33,1158600
28/01/2014,33,33,32.5,32.75,1093800
29/01/2014,32.75,33,32,32.75,3915200
30/01/2014,32.5,32.5,31,31,3079200
31/01/2014,31.5,31.5,30,30.75,751300
03/02/2014,30.5,30.5,29.5,30.5,3624500
04/02/2014,30,32,30,31.25,4306300
05/02/2014,31.5,32,31.5,31.75,848000
06/02/2014,32,32.5,31.25,31.5,1909300
07/02/2014,31.5,32,31.25,32,3671200
10/02/2014,32,32.5,31.75,32.5,418200
11/02/2014,32.5,33.25,32.5,33,7715000
12/02/2014,33,34,33,33.25,6787100
13/02/2014,33,34.5,33,33,2816400
14/02/2014,33,33.5,32.5,32.75,773900
17/02/2014,32.75,32.75,32,32,276100
18/02/2014,32.25,32.75,32,32.25,955600
19/02/2014,32.5,32.75,32,32.25,2489700
20/02/2014,32,33,32,32.25,4952200
21/02/2014,32.5,32.5,31.5,31.5,1950100
24/02/2014,32,32.25,31.5,32,642900
25/02/2014,32,32.75,31.75,32.75,8114800
26/02/2014,33,33,31.75,32,3286000
27/02/2014,32,32,31.75,32,2933000
28/02/2014,32,33,32,32.25,4025100
03/03/2014,32.75,33,32,32.25,2451700
04/03/2014,32.25,32.25,32,32,363200
05/03/2014,32.25,32.25,32,32,5052100
06/03/2014,32,34,32,33.5,534700
07/03/2014,33.5,33.75,33.25,33.5,2143500
10/03/2014,33.5,33.75,33.5,33.75,890800
11/03/2014,33.5,33.75,33.25,33.25,631300
12/03/2014,33.75,33.75,33.25,33.5,5270400
13/03/2014,33.75,34,33.5,33.5,1331600
14/03/2014,34,34.5,33.5,34.5,1708300
17/03/2014,33,33,31,31.75,2873500
18/03/2014,31.75,31.75,31,31.25,4423900
19/03/2014,31.5,31.75,31.25,31.5,4175800
20/03/2014,31.25,32,31,31.75,1419100
21/03/2014,32.5,32.5,31.75,32.25,2743900
24/03/2014,32,32.5,32,32,1314900
25/03/2014,32.25,32.25,31.75,32,985500
26/03/2014,32,32,31.5,32,218700
27/03/2014,32,32,31.5,31.75,736400
28/03/2014,31.75,32.25,31.75,32.25,3001700
31/03/2014,31.75,32.5,31.5,31.75,1826200
01/04/2014,31.75,32,31.5,31.5,712600
02/04/2014,31.5,31.75,31.5,31.75,1711500
03/04/2014,31.75,32,31.5,32,1021700
04/04/2014,31.75,32,31.5,31.75,7912700
07/04/2014,32,32.5,31.75,32,1877800
08/04/2014,31.75,32.5,31.75,32,5692500
09/04/2014,32,32.25,32,32.25,997900
10/04/2014,32.25,32.25,31.75,32,735500
11/04/2014,32,32.5,32,32.25,1308600
14/04/2014,32,33,32,32.5,1083100
15/04/2014,32.5,32.75,31.5,32,1117600
16/04/2014,32,32.5,32,32.25,1933200
17/04/2014,32.5,33.5,32.25,33.5,3875500
22/04/2014,33,34.75,33,34.5,2951100
23/04/2014,34.5,36.25,34.5,35.25,10513000
24/04/2014,35,36,35,36,5573800
25/04/2014,36,36.75,35.75,36.75,2497300
28/04/2014,36.5,38,36.5,37.5,2316200
29/04/2014,37.5,39.75,37.5,39.5,6625900
30/04/2014,39.25,39.5,38,38.5,2092500
02/05/2014,38,39,38,39,6631000
05/05/2014,38.25,39.5,38.25,38.5,987800
06/05/2014,39,39.5,38.5,39.25,10113000
07/05/2014,39,39.5,38.5,39.5,2510800
08/05/2014,39,42,39,42,10748000
09/05/2014,42,42.25,40.5,40.75,3202700
12/05/2014,40.75,41.5,40,40.5,2989700
13/05/2014,39.75,41,39.75,40.75,11083100
14/05/2014,40.75,40.75,40,40,273700
15/05/2014,40,40,39.5,39.75,11443800
16/05/2014,39.5,40,38.5,38.5,510100
19/05/2014,38.25,38.5,37.5,38,1474900
20/05/2014,37.75,38.5,37.25,38.5,1691300
21/05/2014,38,38.75,37.75,38,2092000
22/05/2014,38,39.75,38,39.5,17253900
23/05/2014,39.5,40.5,39,40.5,2101400
26/05/2014,39.75,40.75,39.75,40.25,685600
27/05/2014,40.25,41,40,40.25,977500
28/05/2014,40.25,40.75,40.25,40.75,2349100
29/05/2014,40.75,41.75,40.5,41.25,3704600
30/05/2014,41,42.5,41,41.25,8634900
03/06/2014,41.75,41.75,41,41,6820500
04/06/2014,41.5,41.75,40.5,41.75,3051900
05/06/2014,41.75,42,41.5,41.75,3322100
06/06/2014,42,42,41.5,41.75,2287300
09/06/2014,41.75,42.75,41.75,42.5,818600
10/06/2014,42.75,45.5,42.25,42.5,2380000
11/06/2014,42.5,43,42,42.75,3396400
12/06/2014,42.5,43,42,42.25,1218900
13/06/2014,42,43.5,42,43,3377500
16/06/2014,43,44,42.75,43.5,2273300
17/06/2014,43,43.75,43,43.5,945600
18/06/2014,43.5,45,43.5,44.25,1833900
19/06/2014,44.5,45,44.25,44.5,6227500
20/06/2014,44.75,44.75,44,44.25,1510500
23/06/2014,44,44.5,44,44.5,3029000
24/06/2014,44.5,44.5,44,44.25,3931000
25/06/2014,44.25,45,44.25,45,3378300
26/06/2014,44.75,45.5,44.75,45.5,2134100
27/06/2014,45,46,45,45.75,2686100
30/06/2014,45.5,47,45.25,47,1014100
01/07/2014,47,48,46.25,48,764000
02/07/2014,47.75,50,46.5,46.5,1597200
03/07/2014,47.25,47.25,45.75,46.25,2440300
04/07/2014,46,46.75,45,45,497500
07/07/2014,45,45,44.5,44.75,310400
08/07/2014,44.75,45.5,44.75,45,4149800
09/07/2014,45,45,44.5,44.75,9487300
10/07/2014,44.75,44.75,44,44.5,2228600
11/07/2014,44.5,44.5,43,43.75,4437800
14/07/2014,43.5,45.5,43.5,45.5,755100
15/07/2014,45,45.75,44.75,45.25,4924800
16/07/2014,45,45.75,44,45.75,4131900
17/07/2014,45.5,46.25,45.5,46,3791800
18/07/2014,46.25,46.5,46,46,407800
21/07/2014,46,47,45.25,45.5,1315600
22/07/2014,46,46,45.5,45.75,1775900
23/07/2014,45.75,45.75,45,45.5,2235200
24/07/2014,45.75,45.75,43.5,43.5,2119600
25/07/2014,45.5,45.5,43,45,700900
28/07/2014,44.75,45.25,44.25,45,636500
30/07/2014,45.25,46,45,45.25,894300
31/07/2014,45.5,46,44,46,827100
01/08/2014,45.5,46.25,45.25,46,936700
04/08/2014,46,47,45.75,46.25,3596200
05/08/2014,46,46.5,46,46.25,698300
06/08/2014,46.25,46.5,46.25,46.5,641700
07/08/2014,46.5,46.5,46,46.25,1072400
08/08/2014,46.25,46.25,45.75,46,658100
11/08/2014,46,46.25,45.5,45.5,982000
12/08/2014,46,46,45,45,396600
13/08/2014,46,46,45,45.25,592200
14/08/2014,45.5,46,45,45.5,3129000
15/08/2014,45.25,46.25,45.25,46.25,3272000
18/08/2014,46.25,46.5,45.25,45.5,1576900
19/08/2014,45.5,46,45.5,46,1091100
20/08/2014,46,46.25,45.75,46.25,1025400
21/08/2014,46,46.25,45.5,45.5,705100
22/08/2014,45.5,46.25,45.5,46.25,597400
25/08/2014,46.25,46.25,46,46,1025300
26/08/2014,45.75,46.25,45.75,46,408200
27/08/2014,46,46.5,45.75,46,754900
28/08/2014,46,46.25,46,46,531700
29/08/2014,46,47,46,47,298000
01/09/2014,47.25,49.5,47,49,1036200
02/09/2014,48,49,48,48.75,1460500
03/09/2014,49.25,49.25,48,48.75,1380200
04/09/2014,48.75,49,48,48.5,3663500
05/09/2014,48.5,48.5,47.75,48,305000
08/09/2014,48,48.5,47.5,47.75,627900
09/09/2014,48.25,48.5,47.75,48,1486200
10/09/2014,48,48.5,48,48.25,894100
11/09/2014,48.25,50,48.25,49,529100
12/09/2014,49,52.5,49,51.5,2341900
15/09/2014,51.5,54,51.5,52.5,3253700
16/09/2014,53,54,50.5,52,2678600
17/09/2014,52,53.5,50,53,1503900
18/09/2014,53,56.5,53,56.5,2953400
19/09/2014,57,59.5,56,57.5,2070900
22/09/2014,59,60,57.5,57.5,4430400
23/09/2014,60,63,55,55.5,3498800
24/09/2014,57,57.5,53.5,56,3297500
25/09/2014,55,55,50,52.5,2969300
26/09/2014,54,54,52.5,53.5,977800
29/09/2014,53.5,54,53,53.5,1191000
30/09/2014,54,54,51,51.5,6175300
01/10/2014,52.5,52.5,50,50,7560900
02/10/2014,50.5,51,49.5,51,1852400
03/10/2014,50.5,53,50.5,51,1115000
06/10/2014,50.5,52,50.5,51,1690300
07/10/2014,51,51.5,50.5,51,5901200
08/10/2014,51.5,51.5,50,50.5,1992400
09/10/2014,50.5,50.5,49.5,49.75,1205300
10/10/2014,49.5,50,49,49,438300
13/10/2014,49,49.25,48.75,49,1642200
14/10/2014,49,49.25,48.5,48.75,4278400
15/10/2014,49,49.75,49,49.25,2235400
16/10/2014,49.5,51.5,49.5,51,2586900
17/10/2014,51,51.5,50,51,1493300
21/10/2014,51,52,50.5,51,397700
22/10/2014,51,52,50.5,51,1800000
23/10/2014,51,51.5,50.5,51.5,1931900
24/10/2014,51,52,50.5,51,505700
27/10/2014,52,52,50,50,1012300
28/10/2014,51,51,50.5,51,4755800
29/10/2014,51,51.5,50.5,51,4363100
30/10/2014,51,51.5,50.5,51,5550900
31/10/2014,52,52,50,51,2323800
03/11/2014,51,52,50,50,1915000
04/11/2014,50,50,48.5,49,952700
05/11/2014,49,49.5,48,48.25,3420100
06/11/2014,48.25,49,48,48.5,824000
07/11/2014,48.75,49,48.5,48.5,2517200
10/11/2014,48.75,50,48.5,49,737700
11/11/2014,49.5,50,49.25,49.5,513800
12/11/2014,50,51,49.75,50.5,6296300
13/11/2014,50.5,51,50,50,683400
14/11/2014,50.5,51,50,50,2051700
17/11/2014,50,51,50,50,194100
18/11/2014,50.5,50.5,48.5,49.75,169800
19/11/2014,49.75,50,48.5,49,1316300
20/11/2014,49,50,48.25,48.5,1062200
21/11/2014,48.5,48.75,47.5,48,2769300
24/11/2014,48,48,46.25,47,275800
25/11/2014,47,47.25,46,46.5,1491500
26/11/2014,46.5,48.5,46,48.5,2784300
27/11/2014,48.5,50,48,49.75,6496800
28/11/2014,50,50.5,49.5,49.75,2954500
01/12/2014,50,50.5,49.75,50.5,580300
02/12/2014,50,51,49.75,51,1341900
03/12/2014,50,50.5,50,50,1606900
04/12/2014,50.5,50.5,50,50,1115100
05/12/2014,50,51,50,50.5,1801900
08/12/2014,50,52,50,51,6757500
09/12/2014,51,52,50,50.5,1972600
10/12/2014,51,51,50,50.5,3541200
11/12/2014,50.5,51,49.75,50,5608900
15/12/2014,50,51,49.75,51,3571700
16/12/2014,50.5,51.5,50.5,51,13057700
17/12/2014,51,51.5,49.5,49.5,2246600
18/12/2014,50,50,47.5,49.5,2922800
19/12/2014,48.5,50,48,49,1428900
22/12/2014,47.5,49,47,48,1281100
23/12/2014,48,48.25,47,47.5,3609100
24/12/2014,48,48.5,47.75,48,227300
29/12/2014,48.5,51,48,51,833500
30/12/2014,50,51.5,50,51,2549800
31/12/2014,50.5,52,50,50,546600
02/01/2015,51,51,50,51,215900
05/01/2015,50.5,51,49.5,50,326300
06/01/2015,49.75,50,49,49.75,319900
07/01/2015,49,50,49,49.25,1009600
08/01/2015,49.5,50,49,49.5,295200
09/01/2015,49.5,49.75,48.75,49,289300
12/01/2015,49.5,49.5,48.75,49.5,932500
13/01/2015,49,51,49,50.5,509900
14/01/2015,51,52,50,50,1267100
15/01/2015,50.5,51.5,49.75,51,1562700
16/01/2015,51,52,50.5,52,4839500
19/01/2015,52,53,51.5,51.5,353400
20/01/2015,52.5,53,50.5,51.5,2278500
21/01/2015,51.5,52,50,51.5,1061700
22/01/2015,52,53.5,51.5,53,1122600
23/01/2015,53,56,53,54,2582900
26/01/2015,54,55,53,54,1090600
27/01/2015,54.5,54.5,53,53.5,1513100
28/01/2015,55,55,53,54,2310400
29/01/2015,54.5,54.5,53.5,53.5,1138600
30/01/2015,54,54.5,53.5,54.5,368000
02/02/2015,54,54.5,53.5,54,627700
03/02/2015,54,54.5,53.5,53.5,705400
04/02/2015,54,54,53.5,54,739800
05/02/2015,54,54,53,53.5,1133200
06/02/2015,54,54,52.5,53,1109000
09/02/2015,53,53.5,52.5,53,1644400
10/02/2015,52.5,52.5,51.5,51.5,734400
11/02/2015,52.5,53.5,51.5,53.5,433300
12/02/2015,53,54.5,53,54,816200
13/02/2015,53.5,53.5,52.5,53.5,336700
16/02/2015,53.5,55,53,53.5,2191400
17/02/2015,53.5,54,53.5,53.5,643800
18/02/2015,54,54.5,53.5,54,4583000
19/02/2015,53.5,55,54,54.5,799800
20/02/2015,54.5,55,54,55,890300
23/02/2015,54.5,55.5,54,55,3933800
24/02/2015,55,55.5,54.5,55.5,3097800
25/02/2015,55,56.5,55,56.5,3269200
26/02/2015,56.5,56.5,54,54.5,4957400
27/02/2015,55,55.5,53,54,888500
02/03/2015,53.5,54,53,53,1677900
03/03/2015,53.5,54,53,53.5,1339900
04/03/2015,53.5,53.5,52.5,53,1866800
05/03/2015,53,53,50,51.5,6805500
06/03/2015,52.5,53,51,51.5,2976500
09/03/2015,51.5,51.5,50,50.5,3208400
10/03/2015,51,53.5,51,52.5,9023100
11/03/2015,52,53.5,52,52.5,4041600
12/03/2015,52,52.5,51.5,52,3241700
13/03/2015,52,52.5,51.5,52.5,2095400
16/03/2015,52.5,52.5,51.5,51.5,2881700
17/03/2015,51.5,52.5,51.5,52,4698400
18/03/2015,52,52.5,51.5,52.5,819800
19/03/2015,52,53,52,52,1223000
20/03/2015,52,52.5,50,51,1092500
23/03/2015,50,50,47.5,49,1041000
24/03/2015,49,50,49,49.5,3513100
25/03/2015,49.5,50,49.5,49.5,1169300
26/03/2015,49.5,50.5,49.5,50.5,4591100
27/03/2015,50.5,52,50,51.5,1192500
30/03/2015,51,52.5,51,52,1758500
31/03/2015,52,52.5,51,52,2764200
01/04/2015,52,53,50.5,52,7471100
02/04/2015,52.5,52.5,50,51,1551000
07/04/2015,50.5,51,49.5,49.5,1145800
08/04/2015,49.5,49.75,49,49,2690000
09/04/2015,49.25,49.5,46.5,47.5,968700
10/04/2015,47.5,49.5,47.5,48.5,2667300
13/04/2015,48.5,48.5,47.75,48,950800
14/04/2015,48,48.25,47,47.25,1865600
15/04/2015,47.5,47.5,45,45.75,1926000
16/04/2015,46,46.75,46,46.25,2317600
17/04/2015,46.25,47.5,46.25,47.5,1947600
20/04/2015,47.5,48,47.25,48,804600
21/04/2015,48,48.75,48,48.5,2684500
22/04/2015,49.25,49.25,47.75,48.25,1402200
23/04/2015,48.25,50.5,48,50,4059200
24/04/2015,49.5,50.5,49.5,50,5707300
27/04/2015,50.5,50.5,49.5,49.75,554800
28/04/2015,50,50,49.5,49.5,695100
29/04/2015,49.75,50,49.5,49.75,886000
30/04/2015,49.75,50,49,49.75,1216800
04/05/2015,49.25,50,49.25,49.75,2488200
05/05/2015,49.5,49.75,48,48,963700
06/05/2015,49,49,46.75,46.75,1798900
07/05/2015,47,49,45.25,45.5,3660200
08/05/2015,45.5,47.5,45.75,47,854500
11/05/2015,48,48,46.5,47,4213500
12/05/2015,47,48,46.75,48,504500
13/05/2015,47.75,48,46.5,47.75,9592800
14/05/2015,47.5,49,47.5,48,379000
15/05/2015,48,49.5,47.75,48.75,9916200
18/05/2015,49.25,49.5,48.5,49,1001900
19/05/2015,49,50,48,48,399900
20/05/2015,49,49,47.75,48,638500
21/05/2015,47.5,48,47.5,47.5,880800
22/05/2015,48,48,46.5,47,1334100
25/05/2015,47,47.5,46.5,47.25,434700
26/05/2015,47.25,48,47.25,47.75,315800
27/05/2015,48,48,47.5,47.75,4688500
28/05/2015,48,48,47.25,47.5,3674100
29/05/2015,47.75,48,47,47,5439000
02/06/2015,48,48,47.5,48,3172100
03/06/2015,47.75,48,47.5,47.5,6203700
04/06/2015,48,48,47,47,861800
05/06/2015,47.5,47.75,47,47.75,116900
08/06/2015,47,47.75,47,47.5,1733400
09/06/2015,47.25,47.5,47,47,816300
10/06/2015,47,47,46.75,46.75,3031000
11/06/2015,46.75,47,46,46,1788900
12/06/2015,46.5,47,46.25,46.75,753500
15/06/2015,46.75,47,46.5,46.75,150000
16/06/2015,46.5,47,46.25,46.5,1050700
17/06/2015,46.5,46.5,46,46.25,428200
18/06/2015,46.5,46.5,45.75,46,11431000
19/06/2015,46,46,45.75,46,111000
22/06/2015,46,46.25,45.75,46.25,390500
23/06/2015,45.75,46.25,45.75,45.75,274900
24/06/2015,47,47,45.75,46.5,228300
25/06/2015,46,46.25,45.75,46.25,2278300
26/06/2015,46,46.5,46,46.5,4132000
29/06/2015,47,47,46,46.25,2086300
30/06/2015,46.5,47.5,46.25,46.5,156712900
01/07/2015,47.5,47.5,45.75,46,5501700
02/07/2015,47,47,45.25,45.75,328900
03/07/2015,45.75,45.75,45,45.5,3222100
06/07/2015,47,47.5,45.75,47,18830400
07/07/2015,47,47,45.75,46,7864200
08/07/2015,46,46,45,45,3484400
09/07/2015,45,46,44.5,45,8029500
13/07/2015,46.25,46.25,44.75,46,1560800
14/07/2015,45.5,46,45,45.5,427400
15/07/2015,45,47.5,45,45.75,45130900
16/07/2015,45,46,45,45.25,2967000
17/07/2015,45,45.5,44.75,45,1011200
20/07/2015,44.5,45.25,44.5,45,1106200
21/07/2015,45,45,44.5,44.75,431800
22/07/2015,44.75,45.25,44.25,44.5,693900
23/07/2015,44.5,44.5,40.75,42,1000100
24/07/2015,42,44,41.5,42,1903500
27/07/2015,42,42.25,40,41.5,2759500
28/07/2015,41.5,41.5,40.5,41.5,9077900
29/07/2015,41.5,41.5,40.5,40.75,3194900
30/07/2015,40.75,43,40.75,43,224800
31/07/2015,43,43,37,39,10566100
03/08/2015,40,40,37.5,38.75,3652300
04/08/2015,38.25,39.25,38,39,7506100
05/08/2015,39,40,39,39.25,19663400
06/08/2015,40,42.75,39.5,42.5,6280900
07/08/2015,43,44,42.5,44,1478100
10/08/2015,42.75,44,42.5,42.75,2025300
11/08/2015,43.5,43.5,42.75,43,990700
12/08/2015,43,43.25,41.75,42,187400
13/08/2015,42,42.75,41.5,42,2312500
14/08/2015,42.25,42.75,42,42.25,210000
17/08/2015,42.25,42.5,41.75,42,2297600
18/08/2015,42,42,40.5,41.75,893800
19/08/2015,41.75,41.75,40.5,40.75,146600
20/08/2015,41.5,41.75,40,40,81896800
21/08/2015,41,41.75,39.5,40,36755500
24/08/2015,40,40.5,39,39.25,2253200
25/08/2015,40,40,39,39,425200
26/08/2015,39,39,38,38,2276200
27/08/2015,38,38,36.5,37.25,1408800
28/08/2015,38,40,37.5,40,2675000
31/08/2015,39.25,42,39,41.5,1704200
01/09/2015,42,42,41,41.5,2144600
02/09/2015,41.5,42,41,41.5,709700
03/09/2015,41.5,42,41.25,41.5,234600
04/09/2015,41.5,43,41.5,42.5,1418300
07/09/2015,42.5,43,42,42.25,38900
08/09/2015,42.25,44,42,43.5,285100
09/09/2015,43.25,45,43.25,45,975000
10/09/2015,44.5,46,44.5,45.25,1840200
11/09/2015,44.5,45.25,44.5,45.25,1230500
14/09/2015,45,47,45,47,998400
15/09/2015,46.5,48.5,46.5,48.5,2383500
16/09/2015,48,48.5,46.5,47.75,2345900
17/09/2015,47.75,47.75,44.5,45,532500
18/09/2015,45,46,44.5,44.75,3671300
21/09/2015,44.5,45,44,44.5,519700
22/09/2015,44.75,46.5,44.5,46,522700
23/09/2015,45.75,46.5,45.5,46.5,184000
24/09/2015,46,47.25,46,46,2567800
25/09/2015,46.25,47,45.75,46,2827900
28/09/2015,45.5,46,45.5,45.75,1301300
29/09/2015,45.5,45.75,44.25,44.5,556700
30/09/2015,44.75,46,44.75,45.5,597900
01/10/2015,45,45.5,44.75,45,2642300
02/10/2015,44.75,45,44.75,45,4004500
05/10/2015,45,45.5,44.75,45,251900
07/10/2015,45,45.75,44.5,45.5,12791300
08/10/2015,45.25,45.5,45,45,684700
09/10/2015,45,45.5,44.25,44.25,980000
12/10/2015,44.25,45.5,44,44.75,2221300
13/10/2015,44.75,44.75,40.5,40.75,5991900
14/10/2015,43.25,43.25,40,41,24452800
15/10/2015,40.75,42.5,40.75,41,8630100
16/10/2015,41.25,42,41,41.5,5460600
19/10/2015,41.5,42,41,41.25,378300
21/10/2015,41.25,42,41.25,41.5,1386400
22/10/2015,41.5,41.75,41,41,2292200
23/10/2015,41.25,42,41,42,19925100
26/10/2015,41.5,41.75,41,41.25,578400
27/10/2015,41,42,41,41.25,1389400
28/10/2015,41,42,40.5,42,8239800
29/10/2015,42,45,41.25,45,73195000
30/10/2015,41.5,43,41.5,42,1308100
02/11/2015,42.75,42.75,41.75,42,2577000
03/11/2015,42,42,41.5,41.5,1372200
04/11/2015,41.5,42,41.5,41.5,2070700
05/11/2015,41.5,42,41,41.75,27623600
06/11/2015,41.75,42.5,41.5,41.75,1740100
09/11/2015,42,42.5,42,42.25,225400
10/11/2015,42,42.5,42,42.25,3842700
11/11/2015,42.25,42.5,41.75,42,811900
12/11/2015,42.5,42.5,40.5,40.5,337500
13/11/2015,42,42,40,40,882600
16/11/2015,41.5,41.5,40,41.25,8112300
17/11/2015,41,41.75,41,41.75,4405400
18/11/2015,42,42,41.25,42,730900
19/11/2015,42,42.25,41.5,42,1618300
20/11/2015,41.75,42,41.75,42,9729600
23/11/2015,42,42,41.5,42,2623800
24/11/2015,42,42.5,41.5,42,246200
25/11/2015,42,42.5,41.75,41.75,220400
27/11/2015,42,42,41.5,41.5,2471900
30/11/2015,41.75,42,41.5,41.75,3367600
01/12/2015,41.5,42.25,41.5,41.75,472900
02/12/2015,42,42,41.75,41.75,4187000
03/12/2015,41.75,42,41.5,42,847800
04/12/2015,41.75,42,41,41.25,4780600
07/12/2015,41.75,41.75,41.25,41.5,1604200
08/12/2015,41.5,42,41,41.5,4372200
09/12/2015,41.5,41.5,40,41,995000
10/12/2015,41.25,41.5,40.5,41,3459600
11/12/2015,41.5,41.5,40.25,40.25,440200
14/12/2015,40,40.5,39.75,40,287300
15/12/2015,40.75,40.75,39.75,40.5,8359700
16/12/2015,40,43,39,39.25,12156500
17/12/2015,39.5,40,39,39.25,311000
18/12/2015,39.25,40,39,39,4823200
21/12/2015,42,42.25,39,39.75,10573400
22/12/2015,39.5,40.75,39.25,39.75,13583400
23/12/2015,40,40.5,39.75,40.25,18675900
24/12/2015,40.25,41,39.75,41,1031400
28/12/2015,40,41,40,41,4388300
29/12/2015,39.75,40.5,39.75,40,5088300
30/12/2015,39.75,40,39.25,40,16813400
31/12/2015,40,40,40,40,17700
04/01/2016,40,41,40,41,1187600
05/01/2016,40.75,41,39.25,39.25,1040500
06/01/2016,40.75,41,39.75,40,251400
07/01/2016,40.5,41,39,39,2786900
08/01/2016,39.25,40,38,39.5,5387300
11/01/2016,39.5,40,39,39.5,518300
12/01/2016,39,40,38.5,39.75,1585000
13/01/2016,39.25,40,39,39.25,8484200
14/01/2016,39.25,39.75,39,39,2297500
15/01/2016,39.75,40.5,39.5,40.25,711100
18/01/2016,40,40.75,39.75,40,694600
19/01/2016,40,40,39,39,766700
20/01/2016,39.5,39.5,37,39,3697800
21/01/2016,39,39,38,38.25,4485600
22/01/2016,38.5,39,38,38.75,1264800
25/01/2016,39,39,37.5,37.5,4284300
26/01/2016,38,38.25,37.25,37.75,4840600
27/01/2016,38,38,37.5,38,1945100
28/01/2016,38,38.5,37.75,38.5,388900
29/01/2016,38.5,39,38.5,39,539100
02/02/2016,38.75,39,38.75,38.75,878800
03/02/2016,38.75,39.5,38.75,38.75,4471700
04/02/2016,38.75,39,38.5,38.75,515500
05/02/2016,39,39.5,38.5,39,3693400
08/02/2016,39,40,39,39.5,1394800
09/02/2016,39.5,41,39.5,40.25,410000
10/02/2016,40.25,41,40.25,40.75,1243000
11/02/2016,41,41,39.5,41,1373600
12/02/2016,40.5,40.5,39.5,40,1382300
15/02/2016,39.75,40,39.75,40,280600
16/02/2016,40,40.25,39.75,40,783600
17/02/2016,40,40,39,39.75,798600
18/02/2016,39.75,40,39.5,40,1409400
19/02/2016,40,40,39.5,39.75,395700
22/02/2016,39.5,39.75,38.5,39,351500
23/02/2016,39.75,39.75,38.5,39.75,110700
24/02/2016,39.5,39.75,39,39.5,3584700
25/02/2016,39.5,39.5,39,39.25,3520700
26/02/2016,38,40,38,39,760700
29/02/2016,39,40,38.75,39,389900
01/03/2016,40,40,38.75,39.75,774800
02/03/2016,39.25,40.5,39,39.75,5210900
03/03/2016,39.75,43,39.75,43,754300
04/03/2016,41.5,43,41.5,42.75,605800
07/03/2016,42.5,43,42,43,590600
08/03/2016,42.75,42.75,39.75,41.25,2170800
09/03/2016,41.5,42.5,41.25,42,1565200
10/03/2016,41.5,42.25,41.5,42,1626500
11/03/2016,41.75,42,41.5,42,3202900
14/03/2016,42,42,41.5,42,942000
15/03/2016,42,42,41.5,41.75,888200
16/03/2016,41.75,41.75,41.25,41.5,5199600
17/03/2016,41.5,41.75,41.5,41.5,1792600
18/03/2016,41.75,42.25,41.5,42,5194700
21/03/2016,40.5,41.5,38,40.25,1546300
22/03/2016,39.75,41,39.75,40.75,2638500
23/03/2016,40,41.5,40,41.25,3121200
24/03/2016,40.5,41.25,40.5,41,2312600
29/03/2016,40.5,41,39.5,40,1625400
30/03/2016,40,40.5,39.5,40,996900
31/03/2016,40,40.75,40,40,1171200
01/04/2016,40,40.5,40,40.25,1354900
04/04/2016,40.75,40.75,40.25,40.5,243500
05/04/2016,40.25,41,40,41,6997600
06/04/2016,41,41,40.5,41,210200
07/04/2016,41,41.25,40.25,40.5,1020900
08/04/2016,40.25,40.75,40,40.75,3379000
11/04/2016,40,40.5,39.75,40.5,1096800
12/04/2016,40.25,41,40,40.25,4467800
13/04/2016,40.25,40.5,39.75,40,3013900
14/04/2016,40.25,40.25,39.5,39.5,4299600
15/04/2016,39.75,40,39.5,39.5,557100
18/04/2016,39.75,39.75,38.5,39,556400
19/04/2016,39,39,38.75,39,5945500
20/04/2016,39,40,38.75,40,9953800
21/04/2016,39.25,40.5,39,40,2891700
22/04/2016,40.5,41,40,41,1242000
25/04/2016,40,41,40,40,203100
26/04/2016,40,40.25,40,40.25,2573100
27/04/2016,40.25,40.5,39.5,40.25,70000
28/04/2016,39,40.5,39,40.25,329900
29/04/2016,40,40.25,40,40.25,518600
03/05/2016,40,40.5,40,40.25,3865300
04/05/2016,40,40.25,40,40,5074000
05/05/2016,40,40.25,40,40.25,74400
06/05/2016,40,40.25,40,40.25,1780400
09/05/2016,40,40.25,39.75,39.75,2022500
10/05/2016,40,40.25,39.75,40.25,3121900
11/05/2016,40,41,40,40.5,9136400
12/05/2016,40.25,41,40.25,40.5,244800
13/05/2016,40.5,40.5,40,40.25,1227900
16/05/2016,40,40.5,40,40.25,1137200
17/05/2016,39.75,40,39.25,39.5,75800
18/05/2016,39.75,40.25,39.5,40,3804600
19/05/2016,39.5,41,39.5,41,2530100
20/05/2016,40.5,41.75,40.25,41,1642900
23/05/2016,41,41,40.5,40.5,145400
24/05/2016,40.75,40.75,40,40.25,5065400
25/05/2016,40.25,40.25,39.25,39.5,9177000
26/05/2016,39.75,40,38,39,77800
27/05/2016,39,40.5,39,40.5,1516800
30/05/2016,40,40,39.25,39.5,381400
31/05/2016,39.75,40,39.25,39.75,1397100
02/06/2016,39.5,40.5,39.25,40,6231500
03/06/2016,40,40,39.75,40,1037000
06/06/2016,40,40,39.5,39.75,5276800
07/06/2016,40,40.5,39.75,40,4829500
08/06/2016,39.75,40,39,39,3874300
09/06/2016,40,40.5,39,40.25,506200
10/06/2016,40.5,40.5,40,40.25,349400
13/06/2016,40,40.5,39.5,40.5,1687300
14/06/2016,40,41,40,40,2282500
15/06/2016,40,40.5,40,40.25,4235500
16/06/2016,40.25,40.75,39.75,40,621800
17/06/2016,39.5,40.5,39.5,40,944300
20/06/2016,40,40.25,39.75,40.25,3881500
21/06/2016,40,40,39.75,40,13888500
22/06/2016,39.5,40.5,39.5,39.75,1491100
23/06/2016,40,40,39,39,592800
24/06/2016,39,39.5,38.25,38.5,9268400
27/06/2016,38.5,38.75,37.5,38.75,3279700
28/06/2016,38,38.5,37.5,38,65200
29/06/2016,37.75,38.5,37.5,38,8994200
30/06/2016,38,38.75,38,38.5,4800600
01/07/2016,39,40,38.5,40,9483100
04/07/2016,39.25,40,38.5,39.25,8001100
05/07/2016,39.25,40,39.25,39.75,22177400
06/07/2016,39.75,40.25,39.5,39.5,872300
08/07/2016,40,40.5,39.5,39.75,947000
11/07/2016,39.75,40,39.5,39.75,1620300
12/07/2016,39.25,39.75,39.25,39.5,3860600
13/07/2016,39.25,39.75,38,39,3168900
14/07/2016,38,39,37.5,38.5,16413500
15/07/2016,38.25,38.5,38,38,654400
18/07/2016,37.5,38,37.5,37.5,70700
19/07/2016,37,37.25,36.5,37.25,13067900
20/07/2016,37.25,38,36.25,36.75,11601700
21/07/2016,37,37,36.75,36.75,2583100
22/07/2016,36.75,37,36.75,37,4535600
25/07/2016,36.75,38,36.75,38,114600
26/07/2016,37,39,37,38.5,1182300
27/07/2016,37.5,39.5,37.5,39.25,4908900
28/07/2016,38.75,39.75,37.5,38.5,6417300
29/07/2016,38,39,37.5,38,3104700
01/08/2016,38,38.75,37.5,37.5,3386000
02/08/2016,37.5,38,37.25,38,839700
03/08/2016,37.75,38,37.75,38,6747900
04/08/2016,37.5,38.5,37.5,38.5,482000
05/08/2016,38.25,39.25,38,38,80800
08/08/2016,38,38.25,38,38.25,665000
09/08/2016,38.5,38.5,37.75,38,439100
10/08/2016,38,38,37.5,37.75,300700
11/08/2016,37.5,38.25,37.25,37.75,926500
12/08/2016,37.5,38.75,37.5,38.75,1036400
15/08/2016,38.75,39,38,38.5,639900
16/08/2016,38.25,39,38.25,38.75,4949700
17/08/2016,38.25,38.5,38,38.5,3904000
18/08/2016,38.5,38.5,38,38,1441400
19/08/2016,38,38.25,37.5,37.5,1665400
22/08/2016,38.25,38.25,36.5,36.5,1250800
23/08/2016,36.5,36.75,35.25,36,784400
24/08/2016,36.75,37,35.75,36,2169500
25/08/2016,33.5,33.5,32.5,32.5,16600
26/08/2016,29.5,29.5,29.5,29.5,12800
29/08/2016,26.75,26.75,26.75,26.75,16281800
30/08/2016,24.25,27,24.25,26.5,30202300
31/08/2016,26.5,28,26.5,28,10053900
01/09/2016,27,28.5,26.75,27,9430700
02/09/2016,27,27,26,26,11976300
05/09/2016,26.5,27,25.5,26.5,15047300
06/09/2016,26.5,26.75,26,26.25,1167200
07/09/2016,26.5,26.75,26,26.5,13298900
08/09/2016,26.25,26.5,26.25,26.25,2735700
09/09/2016,26.5,27,26,26.25,4699800
13/09/2016,27,27,25.5,25.75,3286400
14/09/2016,25.75,26,25.25,25.75,7393700
15/09/2016,26,26,25.25,25.5,3915500
16/09/2016,25.75,25.75,25.5,25.5,409500
19/09/2016,25.5,25.75,25,25.75,1257200
20/09/2016,25.75,26.25,25.5,26.25,985400
21/09/2016,26,26.75,25.75,26.25,2285800
22/09/2016,26.75,26.75,26,26.5,16900000
23/09/2016,26.75,26.75,26.5,26.75,1665000
26/09/2016,26.75,27.5,26.75,27,5016700
27/09/2016,27.25,28,27.25,27.75,883600
28/09/2016,28,30,28,29,5616500
29/09/2016,29.75,31,29.5,31,1779500
30/09/2016,30,32.5,30,32.5,4556300
03/10/2016,33.5,33.5,32,32.5,4938500
04/10/2016,32.5,35.25,30.75,31.5,988900
05/10/2016,31,33,30.75,30.75,1254300
06/10/2016,31,31,29.75,30,2440400
07/10/2016,30,30.25,29.75,30,1125400
10/10/2016,30,32.25,29.75,32.25,4414900
11/10/2016,31,31,30,30.25,3760100
12/10/2016,30.25,30.5,30,30.5,1919500
13/10/2016,31,31.5,30.75,31.5,156300
14/10/2016,31.5,31.5,30.75,30.75,803700
17/10/2016,31.25,31.25,30.25,31,3654000
18/10/2016,32,32,30.75,31,69300
19/10/2016,31,31.25,31,31,160000
21/10/2016,30.5,31,30,31,499300
24/10/2016,31,31,30.25,30.75,82800
25/10/2016,30.75,31,30.25,30.5,5801400
26/10/2016,30.75,31,30.75,31,60000
27/10/2016,31,31.5,30.5,31,100100
28/10/2016,30.75,31,30.75,30.75,152600
31/10/2016,31,31,30.5,31,408700
01/11/2016,30.75,31,30.25,30.25,157200
02/11/2016,30.5,31,30.5,31,635400
04/11/2016,31,32,30.5,31,1294000
07/11/2016,31,31.5,30.75,31,3063400
08/11/2016,31,31.5,31,31.25,1942900
09/11/2016,31.5,32,31,32,5852800
10/11/2016,31.5,31.75,31,31.5,2013900
11/11/2016,31.5,32,31,31.5,1030900
14/11/2016,32,32.5,31.5,32.25,1606200
15/11/2016,31.5,32.5,31.5,32.25,250000
16/11/2016,32.25,33,32.25,32.5,1692300
17/11/2016,32.5,32.5,32,32.25,3351900
18/11/2016,32,32.5,31.75,32.5,900800
21/11/2016,32.25,32.75,31.75,31.75,545400
22/11/2016,32,32,31.75,32,1668200
23/11/2016,32,32,31.25,31.5,273400
24/11/2016,31.5,31.5,30.75,30.75,487200
25/11/2016,30.75,31,30,30.75,300800
28/11/2016,30.75,30.75,30,30.5,52600
29/11/2016,30.25,30.5,29.75,30.5,2052500
30/11/2016,30.5,31,30,30.25,2596300
01/12/2016,29.75,30.5,29.5,30.25,27800
02/12/2016,30,30.5,29.75,30.25,7405600
05/12/2016,30.5,31,30,30,2073200
06/12/2016,30,32,29.5,30,5073900
07/12/2016,30,30.5,29.75,30.25,139600
08/12/2016,31,31,30,30,1466200
09/12/2016,30,30.5,30,30.5,46100
13/12/2016,30.5,30.5,30,30,4544900
14/12/2016,30,30.5,30,30,966200
15/12/2016,30,30.5,30,30,1455900
16/12/2016,30,30.25,30,30,3296700
19/12/2016,30,30.25,30,30.25,1512600
20/12/2016,30,30.5,30,30.5,851400
21/12/2016,30.5,31,30,30,984300
22/12/2016,30,31,30,30.25,418600
23/12/2016,30.25,30.25,30,30,201600
28/12/2016,30,31.75,29.5,30,100200
29/12/2016,30,30.25,29,30.25,139000
30/12/2016,30.25,30.25,30,30.25,24000
03/01/2017,30,30,30,30,1986200
04/01/2017,30,30.25,30,30,184000
05/01/2017,30,30.25,29,29.25,2574000
06/01/2017,29.25,29.75,28.25,28.75,2118200
09/01/2017,28.75,29,27.5,27.75,100700
10/01/2017,28,28,27.25,27.5,226100
11/01/2017,27.5,27.75,25.5,26.5,150100
12/01/2017,25.5,26.75,25,25.5,1154000
13/01/2017,26,27,25.5,27,5055000
16/01/2017,28,28,26.75,27,130100
17/01/2017,26.5,27,26.25,26.75,229700
18/01/2017,27.25,27.25,25.75,27,677700
19/01/2017,26,27,26,26.25,1930400
20/01/2017,27,27,25.75,26,808800
23/01/2017,26,27,25.75,25.75,2246000
24/01/2017,25.75,26.5,25.5,26,86300
25/01/2017,26,26,25.75,25.75,219900
26/01/2017,25.5,26,25.5,25.5,164600
27/01/2017,25.75,25.75,24,24,121300
30/01/2017,24,24,23.5,23.5,5340700
31/01/2017,24,25.5,23.5,25.5,25800
01/02/2017,25.25,25.5,24,25.5,3299800
02/02/2017,25.25,25.25,24.5,24.75,109100
03/02/2017,25,26.75,25,25.5,3387400
06/02/2017,25.5,26,25,25.75,1759900
07/02/2017,26.5,27.25,26,26,2065000
08/02/2017,26.5,27.25,26.5,27.25,9693100
09/02/2017,27.5,28,27.25,27.5,184500
10/02/2017,27,28,27,27,3487200
13/02/2017,27.25,27.25,26.5,27.25,826900
14/02/2017,27,27.25,26.75,27.25,503300
15/02/2017,27.25,27.25,26.25,27.25,65600
16/02/2017,27,28,27,27,3735200
17/02/2017,28.75,28.75,26.75,27,23300
20/02/2017,27,28,26.75,27,36900
21/02/2017,27.25,27.5,27,27,6508600
22/02/2017,27.25,27.25,26.75,27,1063800
23/02/2017,27,27,26.75,26.75,280600
24/02/2017,27,27.5,26.5,27,106900
27/02/2017,27,28,26.5,26.5,2045400
28/02/2017,26.75,27,25.25,25.25,301900
01/03/2017,26.25,26.25,25.5,26.25,114100
02/03/2017,26,26.25,25.75,26,1128100
03/03/2017,26,26,25.5,26,112000
06/03/2017,25.75,26,25.75,25.75,161900
07/03/2017,26,26,25.25,26,1730700
08/03/2017,26,26,25.75,25.75,194300
09/03/2017,26,27,26,26.75,4972800
10/03/2017,27.5,28.5,26.75,28,1429900
13/03/2017,27,29.5,27,29,1366300
14/03/2017,30,30.25,29,30,12125300
15/03/2017,29.25,29.25,27.5,28,956700
16/03/2017,29,29,27.75,28.5,262700
17/03/2017,28.25,29.5,28.25,29.25,515500
20/03/2017,29.5,29.75,29,29.75,445500
21/03/2017,29.5,30,29.5,29.75,5878600
22/03/2017,29.75,30,29.75,30,2792800
23/03/2017,30,30.5,29.75,30.5,411800
24/03/2017,29.75,30.5,29.75,30.5,783000
27/03/2017,30.25,31,30.25,30.75,5052700
28/03/2017,31,32,30.75,32,1355500
29/03/2017,31.25,33,31.25,33,3256100
30/03/2017,33,33.5,32.75,33.5,762400
31/03/2017,33,33.25,32.75,33,755500
03/04/2017,33,33.25,32.25,33.25,527400
04/04/2017,33,33.75,33,33.75,152100
05/04/2017,33,34.5,33,34,1417900
06/04/2017,34,34.75,34,34.75,305000
07/04/2017,34.25,35,34.25,34.25,5679700
10/04/2017,35,35,34,34.25,1809200
11/04/2017,34,34.25,31.75,33,165200
12/04/2017,32,34,31,33,2603200
13/04/2017,33,35,32.5,35,1285100
18/04/2017,33.25,33.5,31.75,31.75,3288800
19/04/2017,31,33,31,32.5,1055400
20/04/2017,32,34,32,33,663400
21/04/2017,33,33.5,32.75,32.75,333700
24/04/2017,33,33.5,33,33,506500
25/04/2017,33,35,33,34.75,5738000
26/04/2017,33.5,34.25,33.5,34,2748800
27/04/2017,34,34.25,33.5,33.75,316900
28/04/2017,33.75,34,32.75,33.75,8614600
02/05/2017,33.5,33.75,32.5,32.5,649800
03/05/2017,32.5,33.75,32.5,33,88400
05/05/2017,33.75,35,33.75,35,531300
08/05/2017,34,34,32,33,782500
09/05/2017,33,33.5,32,32.75,213100
10/05/2017,32,33,31,32,4072200
11/05/2017,31,33.5,31,32.25,434000
12/05/2017,32.75,33.5,32.5,33.25,474400
15/05/2017,33.5,33.75,32.75,33,358100
16/05/2017,32.25,33.75,32.25,33.75,784400
17/05/2017,33,34,33,34,3309100
18/05/2017,34,35.5,34,35,689000
19/05/2017,35,35.75,34.75,35,44300
22/05/2017,35,36,35,35,83600
23/05/2017,35,36.75,35,36.5,1334000
24/05/2017,37,38.75,36.5,38.5,1523100
25/05/2017,38,38.5,37,37.75,480800
26/05/2017,38,38.25,37.75,38,1819500
29/05/2017,38,38,35.5,37,163800
30/05/2017,38,38.25,35.5,38,928200
31/05/2017,37,38.5,36.75,38.5,1252000
02/06/2017,38.75,40,38.75,39.5,526700
05/06/2017,39.5,40,39.25,39.5,2137700
06/06/2017,39.5,40,39,40,1330600
07/06/2017,39,39.75,39,39.5,721300
08/06/2017,39.75,39.75,39.25,39.5,455000
09/06/2017,39.5,39.5,37.5,39.25,682000
12/06/2017,39,40.25,39,39.25,543300
13/06/2017,39.5,40,39.25,39.75,3638600
14/06/2017,39.5,40,39.5,40,406800
15/06/2017,40,40.25,39.5,39.75,5419400
16/06/2017,39,39.75,38,38,5154600
19/06/2017,38,39,36.5,36.5,1419700
20/06/2017,37,38.5,37,38.25,1941900
21/06/2017,37.75,39,37.75,38.5,1148300
22/06/2017,38,38.5,37.25,37.5,5179500
23/06/2017,37.5,38,37.5,37.75,1086300
27/06/2017,37.5,38,37.25,37.75,4043100
28/06/2017,37.75,38.25,37.75,38.25,559300
29/06/2017,37.75,38.25,37.25,37.25,4245100
30/06/2017,37.5,38,37.5,37.75,3314500
03/07/2017,37.75,38.5,37.75,38.25,156100
04/07/2017,38,38,37.5,37.75,2038000
06/07/2017,37.5,38,36.5,38,68582400
07/07/2017,37.5,38,37,37,34900
10/07/2017,37.5,37.5,37,37.5,48000
11/07/2017,37.5,37.75,37,37.25,4439000
12/07/2017,37,37.75,37,37.25,1106200
13/07/2017,37.5,38,37,38,8830200
14/07/2017,38,39,38,38.25,847300
17/07/2017,38.75,39.5,38.75,39.25,4159300
18/07/2017,39,40.5,39,40,9190800
19/07/2017,39.75,40.5,39,40.5,523700
20/07/2017,38.75,40,38.5,39.5,24100
21/07/2017,39.5,40.25,39.25,40,1609900
24/07/2017,39.75,41,39.75,40.5,2961000
25/07/2017,40.25,41.75,40.25,41,2090000
26/07/2017,41,42,41,41.25,441000
27/07/2017,41.5,42,41,41.75,2245900
28/07/2017,41.25,41.75,41.25,41.5,8208300
31/07/2017,41.25,41.25,40.75,41,1135000
01/08/2017,41,41,40.75,41,5354700
02/08/2017,40.75,41,40,40,2677200
03/08/2017,40.75,40.75,39.75,40,349300
04/08/2017,40,40,39.5,39.5,635500
07/08/2017,40,41,39.5,40.75,57200
09/08/2017,41.75,43,40.5,43,109900
10/08/2017,43,43,40.25,41,925600
11/08/2017,41.25,43.5,41.25,43.5,2615400
14/08/2017,44,45,43,45,5979900
15/08/2017,44,44.75,43.5,44,3830400
16/08/2017,44.25,44.25,43.5,43.75,3467000
17/08/2017,43.5,44,43,43.25,5106300
18/08/2017,43.25,43.25,43,43,3498500
21/08/2017,43.25,43.25,43,43,812200
22/08/2017,42.5,43.25,42.5,43,5507100
23/08/2017,43,43.5,43,43,410000
24/08/2017,43,43.75,43,43.5,139400
25/08/2017,43.75,44.25,43.5,43.75,796900
28/08/2017,44,44.75,43.75,44,636000
29/08/2017,44,44.25,43.5,44,1008100
30/08/2017,44,44.25,43.5,44,318200
31/08/2017,43.75,44,43.25,43.75,3039700
01/09/2017,43.75,43.75,39.5,40,5141800
04/09/2017,40,41,39,39.5,1659900
05/09/2017,39.75,40,38.75,39,4702200
06/09/2017,39,39.5,38.75,39.25,6066400
07/09/2017,39.5,39.75,39,39.25,5251800
08/09/2017,39.5,39.5,39,39.25,2510500
11/09/2017,39.25,39.5,39,39.25,6539200
12/09/2017,39.5,39.5,38.75,39,3902000
13/09/2017,39.25,39.25,38.75,39,3641100
14/09/2017,39,39.25,39,39.25,403100
15/09/2017,39,39.25,39,39,3519700
18/09/2017,39.25,41,39.25,39.5,51100
19/09/2017,40,40,39.5,39.75,694200
20/09/2017,39.75,40,39.5,40,471400
21/09/2017,39.75,40.25,39.75,39.75,1272400
22/09/2017,40.25,40.25,39.5,39.5,195900
25/09/2017,39.25,40,38.75,39.5,366800
26/09/2017,39.5,39.5,39,39,440500
27/09/2017,39,39.25,39,39,495400
28/09/2017,38.5,39.25,38.75,39.25,384300
29/09/2017,39,39.25,38.5,39,514800
02/10/2017,38.75,39.25,38,38,1055900
04/10/2017,38.75,38.75,37,37,673300
05/10/2017,37.5,38,36.5,36.75,3905700
06/10/2017,37,38,36.75,37,221300
09/10/2017,37,37,35.75,36.25,1632100
10/10/2017,36.75,37,36,37,2604200
11/10/2017,37,37,35.25,35.25,2010900
12/10/2017,35.75,35.75,35.5,35.5,87500
13/10/2017,38,38,35.75,36,1735800
16/10/2017,36.25,37,35.75,36,943100
17/10/2017,36.25,37,36,37,3815500
18/10/2017,36.5,38.75,36,36.5,208300
19/10/2017,36.25,37.75,36,36,6734000
23/10/2017,36.25,37,36.25,36.25,2667200
24/10/2017,36.5,37.75,36,36.5,4501900
27/10/2017,38,38,36.25,36.5,2003700
30/10/2017,36.5,37.5,36.25,37.5,786900
31/10/2017,37.5,38.5,37,38.5,227600
01/11/2017,39,41.5,38,41.5,4239700
02/11/2017,41.75,41.75,40,40.5,3092000
03/11/2017,40.5,40.5,40,40.25,1436000
06/11/2017,40,40.5,39.25,40.25,1626200
07/11/2017,40,40.5,40,40,2993400
08/11/2017,40,40.75,39.75,40.25,1269200
09/11/2017,41,41,40,40.25,144400
10/11/2017,40.25,40.25,39.5,40,515500
13/11/2017,40,40,39.5,39.5,1017500
14/11/2017,39.25,39.75,39,39.5,125400
15/11/2017,39.5,40.25,39.5,40.25,306900
16/11/2017,40,41,40,40.5,591300
17/11/2017,40.25,41.5,40.25,41.25,3865600
20/11/2017,41.25,42.5,41,42.25,3138600
21/11/2017,42.5,43,42,42.5,2447700
22/11/2017,42.5,44.5,42.25,44.5,3480800
23/11/2017,44,44.25,42.5,43,628200
24/11/2017,43,43.25,42.5,43,2898200
27/11/2017,43.5,43.5,42.75,42.75,284200
29/11/2017,43,43.25,43,43.25,2231800
30/11/2017,43,43,42.5,43,3832800
01/12/2017,43,43,42,42.5,2416600
04/12/2017,42,42.5,42,42,4629900
05/12/2017,42,42,41.75,42,1513100
06/12/2017,39.5,41.75,39.25,41,891900
07/12/2017,41,41.25,40.5,41,3365400
08/12/2017,41.25,41.5,40.75,41,2429300
11/12/2017,40.75,41,40.75,40.75,2261100
13/12/2017,40.75,41,39.75,40.25,3145000
14/12/2017,40.5,40.75,40,40.5,1246300
15/12/2017,40.25,41,38,40.5,3337200
18/12/2017,40.5,40.5,39,40,131700
19/12/2017,40,40.25,39.75,40,759300
20/12/2017,40.25,40.5,40,40,1727500
21/12/2017,40,41,40,40.75,544400
22/12/2017,40.75,41,40,40.25,102900
27/12/2017,40.75,40.75,38.25,38.25,302400
28/12/2017,39.75,40.25,38.75,39,80800
29/12/2017,39,40,38.75,40,338200
02/01/2018,40,40.25,39.5,40.25,1033300
03/01/2018,40,40.5,40,40,1654600
04/01/2018,40,40.5,39.75,40,1709300
05/01/2018,40.5,40.5,39.75,40.5,424700
08/01/2018,40.5,40.5,40,40.25,349200
09/01/2018,40.25,41,40.25,41,1463900
10/01/2018,40.75,41.25,40.75,41,2882000
11/01/2018,41.5,42,41,41.5,2021000
12/01/2018,42,42.5,41.5,41.75,177800
15/01/2018,41.75,42.75,41.75,42.5,855700
16/01/2018,42.5,42.75,42,42.5,2297400
17/01/2018,42.25,43,42.25,43,1621600
18/01/2018,43.25,43.5,43,43.25,1251000
19/01/2018,43.5,44.5,43.25,44,846400
22/01/2018,44,44.5,43.5,43.5,2235000
23/01/2018,43.5,44,42.5,42.5,6802400
24/01/2018,42.75,43,42.5,42.75,3050100
25/01/2018,43,43.75,43,43.5,3304000
26/01/2018,44,44,43,44,213200
29/01/2018,43.5,44,43,43.5,381600
30/01/2018,43,43.75,42.5,43,2682800
31/01/2018,43,43.75,42.75,43,4875600
01/02/2018,43,43.75,43,43.5,1111800
02/02/2018,43.5,44.25,43.5,44.25,2481800
05/02/2018,43.75,44.25,43.5,43.75,6211800
06/02/2018,43.75,44,43.25,43.25,7750300
07/02/2018,43.25,43.25,42,42.75,896300
08/02/2018,42.5,43.25,42.5,43,4201400
09/02/2018,43,43.5,43,43,1631100
12/02/2018,43,43.5,42.25,42.5,5499600
13/02/2018,43,43.25,42.5,43,1810000
14/02/2018,43,43,42.75,43,3033400
15/02/2018,43,43,42.75,43,569800
16/02/2018,42.75,43,42.5,43,1332100
19/02/2018,43,43.25,42.75,43,660900
20/02/2018,43,43.25,43,43,10547400
21/02/2018,43,43.25,43,43,2148100
22/02/2018,43,43.25,42.75,43,1246200
23/02/2018,42.75,43,42.75,43,3110800
26/02/2018,43,43.5,43,43.25,5485000
27/02/2018,43.25,44,43,43.25,4491000
28/02/2018,43.5,45,43.25,44.5,1418800
01/03/2018,45,45.75,44.5,45.5,547400
02/03/2018,45.5,47,45.25,46.75,2317200
05/03/2018,46,47.5,46,46.25,3576900
06/03/2018,46.75,47,46.5,46.75,3843200
07/03/2018,46.75,48.5,46.75,48.5,2125600
08/03/2018,47.75,48.25,47.5,48,5424200
09/03/2018,47.75,48.5,47.5,48.5,1349500
12/03/2018,47.75,48.5,47.75,48.25,2436600
13/03/2018,48.25,49.25,48.25,49.25,2185400
14/03/2018,49.5,50.5,49.5,49.5,7273800
15/03/2018,49,50.5,49,50,1793700
16/03/2018,50,52,50,51.5,2839200
19/03/2018,51.5,53.5,51.5,53.5,8492700
20/03/2018,53,53,51,53,9114900
21/03/2018,53,54,52.5,53.5,13066600
22/03/2018,52.5,53.5,52.5,53,9624400
23/03/2018,51.5,53.5,51.5,52.5,4650900
26/03/2018,53,54,52,54,3136000
27/03/2018,53,53.5,52.5,53,3115400
28/03/2018,53,54,53,53.5,5765400
29/03/2018,53.5,55,53.5,55,6001800
03/04/2018,54,55,53.5,53.5,1355400
04/04/2018,54,55,53.5,54,5069800
05/04/2018,55,55,54,54.5,1332400
06/04/2018,54.5,56,54,55,2388400
09/04/2018,54,55,54,54.5,131100
10/04/2018,54.5,57,54.5,56.5,6594800
11/04/2018,55.5,57,55.5,56,1350300
12/04/2018,56,56.5,55,56,4893700
13/04/2018,54,56,54,55.5,6946200
16/04/2018,55,56,55,55.5,2112500
17/04/2018,55,55.5,53,53,1598700
18/04/2018,53,53,50,50.5,3116600
19/04/2018,51,51.5,49,50,1285000
20/04/2018,50,51.5,50,50.5,1138800
23/04/2018,50,50,47,48.25,1034200
24/04/2018,48.25,48.75,48.25,48.5,1949600
25/04/2018,48.5,49,48.25,49,2045000
26/04/2018,49,49,48.75,48.75,1008000
27/04/2018,49,49,48.5,48.75,2505100
30/04/2018,49,50,48.75,49.5,5539400
02/05/2018,49.25,49.75,49.25,49.25,590000
03/05/2018,49.75,51,49.5,50.5,1709300
04/05/2018,50.5,51,50.5,51,133700
07/05/2018,51,51.5,51,51,3367600
08/05/2018,51,52,51,52,790200
09/05/2018,52,52,51,51.5,1214900
10/05/2018,51.5,52,51,51.5,2249500
11/05/2018,51.5,52,51,51,2297400
14/05/2018,51,52,50.5,51.5,599300
15/05/2018,51.5,51.5,50,50.5,5074600
16/05/2018,50.5,50.5,49.5,50,2372000
17/05/2018,50,51,49.25,50,1577500
18/05/2018,50,50,49.75,49.75,2748600
21/05/2018,49.75,50,49.5,49.5,2141000
22/05/2018,49.5,49.75,49,49.75,569700
23/05/2018,49.5,52,49.25,50,4178800
24/05/2018,49.5,50,48,48.75,103300
25/05/2018,47.75,49,47,48.5,1851200
28/05/2018,47.75,48.75,47.75,48.25,216300
29/05/2018,49.25,49,48,49,9905900
30/05/2018,48.5,49,47.25,47.25,4197600
31/05/2018,47.25,48,47,48,3355600
04/06/2018,48.25,48.25,47.25,47.75,2620800
05/06/2018,47.5,49,47.5,49,4538300
06/06/2018,49,49.75,48.75,49.5,1336200
07/06/2018,49.25,49.5,49.25,49.25,6994500
08/06/2018,53,49.75,49.25,49.5,1070700
11/06/2018,49.5,49.5,49.25,49.5,838800
12/06/2018,49.25,49.5,49.25,49.25,3862100
13/06/2018,49.5,49.5,49,49.25,3668800
14/06/2018,49.25,49.25,48.75,49,4356400
18/06/2018,49,49,48.75,48.75,1624300
19/06/2018,49,49,48.25,48.75,3974500
20/06/2018,48.75,48.75,47.5,48.5,6946500
21/06/2018,48.25,49,48.25,49,5482700
22/06/2018,48.5,49,48.5,48.5,928500
25/06/2018,49,49,48.75,49,237200
26/06/2018,48.75,49,48.5,48.75,3669700
27/06/2018,48.5,48.75,48.25,48.5,1394700
28/06/2018,48.5,48.5,47.25,47.5,852900
29/06/2018,47.5,47.5,46,46.25,2019700
02/07/2018,46.5,46.5,46,46.5,2052800
03/07/2018,46.25,46.75,46.25,46.5,1104200
04/07/2018,46.75,46.75,46.5,46.5,49600
05/07/2018,47,48.5,47,48.25,1140900
06/07/2018,47.75,48.25,47.5,47.75,38000
09/07/2018,48,49,47.75,48.75,1508800
10/07/2018,49,49.25,48.5,48.5,1732400
11/07/2018,48.75,49,48.5,49,1332100
12/07/2018,48.75,49.5,48.75,49,305300
13/07/2018,49,49.25,48.75,49.25,274400
16/07/2018,48.75,49,48.75,49,1116400
17/07/2018,49,49,48.5,49,1793900
18/07/2018,48.75,49.5,48.75,49,355400
19/07/2018,49.25,49.75,49,49.5,358000
20/07/2018,49.5,50,49.5,49.5,243900
23/07/2018,49.5,49.75,49.5,49.75,179300
24/07/2018,49.5,50.5,49.5,49.75,4727500
25/07/2018,49.75,50,49.25,50,2229200
26/07/2018,49.75,50.5,49.75,50.5,54900
27/07/2018,50.5,50.5,49.75,50,278900
30/07/2018,50,50.5,49.5,50,529300
31/07/2018,49.75,50,48,50,4330200
01/08/2018,48.25,50,48,49,2166900
02/08/2018,49,49.5,49,49.25,25700
03/08/2018,49,49.5,49,49.5,121100
06/08/2018,49.25,50.5,49.25,50.5,844300
07/08/2018,50,51,50,51,1469900
08/08/2018,51,51.5,50.5,51.5,168400
09/08/2018,51,52,51,52,1269800
10/08/2018,52,52.5,51.5,52.5,240800
13/08/2018,52,53.5,51.5,52.5,1267600
14/08/2018,52.5,53,51.5,51.5,6123800
15/08/2018,52,52.5,49.75,49.75,3972700
16/08/2018,50,50,49.25,49.75,2246100
17/08/2018,51.5,51.5,49.75,51,103100
20/08/2018,51,51,49.75,50,693400
22/08/2018,49.75,50.5,49.75,50.5,1268500
23/08/2018,50.5,51,50,50,259000
24/08/2018,50,50.5,49.75,49.75,6712700
27/08/2018,50,50,49,49.5,3154700
28/08/2018,49.5,49.5,49,49,3913000
29/08/2018,49,49.25,48.5,48.5,1946700
30/08/2018,48.75,49,46,47.25,233100
31/08/2018,46.75,47,44,45,6396500
03/09/2018,44.5,45.5,44.25,45,2896900
04/09/2018,45,47.5,45,45.5,7670400
05/09/2018,45.5,45.5,44.5,45,3275400
06/09/2018,45,45,44.25,44.5,1993900
07/09/2018,44.75,44.75,44.25,44.5,1096200
10/09/2018,44.5,44.5,44.25,44.5,943800
11/09/2018,44.5,44.5,43.5,43.75,958300
12/09/2018,44,44,43,43.5,65500
13/09/2018,43.5,43.5,42.5,43.5,1042200
14/09/2018,42.5,44,42.5,43.5,2494300
17/09/2018,43.25,43.75,43.25,43.25,307200
18/09/2018,43.5,43.5,42.75,43,3511900
19/09/2018,42,42.75,40,40,1527700
20/09/2018,40.25,41.5,39,39.5,81600
21/09/2018,39.5,39.5,38,39.5,4416500
24/09/2018,40,41.5,39.5,40.25,8396100
25/09/2018,40,41,39.75,40.25,5261400
26/09/2018,41,40.25,39.75,40,8488300
27/09/2018,40,40.5,40,40,3173700
28/09/2018,41,43,39.75,40,3250100
01/10/2018,39.75,40,39.75,39.75,813700
02/10/2018,40,40,39.25,39.75,6377500
03/10/2018,40,41,39.75,40,1175000
04/10/2018,39.75,41,39.75,40.75,4586700
05/10/2018,41,41.75,40.5,40.5,1477200
08/10/2018,40.5,41,40.5,41,12500
09/10/2018,42,42,40.75,40.75,320000
11/10/2018,41,41,39,39.25,973300
12/10/2018,40,40,38,38,1994700
15/10/2018,38,38,35,36.25,358700
16/10/2018,35.5,37,34.5,35,928400
17/10/2018,35,36.25,34.5,36.25,2868600
18/10/2018,36.75,38.5,36,38.5,3075200
19/10/2018,37,39.75,37,39,1758700
22/10/2018,39.75,41.5,39.25,41.5,128600
23/10/2018,40.75,41.5,39,39.75,3182500
24/10/2018,40,40,38.25,40,2203000
25/10/2018,40,40,39.75,40,882200
26/10/2018,40,40.25,39.75,40.25,3717700
29/10/2018,40,40.5,40,40,290900
30/10/2018,40,40,39.5,39.75,979200
31/10/2018,39.75,39.75,38.5,38.5,294300
01/11/2018,39.25,39.5,39,39.5,5933300
02/11/2018,39.5,40,39.25,39.75,5347400
05/11/2018,40,40,39.5,40,807400
06/11/2018,39.75,39.75,38.5,39,986200
07/11/2018,38.5,40,38.5,39,201500
08/11/2018,39,39,38.75,39,871900
09/11/2018,39,39.5,38.75,39.25,1157300
12/11/2018,39.25,40,39,39.25,547900
13/11/2018,39.25,39.75,39,39,666300
14/11/2018,39,39.25,38.75,39.25,1969600
15/11/2018,40,40,39,40,26400
16/11/2018,39.5,40,39.25,39.25,96400
19/11/2018,40,40,39.25,39.25,1535900
20/11/2018,39.75,40,39.25,39.25,62300
21/11/2018,39.25,41,39.25,41,3540900
22/11/2018,39.25,39.5,39,39,19700
23/11/2018,39.75,40,39,39,413500
26/11/2018,39,39.1,39,39,1408600
27/11/2018,39,40,39,39.25,3241600
28/11/2018,39.25,40,39,39.55,354800
29/11/2018,39.5,40,39.5,40,1792500
30/11/2018,39.25,41,39,39.25,4567300
03/12/2018,39.5,41,39.5,39.8,2364400
04/12/2018,39.85,40,39.5,39.5,956900
05/12/2018,39.5,40.25,39.5,40,899300
06/12/2018,39.5,40,39.5,39.5,273200
07/12/2018,39.25,39.9,39,39,217100
10/12/2018,39.9,39.9,39,39.75,362900
11/12/2018,39.4,39.75,39,39.25,1280800
13/12/2018,39,39.3,39,39,3385600
14/12/2018,39.25,39.25,38.8,38.9,606200
17/12/2018,38.85,39,38,38,2149400
18/12/2018,38.5,38.5,36.8,36.8,1247700
19/12/2018,37,38,36,36.7,2059200
20/12/2018,37,37,36.5,36.65,516400
21/12/2018,36.8,36.85,35.75,35.95,1613200
24/12/2018,36,36,35.6,35.7,1267700
27/12/2018,36.9,36.9,35.45,35.45,621800
28/12/2018,35.65,35.7,35.15,35.2,1095600
31/12/2018,35.5,35.65,34.75,34.75,1649200
02/01/2019,35,35.4,34.05,34.05,863000
03/01/2019,34.5,34.5,34,34,4147000
04/01/2019,34.45,34.45,33.55,33.75,1817300
07/01/2019,34.1,34.1,33.4,33.9,125400
08/01/2019,33.75,34.25,33.75,33.75,3283600
09/01/2019,34.15,35.5,34,35.5,1243200
10/01/2019,36.45,37.45,35.5,37,1207500
11/01/2019,37,37.45,36.55,36.6,593300
14/01/2019,36.95,37,36.65,36.9,63900
15/01/2019,36.95,37.5,36.9,37.5,2704800
16/01/2019,37.2,38.5,37,38.5,32200
17/01/2019,39,39,38,38.15,1040500
18/01/2019,39,40,38.5,40,788800
21/01/2019,39.85,41,39.5,40.75,1597500
22/01/2019,40.6,41,40.2,40.5,3050000
23/01/2019,40.6,42,40,40.3,1265600
24/01/2019,40.25,41,39,40,3123800
25/01/2019,40,40,39.9,40,1779700
28/01/2019,40.05,40.5,39.25,39.95,307900
29/01/2019,40,40,39.5,40,1451900
30/01/2019,40,40,39.9,39.95,5712600
31/01/2019,39.9,41.5,39.9,40.85,6698300
01/02/2019,40.9,41,40,41,2964200
04/02/2019,40.95,42,40.95,41.95,2501200
05/02/2019,41.95,43,41.55,43,83700
06/02/2019,42.6,43.5,42.6,42.7,935500
07/02/2019,42.5,43.25,42.5,43.2,3195200
08/02/2019,43,43,41,43,15220300
11/02/2019,42.8,43,42,42.8,84500
12/02/2019,42.85,42.95,42.5,42.85,2485000
13/02/2019,42.85,43,42.8,42.8,648900
14/02/2019,42.85,43,42.5,43,1913100
15/02/2019,43,43,42.2,42.4,553500
18/02/2019,42.25,42.5,42,42,3748400
19/02/2019,42.2,42.5,42.05,42.3,2389000
20/02/2019,42.25,42.5,41.75,41.75,2071200
21/02/2019,42,42,41.3,42,270500
22/02/2019,42,42,41.3,41.3,479800
25/02/2019,41.3,41.5,41,41.35,559800
26/02/2019,41.3,41.5,41.25,41.45,1318600
27/02/2019,41.45,41.8,41.4,41.5,393600
28/02/2019,41.5,41.8,41,41,1936200
01/03/2019,41,41.1,40.55,40.8,1758400
04/03/2019,41,41,40.5,41,252000
05/03/2019,41.3,41.3,39.95,40,1938800
06/03/2019,41,42,40.5,42,368500
07/03/2019,41.8,43,41.35,42,1337600
08/03/2019,42,42,41,41,2840900
11/03/2019,41.7,42,40.5,41.5,146000
12/03/2019,41.5,42,41.45,42,1136400
13/03/2019,42,43,41.65,42,1572500
14/03/2019,42,43,41.5,41.8,1231000
15/03/2019,42.1,43.8,42,43.8,14709600
18/03/2019,42.1,44,42.1,43,4614300
19/03/2019,43.05,43.5,43,43.1,2387700
20/03/2019,43.1,44,43,43.4,1528600
21/03/2019,43.5,44,43.5,43.8,365100
22/03/2019,43.9,44,43.5,43.5,3425800
25/03/2019,43.5,43.5,42.5,42.5,1653000
26/03/2019,42.9,42.9,42,42.5,661000
27/03/2019,42.2,42.2,40,40.2,3198900
28/03/2019,40.15,41,40,41,7786000
29/03/2019,40.95,42.5,40.55,42.5,5157800
01/04/2019,41.5,43,41.5,43,1835400
02/04/2019,43,43.95,43,43.45,12466700
03/04/2019,43.5,43.85,43.2,43.5,3341800
04/04/2019,43.3,43.85,43,43.4,638000
05/04/2019,0,43.3,43,43,3757800
08/04/2019,0,43,41.5,42,152600
09/04/2019,0,42.5,41.5,42.05,147600
10/04/2019,0,42.1,41.8,41.9,4731200
11/04/2019,0,42.2,41.55,42.1,742900
12/04/2019,0,44,42.05,42.45,421400
15/04/2019,0,42.75,42.45,42.6,2363700
16/04/2019,0,42.5,42.25,42.25,383200
17/04/2019,42.3,42.35,41.8,42,27800
18/04/2019,42,42,41.55,41.9,1199500
23/04/2019,41.9,42,41.9,41.9,1028900
24/04/2019,41,42,41.55,41.9,2097800
25/04/2019,41.95,42,40.5,41.85,4133600
26/04/2019,41.5,41.85,41,41.5,2246100
29/04/2019,40.5,41,39.5,40.05,1031800
30/04/2019,40,42.85,40,42.85,7801500
02/05/2019,42.85,42.9,40.45,42,2005300
03/05/2019,42,42.25,41.5,41.8,5984600
06/05/2019,42,42,40.9,41.5,1994000
07/05/2019,41.2,41.8,41.2,41.5,6326900
08/05/2019,41.95,42,40.5,41,1335200
09/05/2019,41,41,40,40,161500
10/05/2019,40.5,40.5,38.5,38.95,2793000
13/05/2019,38.1,41.5,36,37,2231500
14/05/2019,37.7,37.7,35.75,36,7925300
15/05/2019,37,37,36,36.35,13440800
16/05/2019,36.5,36.9,36.4,36.5,2945300
17/05/2019,36.5,36.5,36.35,36.5,1786900
20/05/2019,36.6,37.5,36.55,36.9,2297800
21/05/2019,37,38,37,37.2,666800
22/05/2019,37.5,38,37,37,3225100
23/05/2019,37.5,38,36.9,37,516000
24/05/2019,38,38,36.45,36.45,1487400
27/05/2019,36.9,37,36.5,36.9,1189400
28/05/2019,36.9,39.6,36.9,38.1,4003500
29/05/2019,39.95,39.95,38,39.75,1000
30/05/2019,39.5,39.95,38.2,38.95,5984900
31/05/2019,38.95,38.95,38.5,38.85,1604300
03/06/2019,38,39.2,38,39.2,5833300
04/06/2019,39,39.75,39,39.5,4616600
06/06/2019,39,40,39,40,684400
07/06/2019,39.75,40,39.75,40,97900
10/06/2019,39.9,40,39.75,39.8,146500
11/06/2019,39.8,40,39.8,39.9,1496900
12/06/2019,40,40,39.9,39.95,5003500
13/06/2019,40,40,39.9,39.9,5718600
14/06/2019,39.9,40.05,39.9,40.05,2680500
17/06/2019,40.05,40.5,39.8,40,533800
18/06/2019,40,40.25,39.8,40,3668100
19/06/2019,39.8,40,38.5,39.75,454900
20/06/2019,39.9,39.9,38.5,39.4,5355600
21/06/2019,39.8,39.8,38.5,39.4,1686600
24/06/2019,38.2,39.5,38.2,38.5,22600
25/06/2019,39,39,38.5,39,5977100
26/06/2019,39,39,38.5,38.5,547900
27/06/2019,39,39,38,39,1124100
28/06/2019,38.1,39.1,38.1,39,3684400
01/07/2019,38,40,38,39.5,357800
02/07/2019,39,40,38.9,39.5,229400
03/07/2019,39.4,41,39.4,40,1101000
04/07/2019,39.6,40,39.6,40,1010600
05/07/2019,40,40.5,39.6,40,3658400
08/07/2019,40,40.25,39.55,40.25,622700
09/07/2019,39.1,41.5,39.1,40,4858500
10/07/2019,40.25,41.4,40,40,10423600
11/07/2019,40.2,41,40.05,40.5,2754300
12/07/2019,40.5,41,40,41,2430400
15/07/2019,40.5,40.5,39,39,118600
16/07/2019,40,40.5,39,39,2070600
17/07/2019,39,40.5,39,39.9,3722300
18/07/2019,39.1,41,39,39.95,1938100
19/07/2019,39.9,41.95,39.9,41.95,3604800
22/07/2019,41,41.9,40.5,40.6,1435700
23/07/2019,43,43,40.55,40.65,920600
24/07/2019,41,42,40.7,40.8,1505000
25/07/2019,40.6,40.7,40,40,4489200
26/07/2019,40,40.5,40,40.2,18400
29/07/2019,40.5,40.5,40.1,40.2,349000
30/07/2019,40.15,40.45,40,40.15,2126300
31/07/2019,40.3,40.5,40,40.2,4035900
01/08/2019,40.15,40.15,40,40,139700
02/08/2019,40.15,41,40.05,40.05,833000
05/08/2019,40.05,40.5,40,40,1666900
06/08/2019,40.25,40.25,40,40,149400
07/08/2019,40,40.25,40,40.1,206700
08/08/2019,40,40.5,40,40.45,597700
09/08/2019,40.15,40.5,40.15,40.5,137000
13/08/2019,40.3,40.45,40,40,2437400
14/08/2019,40.2,40.2,39.9,40,18595900
15/08/2019,40,40,39,39.5,46400
16/08/2019,39.5,40,39,39,35000
19/08/2019,39.65,39.65,38,38.05,386000
20/08/2019,38.75,38.95,38,38,355300
21/08/2019,38.85,39.5,38.1,38.35,288400
22/08/2019,38.4,39.5,38.15,39.25,404900
23/08/2019,39.1,40,39.1,39.85,1386400
26/08/2019,39.7,40,39.7,39.8,285600
27/08/2019,39.8,40.5,39.4,40.5,4134400
28/08/2019,40,40.5,39.8,40,1386600
29/08/2019,40,40.6,40,40.45,711200
30/08/2019,40.4,40.5,39.8,39.95,639400
02/09/2019,39.3,40,39,39.5,97400
03/09/2019,39.5,39.65,39.05,39.3,2156700
04/09/2019,39.5,39.5,39,39.2,1576500
05/09/2019,39,39,37.8,37.8,1576400
06/09/2019,38,38,37,38,5723300
09/09/2019,38,38.8,37.2,38.8,659000
10/09/2019,38.75,40,37.5,37.55,746000
11/09/2019,37.5,38.35,37.5,38.2,47400
12/09/2019,38,38.4,38,38,600300
13/09/2019,38,38,37.8,37.8,727800
16/09/2019,37.8,37.8,37.5,37.75,59800
17/09/2019,37.75,37.95,37.5,37.95,493500
18/09/2019,38,39,37.6,38,3002800
19/09/2019,37.95,38,37.6,37.9,3823100
20/09/2019,38,38,37.5,37.9,3907500
23/09/2019,38.05,38.7,38.05,38.25,639900
24/09/2019,38.25,38.5,38,38.25,1333900
25/09/2019,38.5,39,38.25,38.25,664600
26/09/2019,38.25,38.4,37.8,38,568000
27/09/2019,37.7,38,36.55,37.4,6998900
30/09/2019,38,38,37.25,37.5,2657700
01/10/2019,37.5,37.5,37.4,37.45,773500
02/10/2019,37.4,37.5,37.3,37.5,2033600
03/10/2019,37.5,38,37.5,37.5,6176300
04/10/2019,37.4,38.05,37.4,37.6,158000
07/10/2019,37.7,38,37,37,6140900
08/10/2019,37.5,37.5,35.85,35.85,1441900
09/10/2019,36.7,37,35.7,36.35,2501000
11/10/2019,36.05,36.8,35,35.7,3820200
14/10/2019,37,37,35.9,37,14000
15/10/2019,37,37,35.8,35.8,297900
16/10/2019,35.9,36.95,35.8,35.8,195200
17/10/2019,37.15,38.5,37.15,38,40969500
18/10/2019,38,38.15,37.5,37.5,18281700
22/10/2019,38,39.25,38,38.8,13883900
23/10/2019,39,39.8,38.8,39.3,614500
24/10/2019,39,40,39,40,14899300
25/10/2019,39.55,40,39.55,40,10023700
28/10/2019,39.9,40.5,39.9,40,3746200
29/10/2019,40.5,40.95,40.25,40.5,5604000
30/10/2019,41,44.4,41,44.4,13081600
31/10/2019,44.5,47.45,44.5,47.45,14401400
01/11/2019,47.45,51,47.45,49,23830800
04/11/2019,46.5,51,46,46.2,2402400
05/11/2019,46.2,48.9,45,48,4293700
06/11/2019,50,52,49.15,49.95,15942300
07/11/2019,49,50,48,48,2031400
08/11/2019,47,50,46.5,48,1489900
11/11/2019,48.5,49,47,47.9,3316100
12/11/2019,48,48.95,46.5,47.55,3016700
13/11/2019,48,48,47.5,47.7,2018100
14/11/2019,48,48,47.25,47.6,471000
15/11/2019,47.7,47.7,47.25,47.65,580800
18/11/2019,47.2,48.25,47.2,47.25,1560200
19/11/2019,47.95,48,47.05,48,147200
20/11/2019,48,48.5,48,48,2560400
21/11/2019,48.2,48.3,48,48.1,3443200
22/11/2019,48,48.95,48,48.75,3323700
25/11/2019,48.75,49.2,48.3,49,1638800
26/11/2019,48.6,49.15,48.6,49,4275700
27/11/2019,49,50.25,49,50,2303200
28/11/2019,49.9,50.5,49.9,50.5,4720900
29/11/2019,50.25,51.25,50,51.25,5024600
02/12/2019,50.25,50.75,50,50.5,1634900
03/12/2019,50.75,51.25,50.5,51.25,4474000
04/12/2019,51,52.25,51,52,5782600
05/12/2019,51.25,52.25,51,52,2266500
06/12/2019,51.75,52.25,51.75,52,2909700
09/12/2019,51.75,52.25,51.25,51.25,7055500
10/12/2019,52.25,52.25,51.25,51.25,7055500
11/12/2019,51.25,51.75,50.25,51.25,927700
13/12/2019,51,52,50,51,13727300
16/12/2019,50.5,51,50,51,1022300
17/12/2019,51,52.25,50,52.25,5814000
18/12/2019,51,53.25,51,53.25,2276500
19/12/2019,53,53.5,52,52,2806500
20/12/2019,52,53.5,51,53.5,6917300
23/12/2019,52,53,51,52.25,206800
24/12/2019,52.5,53,51,51,407700
27/12/2019,51,53,51,52,747100
30/12/2019,52.25,53.25,52.25,52.5,191300
31/12/2019,52.25,54,52.25,53.5,257900
02/01/2020,53.5,54.5,53,54.25,306200
03/01/2020,54.25,55.5,54.25,55.25,230400
06/01/2020,55.25,55.25,53.75,54.25,1766300
07/01/2020,54,54,53,53.75,4482000
08/01/2020,53.5,54,53,53.75,2444800
09/01/2020,54,54.5,53.75,54.25,5463700
10/01/2020,54.25,55,54.25,54.5,3775600
13/01/2020,54.75,55.25,53.25,53.75,2973900
14/01/2020,54.25,54.25,53,53,762500
15/01/2020,52.75,52.75,51,51,5004400
16/01/2020,52,54,51.5,51.5,1598700
17/01/2020,52.5,52.5,50.75,51,1436800
20/01/2020,51.25,52,51,51,4030700
21/01/2020,52.5,52.5,50.75,51,1681900
22/01/2020,51,51.75,51,51.25,373400
23/01/2020,51,51.25,51,51.25,2986200
24/01/2020,51,52,51,51,1763000
27/01/2020,51,51.25,50.5,51,864800
28/01/2020,51,51.25,50.5,51,3395700
29/01/2020,50.5,50.5,49.75,49.8,1300000
30/01/2020,50.25,50.25,49.9,49.9,7156600
31/01/2020,50,50.5,49.9,50.5,1525400
03/02/2020,50,51,50,50.5,174900
04/02/2020,50.5,51.25,50.5,51,6850800
05/02/2020,51,53,51,53,1312900
06/02/2020,52.25,54,52,53.5,2550100
07/02/2020,54,54,51.25,51.25,1187300
10/02/2020,51.5,52,51,51.5,987000
12/02/2020,51.5,51.5,49.95,50,2424200
13/02/2020,51.5,51.5,49.95,50,6177800
14/02/2020,49.95,50.25,49.9,50.25,3130200
17/02/2020,50,50.25,49.75,49.9,591300
18/02/2020,49.95,50.25,49.5,49.5,1475700
19/02/2020,50,51,49.95,51,58700
20/02/2020,50,50.75,49.9,49.9,866600
21/02/2020,49.95,49.95,49,49,1430300
24/02/2020,50,50,49,49.5,35200
25/02/2020,50,50,48.05,48.5,1494300
26/02/2020,48.5,48.6,47.1,47.95,1510800
27/02/2020,47.5,48,47.5,47.7,1899400
28/02/2020,48.15,48.15,45,45.05,5565800
02/03/2020,47,48,46.5,47,3371000
03/03/2020,47.15,48.5,47.15,48.35,1093600
04/03/2020,48.5,49.2,48.5,49.1,1911600
05/03/2020,49.5,50,48.3,48.3,830600
06/03/2020,50,50,48.9,49.05,447900
09/03/2020,49.1,49.1,46,46.15,1596700
10/03/2020,46.75,48.3,46.1,48,470400
11/03/2020,48,48,46.5,46.75,879700
12/03/2020,47,47,44,44.85,7387100
13/03/2020,45.1,45.1,40.6,41.6,2003900
16/03/2020,40.8,43,38,41.9,821600
17/03/2020,41.9,41.9,39.1,39.3,927700
18/03/2020,39.5,39.5,38.95,39.25,6459800
19/03/2020,39.3,40,38.55,38.8,1132300
20/03/2020,39,40,38.8,38.8,7632700
23/03/2020,39,39,35.1,35.1,1388000
24/03/2020,33,35.1,32.15,32.75,15149600
25/03/2020,33,33,32.75,32.75,2343900
26/03/2020,33,35,33,33,5703500
27/03/2020,33.15,34,33,33.15,7143900
30/03/2020,34,34,33.6,33.85,150800
31/03/2020,34.9,34.9,33.8,33.95,789900
01/04/2020,34,34,33.8,34,2216700
02/04/2020,34.9,34.9,33.75,33.85,3080900
03/04/2020,33.8,34.3,33.8,34,2356800
06/04/2020,34.95,34.95,33.8,34,2698000
07/04/2020,34.45,34.45,33.6,33.65,6665400
08/04/2020,33.75,33.75,32.75,33,2428600
09/04/2020,33.5,33.5,32.7,32.8,5562700
14/04/2020,34,34,32.8,32.8,3231700
15/04/2020,33.9,35.85,33.5,35.85,4612700
16/04/2020,34.2,34.2,32.8,34,3636800
17/04/2020,35,35,32.85,33,2471300
20/04/2020,33.55,35,33.5,35,3121900
21/04/2020,34,35.5,33.6,35.5,2635500
22/04/2020,35.5,36,35.1,35.55,3040200
23/04/2020,35.8,35.8,34.8,34.8,2472600
24/04/2020,36,36,34.5,34.6,9100800
27/04/2020,36,36.25,34.55,35,4114300
28/04/2020,35.8,36.2,35.5,36,1270000
29/04/2020,36.5,38,36.25,37.2,4251200
30/04/2020,37.8,39.4,37,39,1078300
04/05/2020,39,39,38,38.9,6669900
05/05/2020,39.5,41,39.4,41,1094800
06/05/2020,41,43,41,41.9,12848700
07/05/2020,42,42,39,39.45,4532000
08/05/2020,40.5,40.5,38.75,38.75,1488600
11/05/2020,39,39,38.35,38.5,3918000
12/05/2020,39.5,39.5,36.95,37,10015700
13/05/2020,37.7,37.7,34.5,35,4034200
14/05/2020,35.5,35.5,33.3,33.95,1671800
15/05/2020,34.1,35.9,33.3,34.05,12025100
18/05/2020,34.1,36.1,34.1,36.1,5887700
19/05/2020,37,38,36.5,36.85,4203600
20/05/2020,37.25,37.25,36.5,36.5,232600
21/05/2020,37,37,35.5,36,3732500
22/05/2020,36,36.45,36,36.3,2620700
26/05/2020,36,36,33,35.05,3632900
27/05/2020,35,36.4,35,36.1,772800
28/05/2020,36,36,35.6,35.9,846700
29/05/2020,36,36,35,35.3,8403800
02/06/2020,34.9,35.6,34.9,34.9,2250900
03/06/2020,35,35,34.5,34.75,2551700
04/06/2020,35,35,33.9,33.95,7082500
05/06/2020,34.9,34.9,32.5,34.25,5273600
08/06/2020,34.3,35,33.7,35,1109200
09/06/2020,35,35,34.6,35,1541000
10/06/2020,35,35,34.75,34.75,666100
11/06/2020,34.6,35,34.6,35,1779500
12/06/2020,34.8,35.75,34.8,35.7,3091100
15/06/2020,34.85,35.5,34.75,34.85,1699200
16/06/2020,34.8,35.5,34.8,35.5,4422900
17/06/2020,35.5,35.5,35,35.25,1619900
18/06/2020,35.2,36,35.2,35.75,667200
19/06/2020,35.85,36,35.75,35.85,6164700
22/06/2020,36,36,35.25,35.25,315300
23/06/2020,35.7,35.7,34.8,35.25,2025800
24/06/2020,35,35.4,34.8,34.85,2746700
25/06/2020,35,35,34.8,35,1182400
26/06/2020,34.9,35.9,34.9,35,713700
29/06/2020,35.2,35.2,34.95,34.95,1285200
30/06/2020,35.9,35.9,34,34.5,235400
01/07/2020,34.75,34.75,33.9,33.95,2266000
02/07/2020,34.65,34.65,32.8,32.95,2408900
03/07/2020,34,34,32.65,33,2105000
06/07/2020,33.65,33.65,32.9,33,4077900
07/07/2020,33.65,33.65,32.75,32.75,3491100
08/07/2020,32.9,33,32.3,32.7,1210200
09/07/2020,32.75,32.75,30.5,31.55,8562200
10/07/2020,31.3,33,31.3,33,1529100
13/07/2020,33,34,32.75,33.65,5255000
14/07/2020,32.75,34.45,32.75,34.35,662200
15/07/2020,34.4,34.5,34,34.4,5090900
16/07/2020,34.4,34.4,34.1,34.4,6229700
17/07/2020,34.5,34.5,33.5,34,2023500
20/07/2020,34,34,33.6,33.85,457100
21/07/2020,33.5,33.7,32.7,32.8,942100
22/07/2020,32.8,32.8,31.6,31.8,10131100
23/07/2020,32,32.8,31.75,31.8,2077300
24/07/2020,31.8,32.5,31.8,32.45,764100
27/07/2020,32.75,32.75,32,32.5,3613200
28/07/2020,32.5,32.75,32,32.75,1142200
29/07/2020,32.6,33,32.55,32.65,1577900
30/07/2020,32.5,33,32.5,32.6,300700
03/08/2020,32.65,32.7,32,32.3,2263200
04/08/2020,32.55,32.55,31.85,32,189700
05/08/2020,31.8,32,31,31,352500
06/08/2020,31,31.8,29.5,30,2943000
07/08/2020,31,32.4,31,31.5,932700
10/08/2020,31.95,31.95,31,31.1,54900
11/08/2020,31,31,29.85,29.9,4363700
12/08/2020,29.75,30,29,29.4,3073500
13/08/2020,29.8,30,28,29.5,3273500
14/08/2020,29,30.9,28.5,30,2035500
17/08/2020,30.9,30.9,29,30.9,1548300
18/08/2020,31,31.5,30.25,30.9,817800
19/08/2020,30.7,32.4,30.7,32.05,1186800
20/08/2020,32.5,33,32,33,83800
21/08/2020,33,33.85,32.5,33.85,2398400
24/08/2020,33.95,34,33.5,34,2369000
25/08/2020,34.5,34.8,33.65,34.8,1682800
26/08/2020,34.25,35.5,34.25,35.5,776600
27/08/2020,36,37,35.5,36.3,1494500
28/08/2020,36.45,36.95,36,36.45,3792000
31/08/2020,37,37,36.5,36.75,5885100
01/09/2020,36.7,37.15,36.7,37.15,429000
02/09/2020,37,37.6,37,37.6,2873600
03/09/2020,37,37.7,36.75,37,949800
04/09/2020,36.95,36.95,34,35.5,264800
07/09/2020,34.2,35.5,34.05,35.5,348400
08/09/2020,35,36,34.8,35.25,586200
09/09/2020,35,37,35,37,267700
10/09/2020,37,37.05,36.5,37,6752200
11/09/2020,36.6,37.05,36.5,36.5,3425100
14/09/2020,36.9,37,36,37,493600
15/09/2020,37,37.05,36.5,37.05,1094700
16/09/2020,36.95,37,36.85,36.95,160200
17/09/2020,36.95,37,36,36.5,2788700
18/09/2020,36.5,36.5,36,36,3286100
21/09/2020,36,36.85,36,36,1514900
22/09/2020,36,36,35.75,36,2417800
23/09/2020,36,36,35.7,35.7,2687500
24/09/2020,35.8,36.9,35.45,36.9,28380900
25/09/2020,37,37,35.85,36.1,691500
28/09/2020,36.75,37.75,36.75,37.25,540800
29/09/2020,37.4,38,36.1,36.5,1459000
30/09/2020,38.1,38.1,36.5,36.7,1118000
01/10/2020,36.7,36.7,36.3,36.4,81600
02/10/2020,36.5,36.5,35,35.1,346300
05/10/2020,36.3,36.3,35.2,35.5,338900
06/10/2020,35.5,35.6,35.4,35.4,78600
07/10/2020,35.4,35.5,34.9,35,1606000
08/10/2020,34.9,35,34,34.3,2262900
09/10/2020,34.5,35.8,34.5,35.25,3404500
12/10/2020,35.95,35.95,34.8,35,829500
13/10/2020,35,35.5,34.8,35,1100300
14/10/2020,35.55,35.55,34.9,35,1284600
15/10/2020,35,35.2,34.75,35,113200
16/10/2020,35,35.5,34,34.45,291000
19/10/2020,35.5,35.5,34,34.3,2973400
21/10/2020,34.9,34.9,34.45,34.5,331600
22/10/2020,34.45,34.5,34.4,34.5,412500
23/10/2020,34.5,34.5,34,34.5,38700
26/10/2020,34.5,34.5,34.1,34.2,1955000
27/10/2020,34,34.5,34,34.1,873000
28/10/2020,34.4,34.5,34.3,34.35,1132500
29/10/2020,34.3,34.35,34,34.2,1542800
30/10/2020,34.2,34.2,33.6,33.6,1043000
02/11/2020,33.8,33.8,32.95,33,1092100
03/11/2020,33.75,33.75,32.65,32.75,2737600
04/11/2020,33.75,34.25,32.75,33.5,2369200
05/11/2020,33.65,35,33.5,35,1814900
06/11/2020,35,35.45,34,34,3421800
09/11/2020,35.4,35.5,34,34.9,110600
10/11/2020,34.05,35.95,34.05,35.05,2394200
11/11/2020,35.5,36,35.5,36,436300
12/11/2020,36.1,36.3,35.2,36,2985200
13/11/2020,36,37.25,36,37.05,1673800
16/11/2020,37,37.1,36.5,36.55,2818200
17/11/2020,36.8,37,36.35,36.5,172800
18/11/2020,36.5,36.65,36.1,36.4,445600
19/11/2020,36.4,36.5,34.5,35.9,5324700
20/11/2020,35.95,35.95,35,35,3350500
23/11/2020,35.7,35.7,35.35,35.7,669500
24/11/2020,35.7,36.65,35.6,35.65,4735100
25/11/2020,36.5,36.5,35.65,36,1232600
26/11/2020,35.65,36,35.5,35.5,1657800
27/11/2020,35.6,35.6,34,34.05,6029100
30/11/2020,34.95,35.5,34.4,35.1,15514500
01/12/2020,35.5,35.5,35,35.05,171900
02/12/2020,35.05,35.7,35,35.5,8551000
03/12/2020,35.7,35.7,35.05,35.3,3859200
04/12/2020,35.5,35.5,34.6,35,223900
07/12/2020,35.45,35.45,34.5,34.75,81500
08/12/2020,34.9,34.9,34.5,34.7,9017900
09/12/2020,34.8,34.85,34.55,34.7,4916400
10/12/2020,34.75,35.2,34.6,35.2,3749400
11/12/2020,35.2,35.2,34.95,34.95,3206000
14/12/2020,34.95,35,34.8,34.9,874900
15/12/2020,34.75,35,34.75,34.95,3311600
16/12/2020,34.85,35,34.5,34.65,4099900
17/12/2020,34.5,34.5,33.8,34,881700
18/12/2020,34.5,35,34.5,35,2341100
21/12/2020,34.75,35.2,34.1,34.5,784300
22/12/2020,34.5,35,34.05,34.8,2497000
23/12/2020,34.8,34.8,34.6,34.8,1069600
24/12/2020,35,35.2,34.6,35.2,3020400
28/12/2020,35.3,35.3,34.75,35,19900
29/12/2020,35,35.4,34.85,35.3,26900
30/12/2020,36,37,35.5,36.5,580200
31/12/2020,36.35,37,36.2,36.5,227600
04/01/2021,36.5,36.5,35.55,35.55,1955500
05/01/2021,36,36.5,35.95,36,879200
06/01/2021,36,36.15,35.75,36,4349400
07/01/2021,36.05,36.25,36,36,897100
08/01/2021,36.45,36.45,35.8,36.45,884600
11/01/2021,36.45,36.45,36,36,314600
12/01/2021,36,36.45,36,36.3,1588200
13/01/2021,36.45,36.85,36.45,36.7,1671500
14/01/2021,36.2,37.25,36.2,37.05,2701000
15/01/2021,36.95,37.5,36.7,36.75,6531200
18/01/2021,37,37,36.05,36.05,84200
19/01/2021,36.7,36.7,36.05,36.7,2013500
20/01/2021,36.7,37.6,36.65,36.95,3364000
21/01/2021,37,37.25,36.65,36.75,3874700
22/01/2021,37,37.25,36.8,37.25,3044400
25/01/2021,37.25,37.25,36.7,36.85,1644000
26/01/2021,36.85,37,36.5,36.5,1477700
27/01/2021,36.5,36.75,36.5,36.5,5831400
28/01/2021,36.6,36.75,36.3,36.3,3623100
29/01/2021,36.55,36.8,36.35,36.6,6281500
01/02/2021,36.95,37.4,36.75,37.2,1357800
02/02/2021,37.2,37.3,37,37.1,5804300
03/02/2021,37.2,37.25,36.8,37.25,546000
04/02/2021,37,37.25,36.9,37,3033500
05/02/2021,37.2,37.25,36.9,37,938300
08/02/2021,37.45,37.45,37,37.1,62900
09/02/2021,37.4,37.5,37,37.45,200700
10/02/2021,37.25,37.7,37.2,37.5,1258100
11/02/2021,37.6,38,37.5,38,2278300
12/02/2021,37.55,38,37.5,38,115000
15/02/2021,38,38.5,37.95,38,255600
16/02/2021,38,39.7,38,39.5,1555800
17/02/2021,38.05,39,38.05,38.5,1117200
18/02/2021,39,39,38.05,38.5,3781500
19/02/2021,38.55,38.7,38.35,38.4,335500
22/02/2021,38.2,38.5,38.05,38.4,1028600
23/02/2021,38.15,38.55,38.05,38.1,2042300
24/02/2021,38.2,38.2,37.5,37.7,198400
25/02/2021,38.2,38.2,37.8,38.2,420700
26/02/2021,37.9,38.2,37.7,37.8,2037400
01/03/2021,37.9,38.2,37.75,37.9,397900
02/03/2021,38,38,37.85,37.85,1657000
03/03/2021,37.85,38.2,37.5,37.5,254000
04/03/2021,38,38,37.5,37.8,646700
05/03/2021,37.5,38.15,37.5,38.05,1257600
08/03/2021,38.2,38.2,38,38,2705000
09/03/2021,38.2,38.2,37.85,38.2,1195300
10/03/2021,38.2,39.3,38.2,39.2,3060700
11/03/2021,39.4,39.45,39.15,39.35,1385700
12/03/2021,39.5,40.5,39.5,39.65,637000
15/03/2021,40,40.25,39.7,40,679800
16/03/2021,41,41,40,40.5,2015800
17/03/2021,40,40.5,40,40.1,174300
18/03/2021,40.2,42.35,40.2,42,1203800
19/03/2021,41.55,42,38.85,38.85,1968100
22/03/2021,41.75,42,40,42,2273300
23/03/2021,41.8,42,41,41.5,259900
24/03/2021,42,42,41.25,41.7,3265000
25/03/2021,41.95,42,40.75,41.7,2959300
26/03/2021,41.5,41.55,41,41,1196200
29/03/2021,38.75,38.75,37,38,4295800
30/03/2021,38,38.2,37.65,38,4844500
31/03/2021,38,38,37.55,38,1228800
01/04/2021,38.5,39.8,38.25,39.05,1601600
06/04/2021,39.5,39.5,38.5,38.95,301000
07/04/2021,39,39,37.5,38.5,104100
08/04/2021,37,38.7,37,37.5,261000
09/04/2021,37.6,38,37.5,37.95,215900
12/04/2021,37.5,38.5,37.3,38.5,1379800
13/04/2021,38,38.4,37.6,38,433900
14/04/2021,38.1,39,38.05,38.25,1383600
15/04/2021,38.35,39,38.35,38.5,303500
16/04/2021,38.5,38.95,38.5,38.95,105000
19/04/2021,38.95,39,38.55,39,368600
20/04/2021,38.8,39.85,38.75,39.35,1839100
21/04/2021,39.35,39.9,38.6,38.6,6286600
22/04/2021,39,39,37.8,38,1840300
23/04/2021,38,39.2,38,39.05,2922000
26/04/2021,39.05,39.25,38.6,39.05,1070200
27/04/2021,40,40,39.1,39.1,801400
28/04/2021,39.05,39.5,39,39.5,209700
29/04/2021,39.1,39.15,39,39.15,1242200
30/04/2021,39.5,39.5,39,39.1,63900
03/05/2021,39.5,39.5,39.05,39.3,485900
04/05/2021,39.5,40,39.25,39.6,237900
05/05/2021,39.5,40.45,39.5,39.8,155900
06/05/2021,40,40.6,40,40.4,2172700
07/05/2021,40.3,40.85,40,40.7,3490100
10/05/2021,40.7,41,40.7,40.85,11701400
11/05/2021,40.05,41.4,40.05,41,4871100
12/05/2021,41.25,41.5,40.5,40.5,72300
13/05/2021,40.8,41.85,40,40.85,3482900
17/05/2021,40.85,41,40.05,40.9,1215800
18/05/2021,40.9,41.5,40.2,41.5,1127200
19/05/2021,40.9,41.4,40.9,41.1,711500
20/05/2021,41.05,41.4,40.5,40.65,1218700
21/05/2021,40.65,42,40.5,41.5,338300
24/05/2021,41.55,44,41.5,42.05,2597100
25/05/2021,42,42.5,42,42.05,268000
26/05/2021,42.2,43.95,42.2,43.5,4250600
27/05/2021,43.55,43.95,43,43,5634200
28/05/2021,43.4,43.4,42.85,42.9,1668700
31/05/2021,43,43,42.05,42.75,613000
02/06/2021,42.5,42.95,42,42.8,2807000
03/06/2021,42.65,42.65,42,42,5989900
04/06/2021,42,43,42,43,3440400
07/06/2021,42.5,43.45,42.5,43.45,1278600
08/06/2021,43.5,44.25,43.5,43.85,3027700
09/06/2021,44.4,44.4,43.85,44,2660700
10/06/2021,44,44.35,44,44.2,2145500
11/06/2021,44.25,44.25,43.85,44,2649700
14/06/2021,44,44.25,43.5,44.05,1413700
15/06/2021,43.75,44.25,43.75,44,1340400
16/06/2021,43.7,44.45,43.5,44.1,1135800
17/06/2021,44.1,44.5,44.1,44.4,3651900
18/06/2021,44.45,45.2,44.4,45.1,2226300
21/06/2021,44.75,45.5,43.75,45.15,991700
22/06/2021,45.5,45.65,45.15,45.6,5975800
23/06/2021,45.7,45.7,45.4,45.55,448300
24/06/2021,45.55,45.95,45.55,45.8,726100
25/06/2021,45.55,47,45.55,46.55,3492600
28/06/2021,46.15,46.95,46.05,46.7,4158000
29/06/2021,46.7,46.75,44.5,44.5,1547300
30/06/2021,45.25,45.25,44,45.2,1321800
01/07/2021,44.95,45.3,44.55,45.2,104500
02/07/2021,45,47,44.6,46.1,958500
05/07/2021,46.8,46.9,46.15,46.7,842000
06/07/2021,46.5,47,46.5,47,511700
07/07/2021,46.8,48,46.55,48,2101700
08/07/2021,47.6,49.45,47.6,49.2,1891000
09/07/2021,49,49.4,48.5,49,3436300
12/07/2021,49,49.4,47.7,48.5,185800
13/07/2021,48.5,48.5,47.7,48,285200
14/07/2021,48,48.45,48,48.2,2559200
15/07/2021,47.7,48.85,47.7,48.7,102700
16/07/2021,48.5,48.6,48.5,48.5,1411200
19/07/2021,48.55,48.6,48.25,48.55,1476900
21/07/2021,48.6,48.6,47.65,48.2,2484800
22/07/2021,48.2,48.2,47.65,48,60200
23/07/2021,48,48,47.6,47.95,38900
26/07/2021,47.95,48.6,47.5,48.6,176000
27/07/2021,48.6,48.6,48,48.5,294300
28/07/2021,48.45,48.6,48,48.6,168300
29/07/2021,48.5,49.1,48.5,48.95,351200
30/07/2021,49,49,48.55,48.95,1874000
02/08/2021,49,49,48.8,48.9,215900
03/08/2021,49,49.1,48.9,49.1,146700
04/08/2021,49.1,49.2,49,49.15,331000
05/08/2021,49.3,49.5,49.2,49.4,65100
06/08/2021,49.5,50.75,49.05,49.05,1032800
09/08/2021,50.75,50.75,49.55,50.25,1069400
10/08/2021,50.25,50.25,49.5,50.25,549000
11/08/2021,50.25,50.5,50,50.5,903800
12/08/2021,50.25,50.5,50.25,50.5,1155900
13/08/2021,50.5,51.5,50.5,51.25,846500
16/08/2021,51,51.75,51,51,181900
17/08/2021,52,53.5,52,53.5,958800
18/08/2021,53.5,54.25,53.5,53.5,3858700
19/08/2021,53.75,53.75,51,52.25,1142600
20/08/2021,52.25,53,51,53,2362400
23/08/2021,53,53.5,52.5,53.5,2471900
24/08/2021,53.5,53.5,52.75,52.75,1715000
25/08/2021,53,53.25,52.5,53,778500
26/08/2021,53.25,54,53.25,54,2646800
27/08/2021,54,54.5,53.5,54,2936700
30/08/2021,53.5,55,53.5,54,1547900
31/08/2021,53.5,54,52.5,53,5330400
01/09/2021,53,53,52,52,515700
02/09/2021,52.5,52.5,51.5,51.5,127000
03/09/2021,51,51,49.1,49.75,286800
06/09/2021,50,50,49,49.1,1739200
07/09/2021,49.2,49.5,48.6,49.2,2193700
08/09/2021,49.5,50,49.15,49.9,123100
09/09/2021,50,51.5,49.75,51.5,2164700
10/09/2021,51.5,51.5,51,51,2588800
13/09/2021,52,52.5,50,51.5,3312200
14/09/2021,51.75,51.75,51,51.5,558700
15/09/2021,51.5,51.75,50.75,51.5,400000
16/09/2021,51,52.25,51,52.25,1205900
17/09/2021,52.5,54,52.25,53.25,1554000
20/09/2021,53.75,53.75,52.5,52.75,86800
21/09/2021,52.5,52.75,51,51.5,122100
22/09/2021,51.5,52,50,51,3843700
23/09/2021,51,53.75,50.5,50.5,3167500
24/09/2021,50.5,51,50.25,51,1869900
27/09/2021,51.5,51.5,50.5,51,126200
28/09/2021,50.5,51,50.5,50.75,68700
29/09/2021,50.75,51,50.75,50.75,304100
30/09/2021,50.75,50.75,50,50.5,1837800
01/10/2021,50.5,50.75,50,50.5,453700
04/10/2021,50,51,49.95,50,128600
05/10/2021,50.5,50.75,49.5,50,756500
06/10/2021,50,50,49.3,49.3,215400
07/10/2021,49.9,49.9,49,49,81200
08/10/2021,49.3,50,49,50,358700
12/10/2021,50,50,49,49,2012700
13/10/2021,49.05,49.35,49.05,49.3,18000
14/10/2021,49.35,49.35,49,49,51400
15/10/2021,49.3,50,49,49.55,5142900
18/10/2021,49,50,49,50,794000
19/10/2021,50.5,50.5,49.35,49.35,654100
21/10/2021,49.95,50,49.5,49.6,5302100
22/10/2021,49.6,50,49.6,49.6,5079900
25/10/2021,49.8,49.9,49.3,49.9,732400
26/10/2021,49.95,50.5,49.75,50,265200
27/10/2021,49.9,50,49.8,49.8,1866600
28/10/2021,49.9,49.9,49.5,49.5,85300
29/10/2021,49.5,49.8,49.5,49.7,173100
01/11/2021,49.5,49.9,49.5,49.9,961100
02/11/2021,49.6,50.5,49.6,50.5,3730700
03/11/2021,49.6,50.5,49.6,50,128700
04/11/2021,50,50.5,49.75,50,3235100
05/11/2021,50,52,49.8,50,306300
08/11/2021,50.5,52,50,50.5,92700
09/11/2021,50.5,52,50.5,52,2096700
10/11/2021,53,53.75,52.25,53,5468600
11/11/2021,53,53,52.5,52.75,6538500
12/11/2021,52.75,53,52.5,52.5,727200
15/11/2021,52.5,52.5,51.5,52,1059700
16/11/2021,52.5,52.5,51.5,51.5,57300
17/11/2021,52,52,51.5,52,2452100
18/11/2021,52,52.5,51.5,52.5,1232700
19/11/2021,51.75,52.5,51.5,52,496400
22/11/2021,52,52,51.5,52,4687300
23/11/2021,52,52,50.75,51,55100
24/11/2021,51.75,52,51,51.5,232900
25/11/2021,51.5,52,50.5,51.5,6430200
26/11/2021,52,52,51,51.25,719000
29/11/2021,51.25,51.25,50,50.5,55700
30/11/2021,50,50,49,49,5838500
01/12/2021,49,49,47.6,48,310500
02/12/2021,48,48,47,47,344100
03/12/2021,47.45,47.45,46.25,46.5,7391200
06/12/2021,47,47,44.9,45,2102000
07/12/2021,45,46,44.15,45.5,7088900
08/12/2021,45.5,47,45.5,46,1175200
09/12/2021,46.5,47.5,46.5,47.4,1258700
10/12/2021,48.35,48.35,47.4,47.55,524900
14/12/2021,48,49,47.5,49,111800
15/12/2021,49,49.95,48,49,616200
16/12/2021,49,50,49,49,132200
17/12/2021,49.4,49.5,48.5,49,843500
20/12/2021,49,49.75,48.65,49,1760800
21/12/2021,48.75,50,48,48.85,205600
22/12/2021,50,50,48.15,48.2,612700
23/12/2021,49,49,48.15,49,37900
24/12/2021,49,49,48.25,49,17700
28/12/2021,49.05,50,49,49,89300
29/12/2021,50,50,49.5,50,225600
30/12/2021,50,51.25,50,51.25,33600
31/12/2021,51,54,51,54,170900
03/01/2022,52,54.5,51,53.5,4702000
04/01/2022,53,53.5,53,53,2160700
05/01/2022,53,53.25,53,53,658900
06/01/2022,53,53.25,53,53.25,243200
07/01/2022,53.25,53.25,53,53,686300
10/01/2022,53,53,51.25,53,528700
11/01/2022,53.25,53.25,51.5,51.5,34700
12/01/2022,51.25,51.25,50,50,155000
13/01/2022,49.7,50.75,49.2,49.95,852300
14/01/2022,49.7,50,49,49.55,37100
17/01/2022,50,50,49.15,49.9,427300
18/01/2022,51,51,49.5,50,1351300
19/01/2022,50,51,50,51,349700
20/01/2022,50.5,51.5,50.5,51.25,1546500
21/01/2022,51.75,51.75,51.25,51.25,698800
24/01/2022,51.5,52,51.25,52,5687400
25/01/2022,52.5,52.5,50.75,51,1223600
26/01/2022,51,51,50,50.5,602300
27/01/2022,50,50.75,49.65,50.25,189300
28/01/2022,50.75,50.75,50,50.5,50100
31/01/2022,50.5,52.25,50,51.75,1404800
01/02/2022,51,53,51,52,4721700
02/02/2022,52.75,53.5,52,53,2262500
03/02/2022,52.5,53.25,52.25,53,1652000
04/02/2022,53,53,52.25,52.75,2081800
07/02/2022,53,53,52,53,1636800
08/02/2022,53,53,52,53,839500
09/02/2022,53,53.75,52,52.75,6720900
10/02/2022,52.75,53,52.5,52.5,1886800
11/02/2022,53,54,52.75,54,285200
14/02/2022,53.25,53.5,53,53,584000
15/02/2022,53,53.5,53,53,1838000
16/02/2022,53.5,53.5,52.5,53,1033400
17/02/2022,53.25,53.5,52.5,53.25,1429200
18/02/2022,53.25,53.25,52,52.5,997600
21/02/2022,53,53,52.25,52.5,11400
22/02/2022,52,52.75,51,52,1534400
23/02/2022,51.5,53,51.5,53,810200
24/02/2022,52,52,51,52,505900
25/02/2022,52,52,51.5,51.5,51300
28/02/2022,51.5,52,50,50,573700
01/03/2022,50,50.5,49.55,50,1472900
02/03/2022,50,51.75,49.8,51.75,1027800
03/03/2022,52,53,50.25,51,1640800
04/03/2022,52,52,50.75,51,311000
07/03/2022,51,52,49.75,50,424400
08/03/2022,50.75,51.5,49.6,51.5,986600
09/03/2022,51,51.5,50.5,51.5,1417600
10/03/2022,51.5,52,51,51.25,2766000
11/03/2022,52,52,51,51,102200
14/03/2022,50.5,51.5,50.5,51.25,367000
15/03/2022,51.5,52,50.75,51.25,620400
16/03/2022,51,53.5,51,52.75,139100
17/03/2022,52,52,51.5,51.75,140900
18/03/2022,51.75,52,51.25,51.75,282500
21/03/2022,51.75,52.25,49.75,49.75,250500
22/03/2022,51.75,52,51.25,52,1713200
23/03/2022,51.5,52,50,51.75,1930700
24/03/2022,51.5,51.75,51,51.75,171200
25/03/2022,51.5,52,51.25,52,1297400
28/03/2022,51.75,51.75,50,51,1196900
29/03/2022,51.5,52,51,51.5,111000
30/03/2022,51,51,49.25,50.5,74500
31/03/2022,50.25,51,50,50,258200
01/04/2022,51,51,49,50,133600
04/04/2022,51,51,49,49.1,69100
05/04/2022,49.2,50,49.2,49.25,1403800
06/04/2022,50,50,49.2,49.5,1149300
07/04/2022,49.2,49.8,49,49.25,845200
08/04/2022,49.7,49.75,49.2,49.75,1141700
11/04/2022,50,50,49.3,50,436600
12/04/2022,50,51,49.5,49.5,729900
13/04/2022,49.85,51,49.6,50,516900
14/04/2022,50.5,50.5,49.85,50,427600
19/04/2022,50,50,49.3,49.4,719300
20/04/2022,49.7,49.9,49.4,49.9,1369400
21/04/2022,49.75,50,49.5,49.75,1983700
22/04/2022,50,50,49.5,50,2278700
25/04/2022,50,50,49.5,49.5,2012200
26/04/2022,49.9,49.9,48.5,48.5,3646100
27/04/2022,49,49,47,47,104500
28/04/2022,47.5,48,47,48,100200
04/05/2022,48.5,48.5,45.05,48,2170800
05/05/2022,48.5,48.5,47,47.5,66700
06/05/2022,48,48.5,46,46.5,45500
09/05/2022,46.5,47,45.9,45.9,839900
10/05/2022,45.05,46,45,45,3768300
11/05/2022,44.95,45,44.5,45,958300
12/05/2022,44.9,45,44.5,44.7,369200
13/05/2022,44.65,46,44.65,45.5,2371500
16/05/2022,45.05,46,45.05,45.5,247700
17/05/2022,46.5,46.5,45.55,46.3,90900
18/05/2022,47,47,45.75,46,366400
19/05/2022,45.85,47,45,45.45,90600
20/05/2022,45.45,45.85,44,44.5,1858000
23/05/2022,44,44.5,40.25,41.95,1477600
24/05/2022,45,45,41.9,43,978800
25/05/2022,43,43.95,41.75,43.95,4957000
26/05/2022,43,44,42,43,335800
27/05/2022,44,45,43.5,44.15,67000
30/05/2022,44.9,46,44.9,45.1,117900
31/05/2022,45.1,46,45,45.5,3292300
02/06/2022,46,47,45,45.5,9964800
03/06/2022,46,46,45.05,45.45,1946600
06/06/2022,46,46,45.2,45.5,5183500
07/06/2022,46,46,45,45,2740000
08/06/2022,45.5,45.95,45,45.1,31600
09/06/2022,45.45,45.45,44,45.1,190300
10/06/2022,45,45,43,43,104200
13/06/2022,43,44,42,42,356600
14/06/2022,42,42.2,41.7,41.7,721900
15/06/2022,41.7,41.7,40.05,40.9,184700
16/06/2022,40.9,40.9,40.35,40.4,242800
17/06/2022,40.5,40.9,39.55,39.95,740200
20/06/2022,41,41,39.85,39.9,88300
21/06/2022,39.9,40,39,39,2033000
22/06/2022,39,39.95,38.75,39.75,282100
23/06/2022,39,40,39,39.1,1066800
24/06/2022,39.1,39.1,39,39.1,5268200
27/06/2022,39.3,39.9,38.9,39,1807300
28/06/2022,39,39.9,39,39.9,1128900
29/06/2022,39.1,42,39.1,41,4685200
30/06/2022,42.45,43.8,40.5,43.2,1017500
01/07/2022,43,43.45,42,43.2,3507900
04/07/2022,43.7,43.7,43,43.5,3113400
05/07/2022,43.75,44,43,44,2115600
06/07/2022,45,45.05,44,45.05,2029300
07/07/2022,45,45.5,44,45.5,2378200
08/07/2022,46,46.5,45.5,46.5,923500
12/07/2022,46,47,44.5,44.5,1094400
13/07/2022,46,46,44,45,140600
14/07/2022,45,45,44.75,44.95,52500
15/07/2022,45,46,44,44,723700
18/07/2022,44.5,45,44,44.5,4758100
19/07/2022,45,45,43.9,44,266700
20/07/2022,44.5,44.9,44,44.5,1965500
21/07/2022,44,44.55,44,44.5,4685800
22/07/2022,45,45.85,44.5,45,305000
25/07/2022,45,45.85,45,45.1,189200
26/07/2022,45.9,45.5,45.3,45.5,179700
27/07/2022,46,47.5,45.2,47,2197200
28/07/2022,47.2,48.3,46.9,48,2506700
29/07/2022,48,48.15,47.6,48,8554400
01/08/2022,48.15,48.15,47.5,47.5,31500
02/08/2022,47.7,48,47.5,47.5,835100
03/08/2022,47.75,48,47.4,47.6,3131600
04/08/2022,47.5,48.5,47.5,48,2186800
05/08/2022,48.4,49.5,48,48.75,360100
08/08/2022,49,52.5,49,50,99300
10/08/2022,52.5,53.5,52,52,2252400
11/08/2022,52,53,50,50,1317800
12/08/2022,51.75,51.75,50,51.75,28400
15/08/2022,50,52,49.5,50.5,72000
16/08/2022,51,53,50.5,51,1181500
17/08/2022,52,52.75,50.5,51,47000
18/08/2022,51,51,48.75,48.75,129900
19/08/2022,50,50,47.5,48.5,296300
22/08/2022,48.5,50,48,49,180500
23/08/2022,49,50,48,48.5,157700
24/08/2022,48.9,50,47.85,48,2097300
25/08/2022,51,51,48,48.75,26000
26/08/2022,48.5,50,48.5,50,12200
29/08/2022,50,50,47.9,48,622100
30/08/2022,49,49,47.8,48,59900
31/08/2022,48.5,48.5,47.9,48,936600
01/09/2022,49,49,47.9,48,4769400
02/09/2022,48,50,48,48.15,368100
05/09/2022,50,52.5,47.95,49.15,1466600
06/09/2022,52.75,52.75,49.5,49.5,178300
07/09/2022,51,52,48.6,48.6,116800
08/09/2022,49,49,48.6,48.9,462500
09/09/2022,49,50,48.3,48.5,1013700
12/09/2022,50,50,47.5,47.95,3555100
14/09/2022,48,50,47,50,651700
15/09/2022,50,50,47.05,48,980100
16/09/2022,47.5,47.8,46,47,575800
19/09/2022,48.9,50,46,46.5,21800
20/09/2022,46.5,48,46.15,48,280200
21/09/2022,47.25,48,47,48,123700
22/09/2022,47.1,48.4,47.1,47.1,735800
23/09/2022,47.1,48.5,46.95,47,3233300
26/09/2022,47,47,46,46.95,486100
27/09/2022,46.5,46.95,46.05,46.95,660600
28/09/2022,46.9,47,46.35,47,244200
29/09/2022,47,48,46.4,46.4,61400
30/09/2022,47,47,46.2,46.2,69700
03/10/2022,46.4,47.1,46.1,46.5,470900
04/10/2022,48.5,48.5,46.2,46.3,421500
05/10/2022,46.3,46.3,46,46,193800
06/10/2022,46,46,44.2,44.5,326200
07/10/2022,46,46,44,44,2666100
11/10/2022,44.5,44.5,44.1,44.5,293100
12/10/2022,44.5,45,43.95,44,412900
13/10/2022,44,45,43.75,45,1541400
14/10/2022,46,46,44,45,1268500
17/10/2022,45,46,44,45,35500
18/10/2022,44.25,45,43.95,44,256600
19/10/2022,44.5,46,44.5,46,112700
21/10/2022,45,46,45,45,5200
24/10/2022,46,47,45.9,47,144600
25/10/2022,46.75,47,46,47,5022000
26/10/2022,47,47,46.5,46.9,9511100
27/10/2022,46.75,47.25,46,47,2181500
28/10/2022,47.5,47.5,46.5,47,804000
31/10/2022,46.8,46.8,46.5,46.8,13600
01/11/2022,46.8,46.8,46,46.5,2949700
02/11/2022,46.5,46.5,44,44,550800
03/11/2022,46,46,45,46,28000
04/11/2022,46,46,45,46,47900
07/11/2022,46,46,44,44,514900
08/11/2022,44,45,44,44.05,81500
09/11/2022,45,46,44.05,44.5,33300
10/11/2022,45,46,45,45.05,1018100
11/11/2022,45.05,46,45,45.05,138300
14/11/2022,46,46,45,45.5,449000
15/11/2022,46,46,45,45,403300
16/11/2022,45.4,45.9,45,45.8,19000
17/11/2022,45.8,46,45.5,46,402400
18/11/2022,45.6,47,45.5,47,24500
21/11/2022,45.5,46.5,45.5,45.8,4288700
22/11/2022,45.8,46.5,45,45,215300
23/11/2022,45,45.4,45,45.1,7754300
24/11/2022,45.1,45.7,45.1,45.4,25500
25/11/2022,45.5,46.8,45.5,46.8,176500
28/11/2022,45.95,47,45,45.65,54900
29/11/2022,45.65,47,45.5,45.65,4381500
30/11/2022,46.85,46.85,45.5,45.5,20000
01/12/2022,46.5,46.5,45,45,162000
02/12/2022,46.5,46.5,44.9,45.4,84700
05/12/2022,45.4,45.5,45,45,600200
06/12/2022,45,45.05,44.5,45,102500
07/12/2022,45,46,44.5,45,209100
08/12/2022,45,45.5,45,45,22400
09/12/2022,45,46.8,44.5,45,131700
13/12/2022,46,47,46,46,188800
14/12/2022,46,46.2,45,46.2,521900
15/12/2022,46.2,46.2,45.3,45.5,3528500
16/12/2022,45.5,46,45.5,46,472900
19/12/2022,46,46,45.45,45.5,647400
20/12/2022,46.2,46.2,45,45.25,3327900
21/12/2022,46,46.15,45,45.15,4246800
22/12/2022,45.5,46,45,46,135700
23/12/2022,45.5,45.75,45.25,45.25,3311200
28/12/2022,46.2,46.2,45.1,45.25,3844300
29/12/2022,45.25,46,45.1,45.5,257900
30/12/2022,45.5,46,42.25,44.9,3084600
03/01/2023,45.3,45.35,44.5,45.25,63500
04/01/2023,45,46,45,46,7582400
05/01/2023,46,46,45.2,45.2,1600500
06/01/2023,46,46,45.2,45.4,19300
09/01/2023,45.45,46.8,45.45,45.5,1342400
10/01/2023,45.4,46.5,45.4,46.5,3427300
11/01/2023,45.5,47.5,45.5,47.45,531900
12/01/2023,46.6,47,46.5,47,59000
13/01/2023,46.5,49,46.45,46.5,465200
16/01/2023,46.5,47,46.05,46.5,1598900
17/01/2023,46,46.5,46,46.5,147200
18/01/2023,46.4,46.5,45.8,46,3568500
19/01/2023,46,46.5,45.8,46,3028700
20/01/2023,45.8,46,45.6,45.9,1348200
23/01/2023,45.9,46,45.6,46,46900
24/01/2023,45.65,46,45.6,46,1729900
25/01/2023,45.75,45.75,45.5,45.7,2440900
26/01/2023,45.65,45.7,45.5,45.5,15200
27/01/2023,45.75,45.75,45.4,45.5,567200
30/01/2023,45.5,45.75,42.75,45,178200
31/01/2023,45,45,43.9,45,1733900
01/02/2023,45,45.75,44.5,45.75,44600
02/02/2023,45.5,45.75,45,45.75,67600
03/02/2023,46,46.5,45.05,45.75,34900
06/02/2023,46,46.45,45.8,45.8,1803900
07/02/2023,45.8,45.8,44.9,45,101200
08/02/2023,45.8,45.8,44.5,45,543100
09/02/2023,45.3,46,45.3,46,50700
10/02/2023,46,46,45.5,45.5,1773800
13/02/2023,45.75,46,45.4,46,35500
14/02/2023,45.75,47,45.75,46.5,637900
15/02/2023,46,46.5,45.95,46.15,4359300
16/02/2023,46.5,46.5,46.15,46.2,275600
17/02/2023,46.45,46.5,46.2,46.35,160600
20/02/2023,47,47,46.25,46.3,984600
21/02/2023,46.5,46.5,46,46,314900
22/02/2023,46.25,46.25,45.75,45.75,196700
23/02/2023,45.75,46,45.65,45.65,38200
24/02/2023,46,46,45.65,46,16600
27/02/2023,45.9,45.9,45.5,45.5,260200
28/02/2023,45.5,45.65,45.05,45.5,413600
01/03/2023,45.5,45.5,45.25,45.5,157900
02/03/2023,45.25,46,45.25,45.3,1057300
06/03/2023,45.5,45.5,44.5,44.7,380300
07/03/2023,44.7,44.7,44,44.45,38400
08/03/2023,44.25,44.4,43,43.05,561300
09/03/2023,44.5,44.5,43,43.05,478800
10/03/2023,43.25,43.25,42.5,43,197600
13/03/2023,44,44,42.6,42.8,125500
14/03/2023,42.8,42.9,42,42.2,144800
15/03/2023,42.2,42.4,40.55,41.8,79100
16/03/2023,42,42,39.25,39.25,1754000
17/03/2023,39.15,39.25,37.5,38,727600
20/03/2023,39,39,37.5,38,1949300
21/03/2023,38,39,37.75,38.45,1251000
22/03/2023,39.25,40,37.95,37.95,10175500
23/03/2023,40.2,40.2,37.7,37.9,1757100
24/03/2023,38.05,40,38,38.7,259800
27/03/2023,41.65,42,41,41.95,567200
28/03/2023,41.95,44.5,40.05,44,4359400
29/03/2023,44.5,45,43,45,5411900
30/03/2023,44.5,45.5,44.4,44.6,271900
31/03/2023,44.6,46.5,44.6,45,347100
03/04/2023,46,47,44.6,45.75,63200
04/04/2023,46.95,46.95,44.5,44.5,1769000
05/04/2023,44.25,45.95,44.25,45,23100
06/04/2023,45.5,45.5,44.5,45.5,518300
11/04/2023,45.85,45.85,45,45.5,198000
12/04/2023,45.5,45.5,44.6,45.5,1074000
13/04/2023,45,45.45,44.5,44.5,7848400
14/04/2023,45,45,44.3,44.5,432800
17/04/2023,44.5,45.5,44.5,45.45,20000
18/04/2023,45.5,45.5,44.5,44.5,53400
19/04/2023,45.5,46,44.8,46,993000
20/04/2023,46,46.25,45,46.25,229700
24/04/2023,45.15,46,45.1,46,18900
25/04/2023,45.55,47,45.55,46.5,185200
26/04/2023,46.35,47,45.8,46,1861800
27/04/2023,46,46.5,45.8,45.8,171200
28/04/2023,45.8,46.35,45.8,45.8,185200
02/05/2023,46,46.35,45.5,45.8,51000
03/05/2023,45.8,45.85,45.3,45.5,67400
04/05/2023,45.5,45.8,45.3,45.65,1467800
05/05/2023,45.5,45.8,45.05,45.5,35100
08/05/2023,45.5,45.5,44,45,42800
09/05/2023,45,45,44,44,46200
10/05/2023,44.75,44.75,43,43.5,55800
11/05/2023,44,44,41.5,42.5,33800
12/05/2023,42.5,42.5,40,41.5,55800
15/05/2023,40,41.5,40,40,102400
16/05/2023,40,40,39.6,39.8,1690500
17/05/2023,39.8,39.8,39,39.25,577200
18/05/2023,39.25,39.25,38.5,38.5,1010200
19/05/2023,39.25,39.25,37.6,39,3468000
22/05/2023,36.95,37.85,35,36,1346500
23/05/2023,36.5,36.5,35.55,36.1,90800
24/05/2023,36.85,36.95,36,36.5,650500
25/05/2023,36.8,37.2,36.5,36.6,775900
26/05/2023,37.45,37.45,36.4,36.8,3118400
29/05/2023,36.8,38,36.5,37.95,35100
30/05/2023,37.95,39.9,37.95,39.9,295600
31/05/2023,38.8,38.8,37,38.4,920500
02/06/2023,38,38.5,37.9,38.4,72200
05/06/2023,38.5,38.9,38,38,133200
06/06/2023,39,39,38.2,38.5,768200
07/06/2023,39,39,38.2,38.2,137800
08/06/2023,38.3,38.5,36.8,38,188200
09/06/2023,38,38,37.5,37.6,1007200
12/06/2023,37.9,37.95,37.65,37.7,39500
13/06/2023,37.85,37.95,37,37.65,696600
14/06/2023,37.55,37.55,37.05,37.05,1756600
15/06/2023,37.1,38,36.95,37.95,7078500
16/06/2023,37.95,37.95,37.1,37.1,435800
19/06/2023,38,38,37.1,38,41000
20/06/2023,38,38,37.7,37.75,26000
21/06/2023,37.75,38,37.75,37.85,83100
22/06/2023,38,38,37,37.5,1310800
23/06/2023,37.3,37.5,37.1,37.45,1154800
26/06/2023,37.5,38.5,37.45,38.5,1338100
27/06/2023,39.9,39.9,38,38,147900
29/06/2023,38.75,39.9,38.3,39.9,38900
30/06/2023,38.75,38.95,38,38,1114400
03/07/2023,38.25,39.75,38.25,39.05,1194900
04/07/2023,39.6,39.6,39,39.2,768600
05/07/2023,39.6,39.6,39.2,39.3,414600
06/07/2023,39.7,40.5,39.5,40.2,1604300
07/07/2023,40.5,40.5,40,40.35,3589900
10/07/2023,40.5,42.5,40,41,394100
11/07/2023,41.8,42.8,40.85,42.5,1458500
12/07/2023,42.5,42.8,41,42.8,2045200
13/07/2023,42.5,43,42.5,43,1230900
14/07/2023,43,43.5,43,43,144700
17/07/2023,43.45,43.6,43,43.6,1077400
18/07/2023,43.8,44.5,43.65,43.8,3094300
19/07/2023,44.05,44.35,44.05,44.35,118000
20/07/2023,44.2,44.5,44.1,44.5,3722300
21/07/2023,44.5,44.8,44.35,44.5,798900
24/07/2023,44.8,44.8,44.35,44.45,1034100
25/07/2023,44.45,45.5,44.45,44.5,986200
26/07/2023,44.5,44.5,41,41,420300
27/07/2023,43,43.5,39.5,42.6,792700
28/07/2023,43,43,40.5,40.5,119400
31/07/2023,42.25,42.25,40,42.2,408900
01/08/2023,41,42.25,41,42.25,28500
02/08/2023,41.5,42.25,40,41,411000
03/08/2023,41,41,40.45,40.45,160700
04/08/2023,40.05,41.5,40.05,41,79800
07/08/2023,41,41.5,41,41,1655200
08/08/2023,41.55,42,40.8,42,1605800
09/08/2023,41.55,42,40.6,42,8048000
10/08/2023,41,42,40.8,40.8,3037900
11/08/2023,41.5,42,40.5,41,2588400
14/08/2023,40.85,41.3,40.85,40.9,2848700
15/08/2023,40.8,41,39.1,39.1,235000
16/08/2023,40,40.75,39.5,40.7,523500
17/08/2023,41,42,40.05,40.05,162300
18/08/2023,40.7,40.7,40.5,40.6,12200
21/08/2023,40.05,40.05,38.85,39,1781000
22/08/2023,39.4,39.5,38.9,39.5,950800
23/08/2023,39.45,40,39.45,40,15900
24/08/2023,39.55,39.9,39.45,39.6,854900
25/08/2023,39.6,39.6,39.4,39.55,49800
28/08/2023,39.6,39.6,39.4,39.6,23400
29/08/2023,40,40,39.15,39.2,1013700
30/08/2023,39.5,39.5,39.35,39.5,27900
31/08/2023,39.5,39.5,38,38.5,1634900
01/09/2023,39.5,39.5,38,38.5,430500
04/09/2023,38.5,39,37.8,37.8,600100
05/09/2023,38,39.35,38,39.35,29900
06/09/2023,39,39.5,38.2,38.2,54100
07/09/2023,38.2,38.5,37,38,1587200
08/09/2023,37.8,37.8,37,37.25,176400
11/09/2023,38.5,38.5,37.3,37.5,166000
12/09/2023,37.5,37.5,37.05,37.05,4216500
13/09/2023,37.5,38.85,37.05,38,900700
14/09/2023,38.5,38.5,37.55,37.7,673700
15/09/2023,37.75,37.75,37.2,37.2,445300
18/09/2023,38,38,37.2,37.4,23600
19/09/2023,38.95,38.95,36.9,37,5613900
20/09/2023,37,37.7,36.8,37,212000
21/09/2023,37,37.75,36.95,37,110600
22/09/2023,37.7,37.7,36.8,36.9,682900
25/09/2023,37,37,36.5,36.6,118100
26/09/2023,36.8,36.8,36.55,36.6,49400
27/09/2023,36.6,36.6,36,36.25,357700
28/09/2023,36.1,36.1,35.9,35.95,182300
29/09/2023,35.8,35.9,35.4,35.4,344800
02/10/2023,36.5,36.5,35.4,35.9,299300
03/10/2023,35.9,37,35.9,37,1346300
04/10/2023,36,37,35.8,36.5,176800
05/10/2023,36.5,37,36,36.8,40400
06/10/2023,36.8,36.8,36.35,36.5,50600
09/10/2023,36.95,36.95,36.1,36.2,3432700
11/10/2023,36.95,36.95,36.05,36.95,285400
12/10/2023,36.95,36.95,36.2,36.3,258100
13/10/2023,36.3,36.95,36.3,36.5,54900
16/10/2023,36.6,37,36.5,37,36600
17/10/2023,37,38,36.5,38,1208300
18/10/2023,37.5,37.5,37,37.5,1552100
19/10/2023,37.05,38,37.05,37.05,70000
23/10/2023,37.25,37.25,37,37.25,1709300
24/10/2023,37.25,38,37,38,249700
25/10/2023,38,38,37.2,38,29700
26/10/2023,37.95,37.95,37.2,37.55,142400
27/10/2023,38,39,37.6,38,2072000
30/10/2023,37.95,38.1,37.8,38,15200
31/10/2023,39.95,39.95,37.5,38.1,585700
01/11/2023,38,38,37.05,37.05,1764800
02/11/2023,37.95,37.95,37,37.5,442500
03/11/2023,37.5,38,37,37.95,171300
06/11/2023,37.1,39,37,39,833100
07/11/2023,39,39,37,37.5,395200
08/11/2023,37.4,37.5,37,37.4,22000
09/11/2023,37,37.5,37,37.25,603200
10/11/2023,37.5,40,37.25,39,434900
14/11/2023,38,39.95,37.5,37.5,279400
15/11/2023,40,40,37.05,37.7,33600
16/11/2023,38,38,37.25,37.3,463600
17/11/2023,38,39,37.8,37.8,353900
20/11/2023,38,39,37.8,39,72400
21/11/2023,38,39.8,38,38.05,171500
22/11/2023,38.95,39,38.05,39,17800
23/11/2023,40,40,38,38,212000
24/11/2023,39,39,37.5,37.5,284500
27/11/2023,37.55,38,36.8,37,185200
01/12/2023,37.5,38.5,37,38,4498900
04/12/2023,38,38,36.85,37.55,1047800
05/12/2023,38,38,37.4,38,24400
06/12/2023,38.5,38.5,37,37,124900
07/12/2023,37.8,38,37.4,37.5,9200
08/12/2023,37.5,37.95,37.3,37.55,270400
11/12/2023,37.9,38,37,37.5,27400
13/12/2023,37.95,38,36.5,36.5,426300
14/12/2023,36.95,37.45,36,36.45,678000
15/12/2023,36.95,36.95,35.4,35.4,80900
18/12/2023,35.05,36,35.05,35.05,385100
19/12/2023,36,36,34.5,34.95,1405000
20/12/2023,35.5,35.5,34,34,1325400
21/12/2023,34.5,35,34,34,130600
22/12/2023,35.5,35.5,33.7,34,174900
27/12/2023,34,34.25,33.8,33.8,1355600
28/12/2023,34,34,33.8,33.8,220000
29/12/2023,33.85,34,33.6,33.8,709200
02/01/2024,34,37,33.8,34.5,26100
03/01/2024,34.55,36,34.55,35.1,68800
04/01/2024,36,37,35.5,35.65,408000
05/01/2024,35.6,37,35.5,36,1387600
08/01/2024,36,37,35.6,35.6,141400
09/01/2024,36,36,35.55,35.6,856500
10/01/2024,35.5,36.9,35.5,36,16700
11/01/2024,37,37,35.5,35.5,1273300
12/01/2024,36,36,35.5,35.65,84000
15/01/2024,36,36,35,36,38800
16/01/2024,36.5,36.5,35.9,36,891400
17/01/2024,36.05,36.5,36,36,2203600
18/01/2024,36.5,36.5,36,36.3,384100
19/01/2024,36.95,37,36.3,36.35,832700
22/01/2024,37,37,36,37,57200
23/01/2024,37,37,36.3,36.5,688500
24/01/2024,36.5,37.45,36.1,37,3823700
25/01/2024,38,38,36.5,37,1542200
26/01/2024,37,37.5,37,37.5,162200
29/01/2024,37.5,37.9,37,37.5,2530300
30/01/2024,37.9,38,37.2,37.55,1714300
31/01/2024,37.55,38.5,37.5,37.9,791300
01/02/2024,38,38,37.5,38,451900
02/02/2024,37.8,38.45,37.8,38.25,275200
05/02/2024,38,38.5,37.5,38.5,4977400
06/02/2024,38.45,38.45,37.5,37.5,4523400
07/02/2024,38.25,38.45,38,38,1024300
08/02/2024,38.2,38.2,37,37,454300
09/02/2024,37.5,37.5,37.1,37.5,25200
12/02/2024,38,38,37.2,37.5,18900
13/02/2024,37.5,38,37.3,38,2521100
14/02/2024,37.9,38,37.5,38,707200
15/02/2024,38,38.15,37.5,37.75,717000
16/02/2024,37.85,38.25,37.55,37.9,189300
19/02/2024,38,39,38,38.5,884000
20/02/2024,38.8,38.8,38.5,38.7,30600
21/02/2024,38.55,39.35,38.55,38.85,1940500
22/02/2024,38.85,41.5,38.85,41.5,1498600
23/02/2024,41,42,40.5,40.85,11021400
26/02/2024,41,41,40,40,817300
27/02/2024,40,40.5,39.6,40,3559900
28/02/2024,39.85,41,39.6,40.95,2993500
29/02/2024,40.95,41,40,41,29100
01/03/2024,40.9,40.9,39.85,40,4580800
04/03/2024,41,41,39.85,40,417100
05/03/2024,41,41,40,40,474200
06/03/2024,40.5,40.9,39.5,40,792800
07/03/2024,41,41,39.65,40,164200
08/03/2024,40,40.5,39.75,39.8,1730800
11/03/2024,40,41,39.8,40,3863600
12/03/2024,40,40,39.55,39.85,7854200
13/03/2024,40,41,40,41,628100
14/03/2024,40.4,42.3,40.4,42.3,147200
15/03/2024,42.3,44,41.6,41.6,611300
18/03/2024,43,43,42,43,187600
19/03/2024,42.85,43.9,42.7,43,4838900
20/03/2024,43.45,45.4,43,45.4,4165500
21/03/2024,45,45.4,43.5,45.4,951800
22/03/2024,45.4,45.75,45.05,45.5,4921800
25/03/2024,46,47.5,45.05,47.5,16061300
26/03/2024,48.5,50,46.55,50,631000
27/03/2024,49.95,51,49,49,4683300
28/03/2024,49,49,47,47.2,1668200
02/04/2024,47,47.2,46,47,2138300
03/04/2024,47,48.3,47,48.05,1917700
04/04/2024,48,48,46.5,47,22728100
05/04/2024,48,48,47,47,2507100
08/04/2024,45.55,47.8,45.55,47,1954600
09/04/2024,47.5,47.5,45.7,46.15,762200
11/04/2024,46.1,47,46.1,46.65,1843400
12/04/2024,47,47,46.05,46.05,79800
15/04/2024,46.05,47,45,45.85,660300
16/04/2024,46,46,45,46,867100
17/04/2024,45.05,45.05,44.25,44.5,82700
18/04/2024,44,44.55,42.5,44.55,928500
19/04/2024,44.55,44.55,41.7,42,976300
22/04/2024,44,44,42,42,68800
23/04/2024,42,42.1,41.75,41.95,147400
24/04/2024,42,42,40.5,41,320400
25/04/2024,41.8,43,41.2,43,735000
26/04/2024,43,45,42.5,43,720100
29/04/2024,43.1,45,42.25,42.25,614900
30/04/2024,43,43,42.25,42.45,276000
02/05/2024,42.2,43,42.2,42.25,253400
03/05/2024,42.6,43,42.3,42.5,144300
06/05/2024,42.8,42.8,42.35,42.45,432000
07/05/2024,42.5,42.5,42,42,155400
08/05/2024,42.05,42.5,41.75,42.5,3162300
09/05/2024,42.7,42.7,41.7,42.55,3067800
13/05/2024,43,45,43,44.9,66400
14/05/2024,44.95,44.95,44.05,44.2,112200
15/05/2024,43.3,45,43.3,44.05,3118100
16/05/2024,44.05,45,44,44.5,621100
17/05/2024,45,46.05,44.5,45,1449600
20/05/2024,45,46.75,45,46.5,3850500
21/05/2024,46.95,47.1,46.5,47,1429100
22/05/2024,47,47.1,46.6,47,3214700
23/05/2024,46.6,47.05,46,46.6,602800
24/05/2024,46.6,46.95,46,46.5,1721100
27/05/2024,45,45,42.05,42.55,1987600
28/05/2024,43.95,44,42.55,43.5,7724400
29/05/2024,43.7,44,43.5,43.55,4277700
30/05/2024,44,44,43.25,43.55,7280300
31/05/2024,43.5,43.9,43.3,43.55,4766700
03/06/2024,44,44,43.5,43.55,2158800
04/06/2024,43.5,44,43.5,43.7,1749300
05/06/2024,43.55,44,43.55,43.65,1079000
06/06/2024,43.75,43.8,43,43.7,2997300
07/06/2024,43.7,44,43.7,43.8,1392300
10/06/2024,44,44,43,43,43700
11/06/2024,43.8,43.8,43,43.8,111500
12/06/2024,43.5,44,43.05,43.8,39200
13/06/2024,43.8,43.8,43.05,43.8,21600
14/06/2024,43.8,44.3,43.75,43.75,59700
18/06/2024,43.1,43.85,43,43.5,285400
19/06/2024,43.5,43.6,43,43.4,3425000
20/06/2024,43.4,43.55,43,43.5,578600
21/06/2024,43.05,43.5,43,43,777900
24/06/2024,43.5,43.5,42.65,42.95,38400
25/06/2024,43.25,43.25,42.65,43,12800
26/06/2024,43,43.4,42.6,42.8,549200
27/06/2024,42.8,42.9,42.5,42.5,21800
28/06/2024,43,43,42,42.25,116200
01/07/2024,42.3,43,41,43,145400
02/07/2024,41,43,41,41.65,169800
03/07/2024,41.65,42,41,42,37200
04/07/2024,42,42,41.05,41.1,3335900
05/07/2024,41.1,43.35,41.1,42,731300
08/07/2024,42.95,43.5,42.25,43.5,482700
09/07/2024,43.85,44.05,43.7,43.85,663700
10/07/2024,45,45,43.5,43.8,623600
11/07/2024,43.8,44,43,43,125200
12/07/2024,43.4,43.75,43,43,41100
15/07/2024,43.3,43.3,42.8,42.95,642300
16/07/2024,43.2,43.2,42.75,42.8,473000
17/07/2024,43.2,43.2,42.35,42.5,199800
18/07/2024,42.9,42.9,42.55,42.75,25900
19/07/2024,42.75,42.75,42.55,42.55,8300
22/07/2024,43.8,43.8,42.3,42.3,66900
23/07/2024,42.3,42.3,41.55,41.7,2689900
24/07/2024,41.05,42,41.05,41.7,85000
25/07/2024,41.05,41.5,40.8,41.5,1750900
26/07/2024,41.5,41.5,40.6,41.25,178700
29/07/2024,41.3,41.3,40.65,40.8,8800800
30/07/2024,42.5,42.5,40,40.15,840000
31/07/2024,41,41,40.4,40.5,122500
01/08/2024,41,41,40.45,40.5,356400
02/08/2024,40.4,41,40.2,40.5,88500
05/08/2024,41,41,39.5,39.8,513100
06/08/2024,39,40.1,38.45,39.9,2134800
07/08/2024,40,40,38.35,38.4,4688100
08/08/2024,38.4,40,38.4,38.5,4216100
09/08/2024,38.55,40.5,38.55,40.5,21500
12/08/2024,39.95,42.5,39.5,39.5,254700
13/08/2024,40,40.25,39.95,40,334600
14/08/2024,40,40.5,39.95,40.5,380300
15/08/2024,40.1,41,40.1,40.45,195900
16/08/2024,40,40.55,40,40.5,791600
19/08/2024,40,40.75,40,40.5,187300
20/08/2024,40.5,41,40.5,41,1063800
21/08/2024,42,42,40.45,40.75,114200
22/08/2024,40,41,40,40.2,147500
23/08/2024,40.2,40.75,40.2,40.5,1328600
26/08/2024,40.5,41,40.2,40.2,14800
27/08/2024,41,41,40,40.5,2027300
28/08/2024,40.5,41,40.5,40.65,78300
29/08/2024,40.75,41,40.6,40.8,956100
30/08/2024,41.2,41.85,40.7,41.85,281600
02/09/2024,41,42.5,40.25,42,16800
03/09/2024,42.5,44,40.1,43,49200
04/09/2024,43,43.5,42,43,1314200
05/09/2024,42,43.4,42,43.4,61200
06/09/2024,43,43.5,43,43.5,51800
09/09/2024,43,43.9,43,43.6,2800000
10/09/2024,42.5,44.9,40.05,43.75,1260700
11/09/2024,43.7,43.95,43,43.5,170100
12/09/2024,44,44,43,43.2,72100
13/09/2024,43.4,43.75,43,43.5,908300
16/09/2024,43.7,43.7,41,42.5,1033700
17/09/2024,43,43.2,42,42,1486900
18/09/2024,43.5,43.5,40.6,43,5899800
19/09/2024,43,43.45,42.5,42.5,135200
20/09/2024,43.5,43.5,42,42.05,1196300
23/09/2024,42,42.2,41.55,41.65,378100
24/09/2024,42,44,42,44,409000
25/09/2024,42.15,43.95,42.15,43.95,10300
26/09/2024,43.5,43.95,43,43.9,66700
27/09/2024,43.5,43.5,43,43.3,121800
30/09/2024,43.5,46,43.5,44,213400
01/10/2024,44,44.9,43.65,44.9,53900
02/10/2024,44.95,44.95,44.3,44.85,262200
03/10/2024,44.35,44.85,42,44.5,2914000
04/10/2024,44.4,44.85,44.2,44.5,49400
07/10/2024,44.75,45.45,44.5,45,745000
08/10/2024,45.45,45.9,45,45.9,197400
09/10/2024,45,46,45,45.5,123600
11/10/2024,45.55,48.5,45.5,47.6,697100
14/10/2024,47.5,47.5,45.65,46,337300
15/10/2024,46.5,47.3,46.5,47,130200
16/10/2024,47,49.85,47,48.3,570800
17/10/2024,48.5,50,48,50,351500
18/10/2024,49.2,49.25,47,48,207800
22/10/2024,47.5,48,45.5,45.55,172600
23/10/2024,47,47.5,45.5,46.25,45900
24/10/2024,46,47.5,45.55,45.75,20400
25/10/2024,46,47.5,46,47.5,30300
28/10/2024,47,47.5,46.3,47,37900
29/10/2024,47.2,47.5,46.3,47.15,215400
30/10/2024,47,47.5,47,47.5,32400
31/10/2024,47.15,47.6,47,47.55,99400
04/11/2024,47.55,47.55,47,47.5,397200
05/11/2024,47,47.5,47,47.3,1273500
06/11/2024,47.4,47.95,47.4,47.55,117900
07/11/2024,47.65,48.5,47.65,48,1164500
08/11/2024,48.1,48.5,48,48.1,445100
11/11/2024,48.45,48.45,48.05,48.1,92500
12/11/2024,48.2,49,48.1,49,111600
13/11/2024,48.55,49.85,48.55,49.85,227900
14/11/2024,49.8,51,49,51,567500
15/11/2024,50.75,51,48.5,50,49000
18/11/2024,48.5,49.9,48,49,594700
19/11/2024,49,49,48,48.5,1023300
20/11/2024,49,49,47,47,2048400
21/11/2024,47,47,45.6,46.1,89800
22/11/2024,46.15,46.5,45.1,45.85,236700
25/11/2024,45.5,46,45,45.5,1074600
26/11/2024,45.55,45.55,44,44.5,3863900
27/11/2024,44.5,45.85,44.25,45,5452400
28/11/2024,44.8,45,44.2,45,4422500
29/11/2024,45,45.55,44.25,45,3179900
02/12/2024,45,46,45,45,640300
03/12/2024,46,46,45.05,45.7,424300
04/12/2024,45.7,45.7,44.75,45,2392900
05/12/2024,45,45.5,44.55,45,9646300
06/12/2024,45.7,45.7,44.75,45,25800
09/12/2024,44.8,47.85,44.8,46.5,139600
10/12/2024,46,48.5,46,48.1,51700
11/12/2024,47,48.75,47,48.75,297300
13/12/2024,48.7,48.7,47,47,1038900
16/12/2024,48,48,45.05,47,178800
17/12/2024,47,47,45.5,46.25,666100
18/12/2024,47,47,46,46.5,1152200
19/12/2024,46.15,46.5,45.75,45.8,648500
20/12/2024,46,46.2,45.55,45.9,821800
23/12/2024,46,47,45.5,46,52000
24/12/2024,46,47,45.85,46,2407400
27/12/2024,46,48,46,48,133600
30/12/2024,48,49,46.2,47,1162300
31/12/2024,48,49.9,47.15,49,9300
02/01/2025,48.5,48.5,47.8,48,161900
03/01/2025,48.1,48.95,47.7,48,105100
06/01/2025,48,48,47,47.5,2722400
07/01/2025,48.25,48.25,47.5,47.95,368600
08/01/2025,47.9,47.95,47.25,47.5,1314600
09/01/2025,47.5,48,47.25,47.6,539600
10/01/2025,47.55,48,47.05,48,2212200
13/01/2025,47.5,48.4,47.5,48,15000
14/01/2025,50,50,47.7,48.5,129500
15/01/2025,48.95,48.95,47.8,48,177200
16/01/2025,48.5,49,47.8,48.5,1744400
17/01/2025,48,49,48,48.2,1810200
20/01/2025,48.5,49,48,48.5,463200
21/01/2025,48.5,49.8,48,48.6,466900
22/01/2025,49,49.65,48.1,48.1,94700
23/01/2025,48.5,49.45,48.2,49,156600
24/01/2025,49.45,49.45,48.5,48.6,12900
27/01/2025,49,49,48.1,48.9,82300
28/01/2025,48.55,49,48.5,49,1333000
29/01/2025,48.4,48.55,48,48.3,1078300
30/01/2025,48.5,48.5,47.05,47.1,72200
31/01/2025,47.8,47.9,46.05,46.05,56300
03/02/2025,48,48,47,47,2730900
04/02/2025,48,48.5,47,48.45,2949300
05/02/2025,48.5,49,48.45,49,776000
06/02/2025,48.65,49,48,48.5,554200
07/02/2025,48.6,48.6,47.6,48,1346400
10/02/2025,47.5,48,47.5,48,312000
11/02/2025,48,48,47.8,47.95,42900
12/02/2025,48.5,48.5,47.85,48,39300
13/02/2025,48,48,47.3,47.35,779900
14/02/2025,48,48,46.95,46.95,3102300
17/02/2025,50,50,46.75,47,858500
18/02/2025,46.95,46.95,46.6,46.75,806900
19/02/2025,46.65,46.9,46.6,46.9,1695600
20/02/2025,46.95,47.65,46.75,47.5,652800
21/02/2025,47,47.5,46.9,47.5,1282700
24/02/2025,47.8,49,47,48.5,141600
25/02/2025,48,49,47.95,48,620200
26/02/2025,48.5,48.5,47.85,48.5,142200
27/02/2025,48,49,48,48.5,325000
28/02/2025,48.45,49,48.45,49,405600
03/03/2025,48.7,49,48.6,48.6,1349500
04/03/2025,49.95,49.95,48.3,48.5,252800
05/03/2025,48.3,48.7,48.25,48.5,4345200
06/03/2025,48.5,48.5,48.25,48.4,156500
07/03/2025,48.4,49,48.3,49,170500
10/03/2025,48.55,48.6,48.4,48.5,289300
11/03/2025,48.5,48.5,48.45,48.5,3435200
12/03/2025,48.4,48.5,48.1,48.5,34000
13/03/2025,48.1,48.5,47.1,47.1,43500
14/03/2025,47.8,47.8,47.4,47.5,118100
17/03/2025,47.35,47.8,47.35,47.5,87200
18/03/2025,47.7,47.8,46.8,47.5,5486500
19/03/2025,47.5,47.5,46.8,47.3,702100
20/03/2025,47.3,47.3,46.5,47,123400
21/03/2025,46.95,47,46.1,46.5,988300
24/03/2025,46.5,46.9,46.1,46.4,590200
25/03/2025,46.2,46.4,46.05,46.1,889100
26/03/2025,46.35,46.35,46,46.2,241300
27/03/2025,47,47,46.5,47,205000
28/03/2025,47.2,48.4,46.8,47,1087700
01/04/2025,48.4,49,47,47.7,102400
02/04/2025,47,48,47,48,161300
03/04/2025,48,48,47,47,239600
04/04/2025,48,48,46.55,46.8,356600
07/04/2025,46.5,46.5,43.5,44.8,152200
08/04/2025,45,45,43.8,43.9,1659200
09/04/2025,43.8,44,41.3,41.3,938900
10/04/2025,43.2,45,43,44.05,1826000
11/04/2025,45,45,44,44.15,200400
14/04/2025,45,46.8,44.5,45,82400
15/04/2025,45,45,44.5,44.5,636600
16/04/2025,44.5,44.55,44,44.5,170200
17/04/2025,44.55,47,44.4,47,97400
22/04/2025,45,45.5,44.5,45.5,27663600
23/04/2025,49.05,49.05,45,46,59300
24/04/2025,45.1,46,44.6,45,393800
25/04/2025,45,48,45,45.5,219600
28/04/2025,45,45.5,44.5,44.5,195500
29/04/2025,44.5,45.5,44.5,45,18000
30/04/2025,46,48,45,48,3129500
02/05/2025,47,48,45,46,387200
05/05/2025,46.4,47,46.05,46.05,75100
06/05/2025,46.1,48,46.1,46.75,4046600
07/05/2025,47.5,48,46.75,47.75,57700
08/05/2025,47.95,48,46.75,47.9,25100
09/05/2025,47.9,47.95,47,47.25,2342700
12/05/2025,46.8,47.5,46.8,47,776500
13/05/2025,47.75,47.8,47.25,47.8,2764100
14/05/2025,47.75,48.5,47.5,47.75,138600
15/05/2025,48.5,48.95,48,48.1,1807000
16/05/2025,48,48.95,48,48.6,1950700
19/05/2025,48.9,48.95,48.05,48.95,41800
20/05/2025,48.7,49.4,48.1,48.5,2402900
21/05/2025,48.5,48.9,48.5,48.6,3185500
22/05/2025,48.2,48.8,48,48.3,133900
23/05/2025,48,48.85,48,48.25,453600
26/05/2025,44,44.5,43.8,43.95,465900
27/05/2025,44.2,44.2,42,43.5,381800
28/05/2025,43.95,43.95,43.5,43.55,2097800
29/05/2025,43.75,43.75,43.05,43.4,882900
30/05/2025,43.4,43.5,42.6,43,268800
03/06/2025,43,43,41.2,42.6,3561600
04/06/2025,42.8,45,42.8,44.2,544800
05/06/2025,44.2,46,44.2,44.9,546700
09/06/2025,44.9,45,42.85,44.6,1309700
10/06/2025,45,45,44.05,45,1047000
11/06/2025,45.5,46,44.9,46,315600
12/06/2025,45.5,46.45,45.1,46,359600
13/06/2025,46,46.5,45.1,46.05,7242700
16/06/2025,46.4,47,45.2,46.45,572500
17/06/2025,46.5,46.6,45.6,46.5,310100
18/06/2025,46.5,46.5,45.95,46,1145400
19/06/2025,46,46.5,46,46.45,555100
20/06/2025,46.2,46.45,46.1,46.15,917000
23/06/2025,46.45,46.45,46,46.15,17300
24/06/2025,46.2,47,46,46.9,358400
25/06/2025,46.9,48,46.55,47.15,883600
26/06/2025,47.5,48.4,46.5,48,328300
27/06/2025,48,49.1,47.5,49,645700
30/06/2025,49,49.65,48.3,49.1,2009400
01/07/2025,49.9,50.5,49.1,50,617000
02/07/2025,49.9,51,49.9,50.5,1195500
03/07/2025,50,52.5,50,52,7258600
04/07/2025,52.25,52.25,50,51.5,1748300
07/07/2025,50,51.75,50,50.5,250700
08/07/2025,51.5,51.5,50,50.5,2145100
09/07/2025,50.25,50.25,49,49,509500
10/07/2025,49.7,49.7,49,49.7,1996400
11/07/2025,49,49.8,49,49.5,123300
14/07/2025,49.5,49.5,48,49,88200
15/07/2025,48.6,49.65,48.6,49.65,1322000
16/07/2025,49.5,50,49,49.5,5894100
17/07/2025,50,50.5,49.25,49.25,192100
18/07/2025,49.25,50,49.25,49.65,5095600
21/07/2025,49.65,50,49.65,49.8,28700
22/07/2025,49.7,50,49.5,49.7,148900
23/07/2025,49.7,50,49.5,50,820200
24/07/2025,49.9,50.75,49.5,50.75,147900
25/07/2025,50,50.75,50,50.5,417400
28/07/2025,50.75,50.75,48.65,49.65,140600
29/07/2025,50,51.5,48.65,50.5,281300
30/07/2025,50.5,51.25,50,51,466100
31/07/2025,50.25,51,50.25,50.5,427200
01/08/2025,50.5,50.75,50.25,50.5,1866100
