Date,Open,High,Low,Close,Volume
04/01/2010,13,13.5,12.9,13.5,79300
05/01/2010,13.15,13.3,13.15,13.15,204200
06/01/2010,13.2,13.3,13,13,223600
07/01/2010,13.15,13.2,13,13,166800
08/01/2010,13.1,13.75,13.1,13.55,492600
11/01/2010,13.5,14.1,13.5,14.1,180400
12/01/2010,13.8,14,13.8,13.95,278900
13/01/2010,14,15.15,14,14.2,347000
14/01/2010,15,16.1,15,15.1,348400
15/01/2010,15.5,15.5,14.6,14.6,238200
18/01/2010,15,15,14.15,14.5,118900
19/01/2010,15,15.5,13.25,15.25,266500
20/01/2010,15.2,15.45,15.15,15.3,304300
21/01/2010,15.25,15.45,15.2,15.25,337800
22/01/2010,15.25,15.35,15.15,15.25,449000
25/01/2010,15.1,15.3,14.5,15,214700
26/01/2010,15.25,15.25,14,14.5,78300
27/01/2010,14,14.6,14,14.6,103000
28/01/2010,15.4,15.4,14.35,14.35,130900
29/01/2010,14.5,14.6,14.2,14.5,182000
01/02/2010,14.5,14.5,13.15,14,245200
02/02/2010,14,14.1,13.5,14,302500
03/02/2010,14,14,13.5,14,124300
04/02/2010,13.95,14.1,13.5,14,256400
05/02/2010,13.8,14.5,13.65,14.25,197800
08/02/2010,14,14.55,14,14.05,85200
09/02/2010,14,14.2,14,14,213300
10/02/2010,14,14.15,13.9,14.05,376600
11/02/2010,14,14.8,13.5,13.8,184100
12/02/2010,13.8,14.05,13.8,14,1287700
15/02/2010,14,14.05,13.7,13.95,86400
16/02/2010,13.8,14,13.5,13.8,365200
17/02/2010,13.8,13.85,13.4,13.75,280100
18/02/2010,13.5,13.6,13.3,13.3,142200
19/02/2010,13.4,13.7,13.1,13.7,135600
22/02/2010,13.4,13.8,13.4,13.8,75400
23/02/2010,13.7,13.9,13.55,13.65,122600
24/02/2010,13.7,13.8,13.6,13.65,108200
25/02/2010,13.65,13.75,13.5,13.75,109200
26/02/2010,13.7,13.8,13.1,13.2,117200
01/03/2010,13.55,13.55,12.9,12.9,197800
02/03/2010,13,13.3,13,13.1,251600
03/03/2010,13,13.15,13,13,368500
04/03/2010,13.05,13.25,13.05,13.1,102200
05/03/2010,13.1,13.25,13,13,176900
08/03/2010,13.1,13.65,13.05,13.35,376100
09/03/2010,13.4,14.1,13.4,14.05,167600
10/03/2010,14.05,15.15,14,15.15,381800
11/03/2010,16.2,16.2,15.2,16,1768300
12/03/2010,16,16,15.45,15.5,611700
15/03/2010,15.5,15.5,14.25,14.5,206600
16/03/2010,14.5,15,14.3,14.8,238100
17/03/2010,14.8,15,14.3,14.6,135400
18/03/2010,14.6,14.65,14.3,14.6,159500
19/03/2010,14.6,14.6,14.1,14.6,208700
22/03/2010,14.35,15.75,14.1,14.55,586000
23/03/2010,14.6,15,14.5,14.8,632200
24/03/2010,14.7,14.75,14.5,14.6,273300
25/03/2010,14.6,15.1,14.6,15,3965700
26/03/2010,14.95,15.2,14.95,15,534200
29/03/2010,15,15.2,14.75,15.2,774900
30/03/2010,15,15.1,15,15,707700
31/03/2010,15,15.2,14.95,15.05,1691600
01/04/2010,15,15.2,14.9,15.1,201700
06/04/2010,15,15.1,14.8,15.05,162700
07/04/2010,15,15.2,15,15.05,375600
08/04/2010,15.05,15.5,15,15.05,607200
09/04/2010,15,15.25,15,15.1,174200
12/04/2010,15.1,15.2,15.1,15.2,305900
13/04/2010,15.15,15.25,15.1,15.15,353600
14/04/2010,15.15,15.3,15.15,15.2,364000
15/04/2010,15.2,15.6,15.2,15.5,301100
16/04/2010,15.5,15.6,15.5,15.5,115100
19/04/2010,15.5,15.5,15.2,15.2,161700
20/04/2010,15.2,15.4,15.05,15.3,155500
21/04/2010,15.15,15.4,15,15.4,324800
22/04/2010,15.25,15.5,15.25,15.5,232500
23/04/2010,15.4,15.7,15.4,15.7,294400
26/04/2010,15.5,17,15.5,16,426800
27/04/2010,16,16.5,16,16,609500
28/04/2010,16,16.5,15.65,16.1,597700
29/04/2010,16,16.3,15.7,16.3,154000
30/04/2010,16,16.05,15.65,16,139100
03/05/2010,16,16,15.6,15.6,138100
04/05/2010,15.8,16,15.7,15.95,231300
05/05/2010,15.9,17,15.85,15.85,501500
06/05/2010,16.6,17.5,16.6,16.95,2771500
07/05/2010,16.95,17.5,16.8,17.1,387100
10/05/2010,16.8,17.25,16.7,16.7,131000
11/05/2010,16.8,17,16.5,16.9,1290800
12/05/2010,17,17.25,16.7,17,606600
13/05/2010,17,17.45,17,17.45,2292700
14/05/2010,17.45,17.45,17.1,17.15,163500
17/05/2010,17.3,17.3,17.2,17.2,329900
18/05/2010,17.25,17.5,17.25,17.45,290000
19/05/2010,17.35,17.5,16.75,17.3,457100
20/05/2010,17.3,17.7,17.25,17.4,794700
21/05/2010,17.35,17.5,17.35,17.35,173100
24/05/2010,17.35,17.45,17.3,17.3,209300
25/05/2010,17.35,17.35,15.8,16.5,392700
26/05/2010,17,17.1,16.5,17,485600
27/05/2010,17,17,16.25,16.6,1009300
28/05/2010,16.8,17.2,16.4,17,350900
31/05/2010,16.9,17.1,16.8,16.9,155700
02/06/2010,16.95,17.1,16.9,16.9,121000
03/06/2010,16.95,17.1,16.8,17,353900
04/06/2010,16.95,17.2,15.3,17,181700
07/06/2010,17,17.1,16.95,17,135400
08/06/2010,17,17.1,17,17,377800
09/06/2010,17,17.1,16.95,17.1,201500
10/06/2010,17,17.2,17,17.05,131800
11/06/2010,17,17.1,16.95,16.95,188100
14/06/2010,17,17.05,16.95,17,159700
15/06/2010,17,17.3,17,17.15,322200
16/06/2010,17.1,17.4,17.1,17.2,198800
17/06/2010,17.15,17.4,16.5,17.35,156100
18/06/2010,17.15,17.2,16.9,17.15,712400
21/06/2010,17.1,17.1,16.95,17,139700
22/06/2010,17,17.2,17,17.1,309600
23/06/2010,17.1,17.15,17.05,17.1,153600
24/06/2010,17.1,17.2,17,17,229100
25/06/2010,17.1,17.1,16.8,17,77100
28/06/2010,17,17.15,16.5,17.05,300000
29/06/2010,17,17.1,17,17.05,154000
30/06/2010,17,17.2,17,17.15,763100
01/07/2010,17,17.2,17,17.05,339300
02/07/2010,17.1,17.1,17,17,82700
05/07/2010,17,17.1,16.5,17.1,703900
06/07/2010,17,17.1,16.5,17,184800
07/07/2010,17,17,16.8,16.8,726800
08/07/2010,17,17.1,17,17,395300
09/07/2010,17,17.1,16.5,17,118000
12/07/2010,17,17.1,17,17.05,218600
13/07/2010,17.1,17.5,17,17.5,399400
14/07/2010,17,17.85,17,17.8,578100
15/07/2010,18,18,17,17.7,286700
16/07/2010,17.5,17.55,17.2,17.4,122000
19/07/2010,17.35,17.8,17.15,17.45,297200
20/07/2010,17.5,17.9,17.4,17.4,258900
21/07/2010,17.45,17.45,17,17,203300
22/07/2010,17,17.1,17,17,199700
23/07/2010,17,17.05,16.5,17,215500
26/07/2010,17,17.3,16.9,17,321700
27/07/2010,17,17.05,17,17,146300
28/07/2010,17,17.1,17,17.1,163900
29/07/2010,17.1,17.4,17.1,17.3,92100
30/07/2010,17.3,17.95,17.3,17.6,263200
02/08/2010,17.6,18.3,17.5,17.7,1662200
03/08/2010,18,18.25,18,18.1,1122700
05/08/2010,18,18.9,18,18.2,1159900
06/08/2010,18.2,18.7,18.15,18.3,195600
09/08/2010,18.3,18.7,18.3,18.3,116700
10/08/2010,18.35,18.5,18,18.1,167100
11/08/2010,18.3,18.35,18,18,587100
12/08/2010,18.15,18.2,17.6,17.6,83500
13/08/2010,17.85,17.85,17,17.6,148300
16/08/2010,17.4,17.4,17,17.15,235200
17/08/2010,17.15,17.35,17.15,17.25,177700
18/08/2010,17.3,17.5,17.25,17.5,251800
19/08/2010,17.5,17.9,17.5,17.7,244900
20/08/2010,17.65,17.8,17.6,17.65,191500
23/08/2010,17.65,17.7,17.5,17.5,661400
24/08/2010,17.5,17.7,17.5,17.6,205000
25/08/2010,17.55,17.6,17.5,17.6,392500
26/08/2010,17.5,17.6,17.5,17.6,362200
30/08/2010,17.5,17.55,17.4,17.5,307300
31/08/2010,17.45,17.6,17.35,17.55,336800
01/09/2010,17.4,17.5,17.25,17.4,220000
02/09/2010,17.35,17.4,17.05,17.2,129200
03/09/2010,17.2,17.25,17.1,17.2,176300
06/09/2010,17.1,17.3,17,17.1,243700
07/09/2010,17.1,17.3,17.1,17.25,194900
08/09/2010,17.2,17.35,17.15,17.3,183000
09/09/2010,17.3,17.4,17.3,17.35,122600
10/09/2010,17.3,17.7,17.3,17.7,293500
13/09/2010,17.5,17.55,17.3,17.3,239800
14/09/2010,17.3,17.8,17.3,17.8,275100
15/09/2010,17.5,17.7,17.5,17.7,277900
16/09/2010,17.6,17.8,17.6,17.7,145500
17/09/2010,17.7,18.5,17.7,18.25,316100
20/09/2010,18,19,17.8,18.5,717700
21/09/2010,18.2,18.3,17.8,18,125100
22/09/2010,17.85,18.6,17.85,18.6,738800
23/09/2010,18.4,18.65,18.4,18.5,212100
24/09/2010,18.5,18.6,18.1,18.5,393500
27/09/2010,18.4,18.6,18.4,18.5,276700
28/09/2010,18.5,18.55,18.45,18.5,435900
29/09/2010,18.5,18.55,17.5,17.5,639100
30/09/2010,18.4,18.4,17.5,17.7,117400
01/10/2010,17.6,18.2,17.55,17.75,197000
04/10/2010,17.6,17.75,17.5,17.7,249300
05/10/2010,17.6,17.75,17.55,17.65,179000
06/10/2010,17.6,18,17.55,17.6,193000
07/10/2010,17.65,18.2,17.55,17.6,260200
08/10/2010,17.65,17.65,17.5,17.6,98700
11/10/2010,17.5,17.85,17.5,17.55,602000
12/10/2010,17.6,17.75,17.55,17.55,142400
13/10/2010,17.5,17.5,16.4,17,758400
14/10/2010,16.6,16.6,15.65,16.05,259000
15/10/2010,16,16.7,15.85,16.5,413300
18/10/2010,16.5,17,16.5,16.9,199200
19/10/2010,16.8,17.4,16.8,17,136200
21/10/2010,17,17.55,17,17.4,300500
22/10/2010,17.4,17.75,17.4,17.7,395600
25/10/2010,17.65,17.65,17.5,17.5,317400
26/10/2010,17.5,17.6,17.5,17.5,402500
27/10/2010,17.5,17.6,17.5,17.55,1090200
28/10/2010,17.5,18,17.5,17.55,637400
29/10/2010,18,18.35,17.65,18,347000
01/11/2010,17.95,18,17.5,17.55,107000
02/11/2010,17.5,17.55,17.05,17.15,135200
03/11/2010,17.4,17.5,17,17.05,1125100
04/11/2010,17.4,17.4,17,17.05,869700
05/11/2010,17.05,17.35,17.05,17.15,144100
08/11/2010,17.15,17.5,17.15,17.45,517100
09/11/2010,17.3,17.45,17.15,17.15,145000
10/11/2010,17.3,17.35,17.1,17.1,3212500
11/11/2010,17.2,17.2,17,17,486400
12/11/2010,17.1,17.35,16.8,17.35,315300
15/11/2010,16.9,17,16.5,17,417900
16/11/2010,16.5,17.2,15.2,17,628700
17/11/2010,17,17.3,17,17.25,478700
18/11/2010,17.1,18,17,17.6,2389100
19/11/2010,17.6,18,17.5,17.75,269100
22/11/2010,17.5,17.8,16.8,17,1317900
23/11/2010,17.3,17.9,16.65,17.75,1356700
24/11/2010,17.5,17.65,17,17.05,93500
25/11/2010,17.5,17.6,16.5,16.5,408400
26/11/2010,17,17,16.85,16.9,186800
29/11/2010,17,17.05,16.5,16.6,285300
30/11/2010,16.6,16.7,16,16,203200
01/12/2010,16.6,16.6,16.05,16.25,206400
02/12/2010,17.55,17.55,15.3,16.2,362600
03/12/2010,16.2,16.8,16.2,16.75,197700
06/12/2010,16.3,17,16.3,16.4,229800
07/12/2010,16.5,17,16.4,16.4,253600
08/12/2010,16.5,17,16.5,17,526800
09/12/2010,16.8,17.5,16.8,17.05,172700
10/12/2010,17,17.05,17,17.05,314900
14/12/2010,17,17.2,16.5,17,213900
15/12/2010,17,17.2,16.8,17,519900
16/12/2010,16.95,17,16.8,17,418700
17/12/2010,16.75,17.1,16.5,17,188000
20/12/2010,17,17.5,17,17.05,2326700
21/12/2010,17.05,17.5,17,17.05,256200
22/12/2010,17.3,17.3,17,17.15,97800
23/12/2010,17.3,17.3,17.05,17.3,129900
24/12/2010,17.05,17.5,17,17.5,69800
27/12/2010,17,17,16.75,16.75,119800
28/12/2010,17,17,16.75,16.8,51300
29/12/2010,16.8,17.1,16.75,17,224000
30/12/2010,17,17.1,16.75,17,71300
31/12/2010,16.95,17.05,16.95,17,42200
03/01/2011,17,17.5,16.75,16.9,131200
04/01/2011,17,17.05,17,17,157300
05/01/2011,17,17.1,17,17.05,167200
06/01/2011,17,17.15,17,17.1,263500
07/01/2011,17.05,17.1,17.05,17.1,147500
10/01/2011,17,17.1,17,17.05,453700
11/01/2011,17,17.1,17,17.1,1065000
12/01/2011,17,17.1,16.2,17,1160000
13/01/2011,17.5,17.5,16.5,17.1,1679000
14/01/2011,17,17.2,16.5,16.55,140200
17/01/2011,16.9,17.05,16.5,16.9,205800
18/01/2011,16.9,16.9,16.1,16.5,196200
19/01/2011,16.5,16.9,16.3,16.9,1234600
20/01/2011,16.4,16.9,16.25,16.9,252800
21/01/2011,16.4,16.55,16.3,16.4,150200
24/01/2011,16.4,16.45,16.25,16.45,165200
25/01/2011,16.35,16.5,16.3,16.4,173700
26/01/2011,16.3,16.5,16.3,16.5,932700
27/01/2011,16.5,17,16.45,16.55,176900
28/01/2011,16.5,16.7,16.5,16.5,551300
31/01/2011,16.6,16.8,16.6,16.6,127400
01/02/2011,16.6,16.7,16.6,16.6,180800
02/02/2011,16.6,16.7,16.6,16.6,131200
03/02/2011,16.6,16.7,16.6,16.6,200600
04/02/2011,16.6,16.65,16.6,16.6,133900
07/02/2011,16.6,16.9,16.6,16.65,613500
08/02/2011,16.6,16.8,16.6,16.6,219000
09/02/2011,16.6,16.65,16.6,16.6,143200
10/02/2011,16.6,16.7,16.6,16.7,295500
11/02/2011,16.6,16.8,16.6,16.6,237200
14/02/2011,16.7,16.75,16.7,16.7,143000
15/02/2011,16.7,16.8,16.7,16.7,231600
16/02/2011,16.7,16.75,16.7,16.7,219200
17/02/2011,16.7,16.8,16.7,16.7,108900
18/02/2011,16.7,16.75,16,16.1,150800
21/02/2011,16.5,16.5,15.2,15.65,195600
22/02/2011,15.9,15.9,15.5,15.6,245800
23/02/2011,15.6,15.65,15.5,15.55,1424900
24/02/2011,15.55,15.6,15.2,15.55,186000
25/02/2011,15.6,15.7,15.25,15.5,155800
28/02/2011,15.55,15.55,15.1,15.25,668200
01/03/2011,15.2,15.2,14.9,15,196700
02/03/2011,15,15.1,15,15.1,1002800
03/03/2011,15.1,15.15,15,15,151300
04/03/2011,15,15,14.5,14.8,105300
07/03/2011,14.8,14.8,14.15,14.3,88900
08/03/2011,14.5,14.5,14,14,143600
09/03/2011,14.2,14.2,12.8,13.2,61900
10/03/2011,13.2,13.5,12.8,13,163300
11/03/2011,12.9,13.75,12.9,13.75,103400
14/03/2011,13.5,14.55,13.5,14.35,343500
15/03/2011,14.15,15,14.15,14.7,207200
16/03/2011,14.8,15,14.65,14.85,189000
17/03/2011,14.85,15,14.5,14.8,82800
18/03/2011,14.8,14.8,14,14.8,330900
21/03/2011,14,14.75,13.6,14,59300
22/03/2011,14,14.75,14,14,179400
23/03/2011,14,14.45,13.75,14.2,117800
24/03/2011,14,14.75,14,14.1,118900
25/03/2011,14.5,14.5,13.75,14,85100
28/03/2011,14,14.5,14,14.2,104300
29/03/2011,14.2,14.5,14,14.5,962300
30/03/2011,14.15,14.3,14,14.25,1095300
31/03/2011,14.3,15,14.25,14.5,84200
01/04/2011,14.6,15.4,14.5,15,257300
04/04/2011,14.85,15.45,14.85,15.1,134600
05/04/2011,15,15.5,15,15.15,811700
06/04/2011,15.2,16.2,15.05,15.5,596600
07/04/2011,15,15.8,15,15.8,230800
08/04/2011,15.4,15.75,15,15.1,4205600
11/04/2011,15.2,15.35,14.3,14.3,129500
12/04/2011,15,15.4,14.5,15.05,434000
13/04/2011,15.05,15.4,15.05,15.1,828800
14/04/2011,15.05,15.25,15.05,15.15,188000
15/04/2011,15.1,15.5,15.1,15.1,114700
18/04/2011,15.15,15.3,15.1,15.2,562500
19/04/2011,15.1,15.3,15.1,15.2,126900
20/04/2011,15.2,15.2,15.1,15.15,915200
21/04/2011,15.1,15.2,15.05,15.1,125000
26/04/2011,15.1,15.2,15,15,264800
27/04/2011,15,15.2,15,15.05,124500
28/04/2011,15.1,15.4,15,15.1,611800
29/04/2011,15,15.7,15,15.4,886300
03/05/2011,15.4,15.5,15.25,15.25,231300
04/05/2011,15.15,15.6,15,15.05,776800
05/05/2011,15.05,15.35,15.05,15.1,91400
06/05/2011,15.1,15.6,15.1,15.5,395600
09/05/2011,15.6,15.6,15.15,15.6,72500
10/05/2011,15.25,15.5,15.15,15.25,242900
11/05/2011,15.5,15.95,15.5,15.8,1834300
12/05/2011,15.7,15.9,15.35,15.7,151200
13/05/2011,15.8,15.95,15.3,15.3,304500
16/05/2011,15.5,15.5,15.05,15.4,232900
17/05/2011,15.25,15.65,15.25,15.4,153700
18/05/2011,15.4,15.5,15.3,15.4,140100
19/05/2011,15.3,15.5,15.3,15.3,122100
20/05/2011,15.35,15.5,15.35,15.35,74200
23/05/2011,15.9,15.9,15.45,15.5,96600
24/05/2011,15.5,15.7,15.5,15.55,241400
25/05/2011,15.55,15.6,15.5,15.55,154200
26/05/2011,15.5,15.8,15.5,15.55,138000
27/05/2011,15.55,15.8,15.55,15.7,400400
30/05/2011,15.8,15.85,15.7,15.8,102800
31/05/2011,15.8,15.8,15.6,15.6,480700
02/06/2011,15.6,15.7,15.55,15.6,113700
03/06/2011,15.6,15.6,15.35,15.45,140100
06/06/2011,15.5,15.5,15.25,15.5,2735300
07/06/2011,15.45,15.6,15.45,15.5,168000
08/06/2011,15.5,15.6,15.3,15.3,154700
09/06/2011,15.6,15.6,15.2,15.3,346700
10/06/2011,15.45,15.7,15.2,15.5,441000
13/06/2011,15.5,15.5,15.05,15.25,295500
14/06/2011,15,15.6,15,15.05,1283800
15/06/2011,15.6,15.6,14.65,15,126300
16/06/2011,15.1,15.3,14.7,15.3,254000
17/06/2011,15.15,15.3,14.05,15.3,390600
20/06/2011,14.95,15.1,14.8,15,64100
21/06/2011,14.95,14.95,14.5,14.5,109500
22/06/2011,14.5,14.5,14.2,14.35,70200
23/06/2011,14.3,14.5,14.05,14.05,185900
24/06/2011,14.25,14.25,13.55,13.95,119200
27/06/2011,14,14,13.7,13.85,232800
28/06/2011,13.9,13.9,13.7,13.7,141000
29/06/2011,13.7,13.8,13.6,13.65,534100
30/06/2011,13.9,13.9,13.5,13.5,65700
01/07/2011,13.5,13.8,13.5,13.55,54500
04/07/2011,13.5,13.85,13.05,13.6,140700
05/07/2011,13.5,13.5,13.1,13.1,106400
06/07/2011,13.5,13.5,12.9,12.95,132300
07/07/2011,13,13.1,12.9,13,114900
11/07/2011,12.55,13,12.55,12.55,146000
12/07/2011,12.6,12.95,12.55,12.6,131600
13/07/2011,12.4,12.75,12.25,12.4,83000
14/07/2011,12.15,12.45,12,12.15,70500
15/07/2011,12,12.35,11.95,12,927300
18/07/2011,11.9,12,11.5,11.9,277000
19/07/2011,12.1,12.3,11.8,12.1,159000
20/07/2011,12.55,12.55,12.1,12.55,148100
21/07/2011,12.65,12.9,12.4,12.65,84600
22/07/2011,12.9,13,12.6,12.9,141400
25/07/2011,12.8,13,12.6,12.8,132700
26/07/2011,12.45,12.6,12.45,12.45,105600
27/07/2011,12,12.4,12,12,44400
28/07/2011,11.65,12,11.1,11.65,47400
29/07/2011,11.9,11.9,11,11.9,234800
01/08/2011,12,12,11.5,12,38000
02/08/2011,12,12.05,11.7,12,37300
03/08/2011,11.9,12,11.5,11.9,106500
04/08/2011,12.1,12.1,11.9,12.1,45100
05/08/2011,12,12.45,11.95,12,888600
08/08/2011,11.5,12.5,11.5,11.5,176700
09/08/2011,10.7,11.5,10.6,10.7,174100
10/08/2011,11.3,11.55,10.75,11.5,116800
11/08/2011,10.95,11.7,10.7,10.95,174600
12/08/2011,11,11.1,10.9,11.05,243700
15/08/2011,10.9,11.1,10.9,10.9,187900
16/08/2011,11,11,10.9,11,116400
17/08/2011,11.05,11.2,11,11.05,108400
18/08/2011,11.7,11.7,11,11.7,50000
19/08/2011,11.5,11.7,11.4,11.5,205200
22/08/2011,11.1,11.5,11.05,11.1,44600
23/08/2011,11.45,11.6,11,11.45,87600
24/08/2011,11.2,11.6,11.2,11.2,104900
25/08/2011,10.7,11.3,10.7,10.7,154700
26/08/2011,10.05,10.9,10.05,10.05,148500
29/08/2011,10.5,10.5,10,10.5,97700
30/08/2011,10.05,10.5,10,10.05,80600
01/09/2011,10,10.7,10,10,47400
02/09/2011,10.2,10.5,10,10.2,130900
05/09/2011,10.05,10.15,9.5,10.05,139600
06/09/2011,10.05,10.15,9.6,10.05,125500
07/09/2011,9.95,10.15,9.95,9.95,57200
08/09/2011,10.5,10.5,10.2,10.5,59900
09/09/2011,10.4,10.5,10.2,10.4,96000
12/09/2011,10.3,10.4,10.15,10.3,55500
13/09/2011,10.2,10.3,10.15,10.15,47900
14/09/2011,10.2,10.25,10.15,10.25,54500
15/09/2011,10,10.25,10,10,70400
16/09/2011,10,10.2,9.95,9.95,414800
19/09/2011,10,10.1,9.5,10,48600
20/09/2011,10,10.2,9.6,10,120000
21/09/2011,9.5,10,9.1,9.5,92900
22/09/2011,9.5,9.55,9.2,9.5,155400
23/09/2011,9.4,9.6,9.4,9.4,74100
26/09/2011,9.2,10,9.2,9.4,113900
27/09/2011,9.35,9.8,9.2,9.35,66200
28/09/2011,9.35,9.5,9.35,9.35,76400
29/09/2011,9.4,9.45,9.2,9.4,68800
30/09/2011,9.3,9.5,9.3,9.3,57900
03/10/2011,9.5,9.7,9.25,9.5,29900
04/10/2011,9.5,9.75,9.3,9.5,42200
05/10/2011,9.5,9.7,9.35,9.5,82300
06/10/2011,9.55,9.7,9.5,9.55,321900
07/10/2011,9.4,9.6,9.4,9.4,94200
10/10/2011,9.25,9.5,9.25,9.25,36800
11/10/2011,9.35,9.35,9,9.35,78100
12/10/2011,9.5,9.5,9.15,9.5,42800
13/10/2011,9.3,9.85,9.2,9.3,33600
14/10/2011,9.35,9.5,9.35,9.35,54000
17/10/2011,9.4,9.5,9.35,9.4,96300
18/10/2011,9.65,9.65,9.4,9.65,240000
19/10/2011,9.3,9.55,9.15,9.3,96600
21/10/2011,9,9.4,9,9.3,90000
24/10/2011,9.15,9.3,9.1,9.15,37600
25/10/2011,9.25,9.35,9.2,9.25,1047100
26/10/2011,9.35,9.7,9.15,9.35,19700
27/10/2011,10.15,10.2,9.35,10.15,337500
28/10/2011,10.6,11,9.95,11,118000
31/10/2011,10.5,11,10.4,10.4,47500
01/11/2011,11,11,10.25,10.95,190600
02/11/2011,10.9,10.95,10.2,10.25,100900
03/11/2011,10.65,10.65,10,10,92400
04/11/2011,10.6,10.6,10,10.1,495500
07/11/2011,10.1,10.5,10,10.25,29300
09/11/2011,10.3,10.3,9.8,10.25,88900
10/11/2011,10.3,10.3,9.8,9.8,764300
11/11/2011,9.9,10,9.7,10,364700
14/11/2011,10,10.05,9.8,10,269300
15/11/2011,9.9,10,9.3,9.8,207300
16/11/2011,9.85,9.95,9.45,9.7,36800
17/11/2011,9.7,9.7,9.45,9.5,337700
18/11/2011,9.5,9.8,9.25,9.5,96200
21/11/2011,9.4,9.5,9.25,9.4,69400
22/11/2011,9.5,9.5,9.3,9.5,15800
23/11/2011,9.3,9.5,9.3,9.3,196400
24/11/2011,9.25,9.45,9.1,9.25,62900
25/11/2011,9.2,9.3,9.1,9.2,88900
28/11/2011,8.95,9.2,8.55,8.95,150000
29/11/2011,8.25,9,8.1,8.25,745900
30/11/2011,8,8.65,8,8,146800
01/12/2011,8.5,8.65,8.4,8.5,120100
02/12/2011,8.55,8.85,8.4,8.55,148800
05/12/2011,9,9.2,8.45,9,323100
06/12/2011,8.6,9.2,8.5,8.6,77800
07/12/2011,8.65,8.7,8.45,8.65,517200
08/12/2011,9,9.25,8.65,9,81100
09/12/2011,8.9,9,8.65,8.9,192400
13/12/2011,8.55,8.65,8.45,8.6,1762800
14/12/2011,8.6,8.75,8.5,8.6,687300
15/12/2011,8.9,8.9,8.55,8.9,158600
16/12/2011,8.6,8.6,8.5,8.6,124400
19/12/2011,8,8.6,7.8,8,66200
20/12/2011,8.2,8.5,7.95,8.2,99600
21/12/2011,8.1,8.5,8.05,8.1,33200
22/12/2011,8.1,8.2,8.1,8.1,57000
23/12/2011,8.1,8.2,8,8.1,81400
27/12/2011,8.15,8.15,8,8.15,92800
28/12/2011,8.2,8.2,8,8.2,43000
29/12/2011,8.1,8.5,8.1,8.1,294500
30/12/2011,8.75,8.75,8.2,8.75,30000
03/01/2012,8.5,9.1,8.5,8.75,43500
04/01/2012,8.8,8.8,8.3,8.3,59500
05/01/2012,8.6,8.95,8.5,8.8,200600
06/01/2012,8.55,8.7,8.5,8.6,58400
09/01/2012,8.6,8.7,8.2,8.5,51500
10/01/2012,8.5,8.9,8.2,8.6,68300
11/01/2012,8.5,8.5,8.3,8.3,33400
12/01/2012,8.3,8.4,8.1,8.25,148000
13/01/2012,8.1,8.2,8,8.05,222900
16/01/2012,8.1,8.2,8.05,8.15,18200
17/01/2012,8.1,8.1,8.05,8.1,192900
18/01/2012,8.1,8.2,8.05,8.1,63400
19/01/2012,8.1,8.3,8.05,8.1,235200
20/01/2012,8.1,8.15,7.95,8,248100
23/01/2012,8.1,8.1,7.9,8.05,147600
24/01/2012,8,8.15,7.9,7.95,144400
25/01/2012,8,8.1,7.9,8.05,51900
26/01/2012,8.1,8.1,7.95,7.95,467900
27/01/2012,8,8.05,7.9,7.95,129200
30/01/2012,8,8,7.9,7.95,60900
31/01/2012,8,8,7.95,8,233200
01/02/2012,8,8,7.8,7.8,71600
02/02/2012,7.9,7.9,7.7,7.7,17000
03/02/2012,7.9,7.9,7.35,7.35,68200
06/02/2012,7.45,7.7,7.3,7.45,60900
07/02/2012,7.55,7.7,7.4,7.55,41300
08/02/2012,7.5,7.55,7.3,7.35,84300
09/02/2012,7.5,7.7,7.5,7.7,75200
10/02/2012,7.7,7.9,7.55,7.9,154600
13/02/2012,7.7,8,7.6,7.75,28900
14/02/2012,7.75,8,7.45,7.45,74600
15/02/2012,7.45,7.6,7.3,7.4,188600
16/02/2012,7.5,7.5,6.8,7.4,92200
17/02/2012,7.3,7.5,7,7.4,25600
20/02/2012,7.55,7.55,7,7.15,53200
21/02/2012,7.1,7.5,7.1,7.15,162200
22/02/2012,7.3,7.5,7.1,7.5,47600
23/02/2012,8,8,7.3,7.5,68700
24/02/2012,7.5,8,7.35,7.45,113300
27/02/2012,7.35,7.7,7.35,7.5,161900
28/02/2012,7.5,7.6,7.35,7.5,361700
29/02/2012,7.5,7.5,7.1,7.15,1164200
01/03/2012,7.4,7.5,7.2,7.5,218500
02/03/2012,7.5,7.5,7.3,7.3,111100
05/03/2012,7.5,7.5,7.3,7.3,109700
06/03/2012,7.4,7.4,7.05,7.4,128900
07/03/2012,7.35,7.4,7.25,7.25,114200
08/03/2012,7.4,7.6,7.05,7.5,171500
09/03/2012,7.35,7.5,7.35,7.35,358700
12/03/2012,7.4,7.5,7.3,7.4,101400
13/03/2012,7.4,7.45,7.35,7.35,44800
14/03/2012,7.35,7.4,7.25,7.35,32400
15/03/2012,7.4,7.5,7.3,7.4,52300
16/03/2012,7.4,7.5,7.3,7.35,84200
19/03/2012,7.3,7.5,7.25,7.25,64900
20/03/2012,7.4,7.4,7.05,7.25,55200
21/03/2012,7.05,7.35,7.05,7.2,87900
22/03/2012,7.2,7.25,7.15,7.2,114700
23/03/2012,7.2,7.35,7.2,7.25,111400
26/03/2012,7.35,7.4,7.2,7.35,163600
27/03/2012,7.35,7.4,7.25,7.35,60000
28/03/2012,7.35,7.35,7.2,7.2,473800
29/03/2012,7.2,7.4,7.2,7.4,693500
30/03/2012,7.3,7.4,7.1,7.4,162200
02/04/2012,7.25,7.4,7.2,7.3,118600
03/04/2012,7.3,7.4,7.25,7.35,155000
04/04/2012,7.4,7.5,7.3,7.4,386000
05/04/2012,7.3,7.5,7.3,7.5,57000
10/04/2012,7.45,7.7,7.45,7.6,40700
11/04/2012,7.6,7.65,7.5,7.5,57800
12/04/2012,7.7,7.85,7.6,7.8,278200
13/04/2012,7.55,7.8,7.4,7.7,63300
16/04/2012,7.9,8,7.7,7.75,51900
17/04/2012,7.8,8.4,7.8,7.85,1791600
18/04/2012,8,8.3,7.85,8.1,1159200
19/04/2012,8,8.1,7.9,8.1,146100
20/04/2012,8,8.5,8,8.5,1624200
23/04/2012,8.2,8.8,8.15,8.8,237000
25/04/2012,9,9,8.5,8.5,559500
26/04/2012,8.5,8.5,8.2,8.25,56600
27/04/2012,8.1,8.4,8,8.4,476000
30/04/2012,8,8.8,8,8.1,196700
02/05/2012,8.1,8.5,8.05,8.4,40000
03/05/2012,8.5,8.95,8.25,8.95,66000
04/05/2012,8.95,8.95,8.45,8.6,151700
07/05/2012,8.6,8.95,8.6,8.7,218500
08/05/2012,8.5,8.9,8.5,8.65,186700
09/05/2012,8.65,8.7,8.5,8.7,94900
10/05/2012,8.5,8.75,8.45,8.45,76800
11/05/2012,8.7,8.85,8.15,8.15,141800
14/05/2012,8.6,8.8,8.6,8.6,91700
15/05/2012,8.6,8.8,8.5,8.7,135000
16/05/2012,8.7,8.7,8.6,8.6,88200
17/05/2012,8.6,8.7,8.55,8.6,255200
18/05/2012,8.6,8.6,8.45,8.5,173000
21/05/2012,8.6,8.6,8.4,8.4,57300
22/05/2012,8.5,8.6,8.4,8.6,41800
23/05/2012,8.6,8.6,8.2,8.3,633300
24/05/2012,8.5,8.5,8.05,8.3,136800
25/05/2012,8.4,8.5,8.2,8.2,74300
28/05/2012,8.2,8.3,8,8.15,183900
29/05/2012,8.3,8.4,8,8.15,341800
30/05/2012,8.15,8.3,7.9,8,266400
31/05/2012,8.3,8.3,7.8,8.25,558400
04/06/2012,8.3,8.3,8,8.1,107400
05/06/2012,7.9,8.45,7.9,8.2,542200
06/06/2012,8.3,8.5,8,8,80100
07/06/2012,8,8.45,8,8.2,21200
08/06/2012,8.05,8.3,8.05,8.2,515100
11/06/2012,8.2,8.3,8.15,8.2,192200
12/06/2012,8.2,8.2,8.1,8.1,159300
13/06/2012,8.15,8.15,8.1,8.1,87500
14/06/2012,8.1,8.2,8.1,8.2,272800
15/06/2012,8.2,8.25,8.1,8.2,154400
18/06/2012,8.3,8.3,8.15,8.2,247500
19/06/2012,8.3,8.5,8.15,8.4,286200
20/06/2012,8.3,8.3,8.2,8.25,903000
21/06/2012,8.25,8.4,8.2,8.4,1910700
22/06/2012,8.25,8.8,8.2,8.8,257800
25/06/2012,8.8,8.85,8.65,8.75,2612800
26/06/2012,8.85,9,8.8,8.9,397600
27/06/2012,8.85,9,8.85,9,265500
28/06/2012,8.95,9,8.4,8.6,153700
29/06/2012,8.6,9,8.5,8.6,46000
02/07/2012,9,9,8.6,8.75,105100
03/07/2012,8.6,8.85,8.6,8.85,72500
04/07/2012,8.7,8.9,8.6,8.7,141900
05/07/2012,8.8,8.8,8.55,8.7,169800
06/07/2012,8.7,8.8,8.6,8.65,161400
09/07/2012,8.7,8.9,8.35,8.8,140600
10/07/2012,8.55,8.7,8.45,8.5,203400
11/07/2012,8.55,8.6,8.4,8.55,615900
12/07/2012,8.55,8.7,8.5,8.55,286400
13/07/2012,8.55,8.55,8.3,8.55,160500
16/07/2012,8.45,8.6,8.35,8.35,407900
17/07/2012,8.5,8.6,8.3,8.4,105000
18/07/2012,8.4,8.45,8.35,8.4,142200
19/07/2012,8.5,8.5,8.1,8.4,181600
20/07/2012,8.4,8.4,8.25,8.3,165100
23/07/2012,8.25,8.4,8.25,8.3,173500
24/07/2012,8.4,8.5,8.25,8.3,1272300
25/07/2012,8.3,8.4,8.25,8.3,573600
26/07/2012,8.45,8.5,8.25,8.25,1084400
27/07/2012,8.3,8.5,8.25,8.3,478300
30/07/2012,8.3,8.35,8.25,8.3,2871600
31/07/2012,8.5,8.65,8.25,8.6,1028200
01/08/2012,8.5,8.8,8.4,8.65,177500
02/08/2012,8.75,8.8,8.6,8.7,665000
03/08/2012,8.7,8.8,8.6,8.65,140500
06/08/2012,8.65,8.75,8.5,8.5,218100
07/08/2012,8.65,8.7,8.5,8.55,113900
08/08/2012,8.65,8.7,8.6,8.65,45500
09/08/2012,8.6,8.7,8.6,8.6,149100
10/08/2012,8.6,8.65,8.55,8.6,947600
13/08/2012,8.6,8.6,8.3,8.5,183400
14/08/2012,8.5,8.5,8.25,8.35,577300
15/08/2012,8.4,8.5,8.3,8.45,71800
16/08/2012,8.45,8.5,8.35,8.4,285800
17/08/2012,8.4,8.45,8.35,8.4,336500
21/08/2012,8.3,8.45,8.3,8.35,64000
22/08/2012,8.35,8.45,8.3,8.35,154300
23/08/2012,8.35,8.5,8.35,8.5,95900
24/08/2012,8.5,8.5,8.35,8.35,361100
27/08/2012,8.4,8.4,8.3,8.3,116400
28/08/2012,8.35,8.4,8,8.35,131300
29/08/2012,8.3,8.45,8.3,8.45,261600
30/08/2012,8.4,8.4,8.3,8.4,413000
31/08/2012,8.4,8.4,8.3,8.3,103500
03/09/2012,8.2,8.4,8,8.4,95200
04/09/2012,8.3,8.35,8.3,8.35,59900
05/09/2012,8.35,8.4,8.35,8.4,79500
06/09/2012,8.35,8.4,8.3,8.35,54800
07/09/2012,8.35,8.5,8.25,8.25,127700
10/09/2012,8.3,8.35,8.3,8.35,274100
11/09/2012,8.3,8.5,8.2,8.35,271400
12/09/2012,8.45,8.5,8,8.1,3491400
13/09/2012,8.35,8.4,8.1,8.4,66500
14/09/2012,8.35,8.35,8.15,8.2,360200
17/09/2012,8.2,8.35,8.2,8.3,88100
18/09/2012,8.25,8.4,8.25,8.25,370000
19/09/2012,8.3,8.5,8.25,8.4,164400
20/09/2012,8.4,8.5,8.3,8.4,229200
21/09/2012,8.4,8.5,8.3,8.5,438200
24/09/2012,8.5,8.55,8.3,8.4,168900
25/09/2012,8.5,8.55,8.4,8.4,87300
26/09/2012,8.45,8.5,8.25,8.25,229500
27/09/2012,8.5,9,8.5,8.9,363800
28/09/2012,8.9,8.95,8.75,8.9,445200
01/10/2012,8.9,8.9,8.75,8.9,414700
02/10/2012,8.9,8.9,8.6,8.6,354300
03/10/2012,8.6,8.7,8.5,8.7,226400
04/10/2012,8.7,8.8,8.6,8.8,211200
05/10/2012,8.8,8.8,8.6,8.6,164000
08/10/2012,8.7,8.8,8.6,8.65,142900
09/10/2012,8.65,8.65,8.55,8.65,377900
10/10/2012,8.7,8.7,8.55,8.55,321200
11/10/2012,8.6,8.65,8.55,8.6,341900
12/10/2012,8.6,8.7,8.55,8.55,120600
15/10/2012,8.7,8.8,8.6,8.6,417500
16/10/2012,8.7,8.7,8.55,8.65,190600
17/10/2012,8.6,8.75,8.55,8.7,209600
18/10/2012,8.6,8.7,8.55,8.6,178500
19/10/2012,8.6,8.7,8.55,8.65,57500
22/10/2012,8.7,8.8,8.65,8.7,53300
23/10/2012,8.7,8.9,8.7,8.8,363200
24/10/2012,8.9,9.15,8.85,9.15,317000
25/10/2012,9.15,9.45,9.15,9.25,411200
26/10/2012,9.15,9.3,9.15,9.3,855100
29/10/2012,9.3,9.35,9.25,9.25,893900
30/10/2012,9.3,9.35,9.05,9.15,394500
31/10/2012,9.15,9.2,9.05,9.15,707700
01/11/2012,9.1,9.15,9,9,283200
02/11/2012,9.1,9.15,9.1,9.1,288700
05/11/2012,9.1,9.4,9.1,9.3,658800
06/11/2012,9.2,9.3,9.15,9.2,326900
07/11/2012,9.25,9.5,9.15,9.4,220100
08/11/2012,9.5,9.7,9.4,9.6,299100
09/11/2012,9.45,10,9.45,9.9,109600
12/11/2012,9.95,10.1,9.8,9.85,965700
13/11/2012,10,10,9.85,9.85,290200
14/11/2012,9.8,9.9,9.55,9.6,394600
15/11/2012,9.7,9.7,9.5,9.65,206600
16/11/2012,9.65,9.7,9.55,9.6,413400
19/11/2012,9.55,9.7,9.55,9.65,2694000
20/11/2012,9.7,9.7,9.55,9.6,344600
21/11/2012,9.6,9.8,9.6,9.8,413000
22/11/2012,9.65,9.85,9.65,9.7,202600
23/11/2012,9.8,9.85,9.7,9.75,1693700
26/11/2012,9.8,10,9.8,9.8,913400
27/11/2012,9.85,9.95,9.75,9.85,301500
28/11/2012,9.8,9.95,9.8,9.9,81800
29/11/2012,9.8,10.05,9.8,9.95,2356300
30/11/2012,9.95,10,9.9,10,475100
03/12/2012,10,10,9.7,9.9,1372900
04/12/2012,9.8,9.85,9.7,9.75,1320100
05/12/2012,9.7,9.85,9.6,9.85,733100
06/12/2012,9.5,9.5,8.65,8.9,454600
07/12/2012,8.9,8.9,8.6,8.7,298000
10/12/2012,8.7,9.4,8.55,8.65,222800
11/12/2012,8.65,8.8,8.55,8.6,93200
13/12/2012,8.6,8.8,8.55,8.6,108200
14/12/2012,8.6,9,8.55,9,193500
17/12/2012,8.6,9,8.55,8.7,829000
18/12/2012,8.75,9,8.7,8.75,75400
19/12/2012,8.75,9.3,8.75,9.3,793300
20/12/2012,9.2,9.25,8.8,9,113800
21/12/2012,9.2,9.2,8.8,8.9,61000
24/12/2012,8.8,9,8.65,8.9,56400
27/12/2012,8.95,9,8.9,8.9,88000
28/12/2012,8.95,9,8.85,8.85,34100
31/12/2012,8.95,8.95,8.8,8.9,26800
02/01/2013,8.85,9,8.85,8.9,98900
03/01/2013,8.9,8.95,8.7,8.8,80400
04/01/2013,8.8,9,8.6,8.9,442900
07/01/2013,8.85,9.1,8.85,9,645000
08/01/2013,9,9.1,8.9,9,1310000
09/01/2013,9,9.3,9,9.2,1370700
10/01/2013,9.2,9.65,9.15,9.55,1028400
11/01/2013,9.75,10.35,9.55,10.05,1131400
14/01/2013,10.05,11.1,10.05,11.1,1236400
15/01/2013,11.1,11.85,10.85,11.85,1588300
16/01/2013,12,12.65,12,12.65,1224900
17/01/2013,13,13.85,12.65,13,2849800
18/01/2013,13,14.2,12.9,13.5,3279300
21/01/2013,13,13.95,12.5,12.65,1108400
22/01/2013,13,13.25,12.65,12.8,1407100
23/01/2013,12.7,12.8,11.8,11.8,607200
24/01/2013,12.7,12.7,11,11.1,247100
25/01/2013,11.35,11.7,11.05,11.6,431400
28/01/2013,11.7,12.5,11.55,12.2,610400
29/01/2013,12.5,13,12.2,12.5,287600
30/01/2013,12.5,12.5,11.95,11.95,337800
31/01/2013,12,12,11.6,11.7,154300
01/02/2013,11.6,12,11.6,11.6,327600
04/02/2013,11.6,11.9,11.5,11.75,119100
05/02/2013,11.7,12.5,11.7,12.05,1001400
06/02/2013,12,12.7,12,12.5,349200
07/02/2013,12.5,12.7,12.45,12.45,434000
08/02/2013,12.45,12.7,12.4,12.4,908300
11/02/2013,12.5,12.8,12.25,12.5,1093500
12/02/2013,12.45,12.5,12.3,12.5,147000
13/02/2013,12.35,12.5,12.25,12.35,449400
14/02/2013,12.3,12.5,12.3,12.4,517000
15/02/2013,12.45,12.45,12,12.2,370100
18/02/2013,12.25,12.3,12,12.1,91800
19/02/2013,12.2,12.2,11.5,11.8,196100
20/02/2013,11.8,11.95,11.5,11.6,116500
21/02/2013,11.6,11.8,11.5,11.8,127400
22/02/2013,11.6,11.8,10.55,11,134200
25/02/2013,11,11,10.5,10.9,100900
26/02/2013,11,11.85,10.9,11.85,646700
27/02/2013,12,12.5,11.9,12.15,342400
28/02/2013,12.5,12.5,12.15,12.15,354500
01/03/2013,12.15,12.4,12,12.4,122700
05/03/2013,12.25,12.4,12.05,12.3,218900
06/03/2013,12.4,12.5,12.4,12.5,178200
07/03/2013,12.45,12.6,12.35,12.5,679200
08/03/2013,12.55,12.8,12.5,12.8,388000
11/03/2013,12.75,13.85,12.75,13.85,507600
12/03/2013,13.85,14.75,13.85,14.75,1515300
13/03/2013,14.75,14.75,13.5,13.5,1629400
14/03/2013,14,14,13,13.3,600000
15/03/2013,13.5,13.6,12.95,13,246500
18/03/2013,13,13.4,13,13.3,165100
19/03/2013,13.3,14,13.3,13.75,455600
20/03/2013,13.8,14.15,13.65,13.65,277400
21/03/2013,13.7,13.8,13.35,13.5,454500
22/03/2013,13.5,13.55,13.35,13.55,537300
25/03/2013,13.4,13.95,13.4,13.95,696400
26/03/2013,13.85,14.5,13.85,14.4,1222100
27/03/2013,14,14.6,14,14.45,2016200
28/03/2013,14.5,14.95,14.45,14.6,677300
02/04/2013,15.65,16.05,14.65,16.05,1804300
03/04/2013,16.05,16.05,14.85,15,466400
04/04/2013,15.3,15.5,15,15.25,246200
05/04/2013,15,15.5,15,15.45,1072200
08/04/2013,15.5,16.05,15.5,15.95,899600
10/04/2013,15.75,16.05,15.6,15.95,254500
11/04/2013,16,16,15.85,15.85,559800
12/04/2013,15.9,16.05,15.85,15.9,644600
15/04/2013,15.9,15.9,15.6,15.7,564500
16/04/2013,15.8,15.9,15.65,15.8,442300
17/04/2013,15.75,15.95,15.75,15.75,556200
18/04/2013,15.85,15.85,15.6,15.75,427300
19/04/2013,15.75,15.8,15.6,15.7,214100
22/04/2013,15.7,15.75,15.15,15.35,213700
23/04/2013,15,15.35,14.5,15,217400
24/04/2013,15,15.15,14.8,15.05,184200
25/04/2013,15.05,15.15,14.95,15,272900
26/04/2013,15,15.3,15,15.15,515700
29/04/2013,15.05,15.3,14.9,15,321000
30/04/2013,14.5,15.1,14,15,133000
02/05/2013,14.85,15.45,14.8,14.8,148100
03/05/2013,14.9,14.95,14.9,14.9,97600
06/05/2013,14.9,15.35,14.9,14.95,191400
07/05/2013,14.9,15.2,14.9,15.05,87600
08/05/2013,15.1,15.25,14.9,15,370600
09/05/2013,15,15.3,14.9,14.95,405400
10/05/2013,14.95,15,14,14.35,747100
13/05/2013,14.5,14.85,14.25,14.5,325700
14/05/2013,14,14.95,14,14.55,760000
15/05/2013,14.8,16,14.5,15.1,1089700
16/05/2013,15.3,15.75,15.05,15.1,423700
17/05/2013,15,15.2,15,15.15,136800
20/05/2013,15.1,15.1,15,15.1,48400
21/05/2013,15.1,15.15,14.35,14.75,365200
22/05/2013,14.75,15,14.4,14.75,228300
23/05/2013,14.8,15,14.8,14.95,214500
24/05/2013,14.95,15.6,14.75,15.6,385100
27/05/2013,15,15.6,15,15,245200
28/05/2013,15,15.05,14.9,15,128800
29/05/2013,14.9,15.15,14.85,15.05,247100
30/05/2013,15.15,15.15,15,15,217300
31/05/2013,15,15.3,15,15.1,285200
03/06/2013,15.1,15.85,15.1,15.5,563600
04/06/2013,15.5,15.85,15.5,15.7,617000
05/06/2013,15.8,16,15.7,15.95,1450000
06/06/2013,15.85,16,15.8,15.85,457500
07/06/2013,15.85,16.25,15.85,15.9,537300
10/06/2013,16,17.1,16,17,1988200
11/06/2013,17,17.4,16.9,17,1864100
12/06/2013,17,17.25,16.5,16.5,983900
13/06/2013,16.5,17,16.5,16.6,1482100
14/06/2013,16.6,16.6,15.95,16.1,471900
17/06/2013,16.05,16.2,16.05,16.15,361600
18/06/2013,16.1,16.15,15.95,16,574400
19/06/2013,16.05,16.05,15.85,16,413500
20/06/2013,16,16.05,15.8,16,200900
21/06/2013,15.95,16.05,15.8,15.85,73100
24/06/2013,15.8,16.1,15.8,15.9,461300
25/06/2013,15.9,16,15.5,15.7,211400
26/06/2013,15.5,15.7,15.3,15.3,118600
27/06/2013,15.5,15.95,14.9,15.5,222600
28/06/2013,15.35,15.4,15,15,30200
01/07/2013,15,15.25,14.9,15,403800
02/07/2013,15.15,15.15,14.9,15.05,809700
03/07/2013,15.15,15.15,14.95,15,153600
04/07/2013,15,15.65,14.95,15,220800
05/07/2013,15,15.15,14.95,14.95,588300
08/07/2013,15,15.5,14.95,15,526600
09/07/2013,15,15.05,14.95,15,1291400
10/07/2013,15,15.25,15,15.05,242000
11/07/2013,15.05,15.4,15,15.2,1595700
12/07/2013,15.1,15.7,15.1,15.5,120600
15/07/2013,15.4,16.2,15.35,15.6,160700
16/07/2013,15.85,16.5,15.85,16.1,193300
17/07/2013,16.1,16.6,16.05,16.5,391200
18/07/2013,16.25,17,16.25,17,1137600
19/07/2013,17,17.5,17,17.5,1207100
22/07/2013,17.35,17.35,16.5,16.5,988500
23/07/2013,16.8,16.9,16.2,16.25,180000
24/07/2013,16.4,16.4,15.75,16,1121300
25/07/2013,16,16.6,16,16.15,179800
26/07/2013,16.15,16.25,16.1,16.2,78500
29/07/2013,17,17,16,16,1162800
30/07/2013,16,16.25,16,16.2,913200
31/07/2013,16.1,16.5,16.05,16.15,612100
01/08/2013,16.25,16.4,16,16,1269200
02/08/2013,16.35,16.35,15.95,16,1257000
05/08/2013,16,16.2,15.95,16,1065800
06/08/2013,16,16.2,15.95,16.2,102100
07/08/2013,16.1,16.25,16.1,16.1,63800
08/08/2013,16.05,16.35,16.05,16.35,210700
12/08/2013,16.2,16.5,16.2,16.4,218500
13/08/2013,16.5,16.75,16.4,16.5,295900
14/08/2013,16.45,16.65,16.45,16.6,250000
15/08/2013,16.6,16.75,16.45,16.75,1022200
16/08/2013,16.65,16.8,16.5,16.8,1894900
19/08/2013,16.8,17,16.7,16.85,707000
20/08/2013,16.85,16.95,16.85,16.9,521100
21/08/2013,16.9,17.45,16.9,17,1227200
22/08/2013,16.9,17,16.8,16.9,338300
23/08/2013,16.8,16.9,16.5,16.7,161800
26/08/2013,16.75,16.75,16.5,16.75,182300
27/08/2013,16.7,16.9,16.6,16.7,484600
28/08/2013,16.5,16.65,16,16.3,226000
29/08/2013,16,16.45,16,16.4,101700
30/08/2013,16,16.15,16,16.1,136900
02/09/2013,16,16.4,15.9,16,206000
03/09/2013,16,16.4,14.85,16.4,315500
04/09/2013,15.6,16.3,15.6,16.05,267900
05/09/2013,16.05,16.5,16,16,165800
06/09/2013,16,16.45,16,16.1,213000
09/09/2013,16.1,16.5,16.05,16.5,392000
10/09/2013,16.35,16.7,16.35,16.6,177700
11/09/2013,16.55,16.95,16.55,16.65,191800
12/09/2013,16.65,16.95,16.5,16.65,218900
13/09/2013,16.5,16.85,16.5,16.55,112100
16/09/2013,16.55,16.75,16.2,16.3,395000
17/09/2013,16.25,16.5,16.1,16.4,532500
18/09/2013,16.4,16.5,16.4,16.45,900900
19/09/2013,16.4,16.75,16.35,16.5,691700
20/09/2013,16.5,16.5,16.4,16.5,160900
23/09/2013,16.4,16.4,16.1,16.3,201000
24/09/2013,16.25,16.45,16.1,16.4,213500
25/09/2013,16.25,16.5,16.25,16.3,627700
26/09/2013,16.35,16.4,16.3,16.35,1586300
27/09/2013,16.35,16.9,16.35,16.5,234000
30/09/2013,16.75,16.75,16.4,16.5,433400
02/10/2013,16.5,17,16.25,16.5,1548200
03/10/2013,16.5,16.5,16.35,16.4,268000
04/10/2013,16.55,16.55,16.15,16.4,321900
07/10/2013,16.35,16.5,16.1,16.3,158800
08/10/2013,16.3,16.75,16.25,16.55,163500
09/10/2013,16.55,16.8,16.3,16.5,366400
10/10/2013,17,17,16.4,16.7,189000
11/10/2013,16.7,17.9,16.7,17.5,242900
14/10/2013,16.75,17.75,16.7,17.75,771100
15/10/2013,16.9,17.75,16.9,17,138800
16/10/2013,17,17.2,16.9,17,287900
17/10/2013,16.9,17.2,16.9,17.05,225200
18/10/2013,17,17.1,17,17,470600
22/10/2013,17.05,17.1,16.95,16.95,454100
23/10/2013,17.1,17.1,16.75,16.75,1253700
24/10/2013,16.95,17,16.5,16.5,1836500
25/10/2013,16.5,17.35,16.5,16.75,288500
28/10/2013,16.95,17.3,16.8,17,206100
30/10/2013,17,17.5,17,17.5,780700
31/10/2013,17.3,17.3,16.8,17,542300
01/11/2013,17,17.2,16.6,17,831400
04/11/2013,17,17,16.75,16.8,389300
05/11/2013,16.8,16.8,16,16.65,301100
06/11/2013,16.75,16.95,15.2,16.4,206100
07/11/2013,16,16.8,16,16.7,165400
08/11/2013,16.6,16.65,15.2,15.2,857800
11/11/2013,16.3,16.3,15.1,15.5,300200
12/11/2013,16,16.2,15.55,15.9,360000
13/11/2013,15.75,16,15.55,15.75,223000
14/11/2013,15.6,15.9,15.6,15.8,167600
15/11/2013,15.75,16.3,15.75,16.3,98600
18/11/2013,16.25,16.45,16.2,16.3,180800
19/11/2013,15.75,16.45,16.3,16.35,153400
20/11/2013,16.35,16.95,16.3,16.55,318600
21/11/2013,16.6,16.8,16.55,16.65,124200
22/11/2013,16.65,17,16.6,16.95,324200
25/11/2013,16.95,16.95,16.75,16.75,302000
26/11/2013,16.75,16.75,16.45,16.5,300600
27/11/2013,16.45,16.55,15.8,15.8,382500
28/11/2013,16,16.3,15.75,16,137800
29/11/2013,16,16.55,15.75,15.9,987500
02/12/2013,16,16.35,15.9,15.9,140400
03/12/2013,15.9,16.1,15.5,15.9,349400
04/12/2013,16,16,15.5,15.75,117700
05/12/2013,15.75,15.85,15.6,15.7,54800
06/12/2013,15.7,15.7,15.6,15.7,65200
09/12/2013,15.7,15.8,15.5,15.6,128700
10/12/2013,15.5,15.7,15.5,15.55,279000
11/12/2013,14.2,15.6,15,15.45,84500
16/12/2013,15.4,15.6,15.05,15.05,127600
17/12/2013,15.05,15.8,15.05,15.8,229700
18/12/2013,15.8,15.8,15.25,15.4,1952500
19/12/2013,15.35,15.35,12,14.5,287100
20/12/2013,14,14.45,13.8,14,328600
23/12/2013,14,14.3,13.9,14,147500
24/12/2013,14,14,13.5,13.65,136800
27/12/2013,13.75,13.9,13.65,13.8,21100
30/12/2013,13.75,13.85,13.55,13.6,400900
31/12/2013,13.65,13.65,13,13,997700
02/01/2014,13.55,13.55,13,13,39400
03/01/2014,13,13,12.5,12.5,481800
06/01/2014,12.5,13,12.4,12.4,416400
07/01/2014,12.5,12.6,12,12.2,216000
08/01/2014,12.3,12.3,12.05,12.05,557100
09/01/2014,12.15,12.15,12,12.1,791100
10/01/2014,12.1,12.1,11.85,11.95,557400
13/01/2014,11.9,11.9,11.7,11.9,497500
14/01/2014,11.9,12.95,11.9,12.95,176900
15/01/2014,13.85,13.85,13.85,13.85,144400
16/01/2014,14.5,14.5,12.9,13,884800
17/01/2014,13.5,13.65,13,13.45,528500
20/01/2014,13.25,14,13.2,13.9,893500
21/01/2014,13.8,14,13.65,13.8,1420400
22/01/2014,13.75,13.8,13.5,13.5,210000
23/01/2014,13.6,13.7,13.45,13.5,321800
24/01/2014,13.5,13.6,13.4,13.6,447800
27/01/2014,13.4,13.75,13.35,13.5,139200
28/01/2014,14.2,14.2,12.5,13,203800
29/01/2014,13,13,12.5,12.6,84600
30/01/2014,12.8,12.9,11.6,11.85,259000
31/01/2014,11.75,12.5,11.75,12.1,253000
03/02/2014,12.45,12.5,11.8,12.05,50600
04/02/2014,12.05,12.1,11.85,11.85,269000
05/02/2014,12,12,11.8,12,179200
06/02/2014,11.95,12.05,11.8,11.9,80600
07/02/2014,11.95,12,11.8,11.8,507800
10/02/2014,11.8,11.9,11.7,11.75,155400
11/02/2014,12,12,11.75,11.85,850300
12/02/2014,11.95,12,11.85,11.9,182600
13/02/2014,11.9,11.9,11.7,11.85,160700
14/02/2014,11.8,11.9,11.7,11.9,179900
17/02/2014,11.9,12,11.6,11.8,134600
18/02/2014,11.5,11.85,11,11.75,73100
19/02/2014,11,11.85,11.5,11.75,257600
20/02/2014,11.8,11.8,11.5,11.5,56500
21/02/2014,11.25,11.65,10.95,11,291800
24/02/2014,10,11,10,10.5,146600
25/02/2014,11,11,10.5,10.75,234500
26/02/2014,10.95,11,10.75,11,196200
27/02/2014,10.7,11,10.7,11,182900
28/02/2014,11,11,10.8,11,287700
03/03/2014,10.9,11,10.75,10.75,206500
04/03/2014,10.9,11,10.85,11,161200
05/03/2014,11,11.4,10.95,11.4,273500
06/03/2014,11.5,11.9,11.1,11.9,82300
07/03/2014,11.95,12.2,11.5,11.9,454600
10/03/2014,11.9,12,11.5,11.85,126000
11/03/2014,11.95,11.95,11.8,11.9,238600
12/03/2014,11.9,12.35,11.9,12.1,206600
13/03/2014,12.1,12.5,12.1,12.1,323700
14/03/2014,12.3,12.5,12.2,12.3,70800
17/03/2014,12.3,12.3,11.65,12,849900
18/03/2014,12,12.2,11.9,12,117000
19/03/2014,12,12,11.6,11.6,508600
20/03/2014,11.2,12,11.55,11.55,282800
21/03/2014,11.6,11.8,11.5,11.65,595100
24/03/2014,11.6,11.8,11.55,11.7,90300
25/03/2014,11.7,11.8,11.5,11.65,129200
26/03/2014,10.5,11.8,11.5,11.6,127400
27/03/2014,11.35,11.95,11,11.95,63300
28/03/2014,11.95,12.3,11.7,11.7,489900
31/03/2014,11.8,12.25,11.8,12.1,75800
01/04/2014,12,12.35,12,12.25,92500
02/04/2014,12.25,12.3,11.85,11.85,142700
03/04/2014,12.05,12.05,11.8,11.8,61700
04/04/2014,11.3,11.9,11.75,11.85,94500
07/04/2014,11.8,11.95,11.75,11.9,1125600
08/04/2014,11.8,11.95,11.6,11.95,228600
09/04/2014,11.95,11.95,11.7,11.7,316200
10/04/2014,11.8,11.9,11.7,11.8,193400
11/04/2014,11.8,11.9,11.7,11.8,1559200
14/04/2014,11.75,11.9,11.7,11.75,225300
15/04/2014,11.8,12,11.6,11.65,329300
16/04/2014,11.7,11.8,11.45,11.75,753800
17/04/2014,11.05,12,11.7,11.95,207800
22/04/2014,11.05,11.9,11.75,11.85,113000
23/04/2014,11.8,11.85,11.75,11.75,184800
24/04/2014,11.75,11.75,11.65,11.7,167900
25/04/2014,11.65,11.8,11.65,11.7,402600
28/04/2014,11.7,11.8,11.6,11.7,118100
29/04/2014,11.65,11.75,11.5,11.55,273200
30/04/2014,11.55,11.7,11.5,11.65,154000
02/05/2014,11.7,11.7,11.45,11.45,136700
05/05/2014,11.6,11.65,11.4,11.4,139400
06/05/2014,10.9,11.55,11.2,11.25,188600
07/05/2014,11.25,11.3,11.1,11.25,143100
08/05/2014,11.25,11.3,11.2,11.3,140100
09/05/2014,11.3,11.4,11.2,11.4,166800
12/05/2014,11.4,11.5,11.25,11.3,215300
13/05/2014,11.3,11.35,11.05,11.05,120500
14/05/2014,11.05,11.3,11,11.25,78900
15/05/2014,11.3,11.3,11,11.05,336900
16/05/2014,11.2,11.2,11,11.05,267000
19/05/2014,11,11,10.9,11,150100
20/05/2014,11,11.05,10.9,11,287600
21/05/2014,11,11.05,10.9,10.9,221900
22/05/2014,10.95,11,10.5,10.8,181200
23/05/2014,10.7,10.9,10.65,10.65,73200
26/05/2014,10.75,10.75,10.6,10.65,102400
27/05/2014,10.65,10.65,10.5,10.6,161000
28/05/2014,10.6,10.6,10.2,10.3,284400
29/05/2014,10.4,10.5,10.2,10.3,164500
30/05/2014,10.3,10.4,10.2,10.3,473900
03/06/2014,10.3,10.45,10,10.3,135800
04/06/2014,10.3,10.35,10,10,155000
05/06/2014,10,10.05,10,10.05,158800
06/06/2014,9.9,10.1,9.9,9.95,299600
09/06/2014,10,10,9.65,9.65,350800
10/06/2014,9.65,9.75,9.45,9.5,298700
11/06/2014,9.5,9.9,9.5,9.55,199300
12/06/2014,9.7,9.7,9.3,9.3,296800
13/06/2014,9.6,9.7,9.3,9.35,378300
16/06/2014,9.4,9.55,9.15,9.25,200400
17/06/2014,9.5,9.5,8.9,8.9,492800
18/06/2014,8.9,9.3,8.7,9.05,882500
19/06/2014,9.3,9.5,9.05,9.5,208200
20/06/2014,9.5,10.1,9.4,10.1,281900
23/06/2014,10.1,10.65,10.1,10.65,363100
24/06/2014,10.9,11.4,10.9,11.25,672500
25/06/2014,11.25,11.25,10.6,10.75,996500
26/06/2014,11,11,10.45,10.65,470900
27/06/2014,11,11,10.6,10.9,232300
30/06/2014,10.5,10.95,10.25,10.9,73900
01/07/2014,10.85,10.9,10.25,10.7,240300
02/07/2014,10.65,10.65,10.1,10.2,417200
03/07/2014,10.35,10.6,10.2,10.5,173100
04/07/2014,10.5,10.5,10,10.2,108300
07/07/2014,10.15,10.2,9.8,10,148900
08/07/2014,10,10,9.8,9.95,77600
09/07/2014,9.95,10,9.9,9.9,101600
10/07/2014,9.95,10,9.8,10,250400
11/07/2014,9.9,10,9.9,9.9,163500
14/07/2014,10,10,9.75,10,213600
15/07/2014,9.95,10,9.9,9.95,226200
16/07/2014,9.95,9.95,9.8,9.8,106000
17/07/2014,9.9,9.9,9.75,9.8,266300
18/07/2014,9.75,9.85,9.75,9.8,146100
21/07/2014,9.85,9.9,9.6,9.6,160900
22/07/2014,9.75,9.9,9.75,9.9,43800
23/07/2014,9.9,9.9,9.15,9.5,253900
24/07/2014,9.8,9.8,9.1,9.1,126000
25/07/2014,9.4,9.4,9,9.05,202900
28/07/2014,9,9.45,9,9.45,549600
30/07/2014,9.1,9.1,8.9,9,171800
31/07/2014,9,9.3,9,9.3,379900
01/08/2014,9.3,9.75,9.1,9.5,96500
04/08/2014,10,10,9.6,9.8,270700
05/08/2014,9.8,10,9.6,9.7,146500
06/08/2014,9.6,9.95,9.6,9.9,112300
07/08/2014,10,10,9.7,10,147300
08/08/2014,10,10,9.9,9.9,86600
11/08/2014,9.9,10,9.8,9.9,174900
12/08/2014,9.9,10.1,9.9,10,415700
13/08/2014,10.2,10.2,10,10.1,358200
14/08/2014,10.1,10.8,10.05,10.8,383500
15/08/2014,10.35,11.2,10.35,11.2,412600
18/08/2014,11,12,10.8,11.65,348500
19/08/2014,11.65,11.65,11,11.4,2605000
20/08/2014,11.4,11.45,10.55,11,152400
21/08/2014,10.6,11.2,10.6,10.95,185400
22/08/2014,10.95,11.4,10.95,11.05,150600
25/08/2014,11,11.4,10.7,11,94400
26/08/2014,10.95,11.2,10.95,11.2,115500
27/08/2014,11.2,11.35,10.8,11,2327800
28/08/2014,10,11.2,10.9,11,1157800
29/08/2014,11,11,10.8,10.8,154300
01/09/2014,10.85,11,10.7,10.9,191000
02/09/2014,10.9,10.9,10.5,10.5,180700
03/09/2014,10.5,10.55,10.15,10.25,204700
04/09/2014,10.25,10.4,10.1,10.2,380700
05/09/2014,10.2,10.55,10.2,10.4,117400
08/09/2014,10.4,10.5,10.35,10.45,371100
09/09/2014,10.4,10.6,10.3,10.45,1789700
10/09/2014,10.4,11.15,10.4,10.95,110200
11/09/2014,10.8,11.15,10.55,11,971000
12/09/2014,11,11,10.8,10.85,95500
15/09/2014,10.85,10.95,10.6,10.8,192400
16/09/2014,10.9,11,10.5,10.8,449800
17/09/2014,10.9,10.9,10.55,10.7,267200
18/09/2014,10.7,11,10.65,10.75,583100
19/09/2014,10.7,10.8,10.4,10.5,464600
22/09/2014,10.7,11,10.4,10.5,442900
23/09/2014,10.5,10.6,10.2,10.4,228200
24/09/2014,10.5,10.55,10.15,10.3,349500
25/09/2014,10.4,10.5,10.1,10.2,215400
26/09/2014,10.4,10.4,10.05,10.2,275600
29/09/2014,10.2,10.45,10.05,10.1,112400
30/09/2014,10.1,10.4,10,10,533900
01/10/2014,10.1,10.4,10.1,10.1,53800
02/10/2014,10.05,10.5,10.05,10.2,150600
03/10/2014,10.2,10.95,10.1,10.95,196600
06/10/2014,10.5,11.2,10.35,10.6,324700
07/10/2014,10.6,10.7,10.5,10.6,163600
08/10/2014,10.5,11,10.5,10.9,861000
09/10/2014,11,11.3,10.7,11.3,404700
10/10/2014,11.3,11.9,11.15,11.85,161400
13/10/2014,11.65,12.75,11.6,12.2,847100
14/10/2014,12.4,12.4,11.5,12,423700
15/10/2014,11.9,12,11.5,12,359100
16/10/2014,12,12.2,11.65,12.2,260100
17/10/2014,12.2,12.8,12.2,12.8,739900
21/10/2014,12.5,13,12.5,12.8,299400
22/10/2014,12.8,13,12.5,12.55,463000
23/10/2014,12.8,13.15,12.7,13,706400
24/10/2014,12.5,12.5,10,10.7,645100
27/10/2014,11,11.2,10.75,10.9,294300
28/10/2014,11,11,10.5,10.6,330500
29/10/2014,10.9,10.9,10.4,10.5,420400
30/10/2014,10.5,10.5,10.15,10.3,313100
31/10/2014,10.3,10.5,10,10,520500
03/11/2014,10.05,10.3,9.9,10,456800
04/11/2014,10,10.3,9.9,9.95,274600
05/11/2014,9.95,10,9.7,9.8,221200
06/11/2014,9.8,9.85,9.65,9.65,314800
07/11/2014,9.9,9.9,9.6,9.65,367900
10/11/2014,9.65,9.7,9.6,9.6,230600
11/11/2014,9.7,9.75,9.65,9.65,153100
12/11/2014,9.65,10,9.65,10,436100
13/11/2014,10,10.45,10,10,472000
14/11/2014,10,10.2,9.85,9.9,686600
17/11/2014,10.1,10.45,9.95,10.2,159500
18/11/2014,10.3,10.7,10,10.55,2991400
19/11/2014,10.3,10.85,10.15,10.6,252400
20/11/2014,10.6,11.45,10.6,11.45,469300
21/11/2014,11.25,11.6,11.05,11.3,671800
24/11/2014,11.05,11.3,10.65,10.7,481600
25/11/2014,11,11,10.65,10.65,243400
26/11/2014,10.65,10.9,10.65,10.8,165100
27/11/2014,10.85,10.9,10.65,10.7,270300
28/11/2014,10.75,10.8,10.65,10.75,698800
01/12/2014,10.75,10.8,10.65,10.65,276500
02/12/2014,10.8,11,10.75,10.8,669000
03/12/2014,11,11,10.8,10.85,433900
04/12/2014,10.85,11,10.85,11,443900
05/12/2014,10.05,11.3,10.8,11.3,221600
08/12/2014,11.05,11.2,10.9,11.1,320500
09/12/2014,11.1,11.1,10.85,10.85,692900
10/12/2014,10.8,10.9,10.8,10.8,234400
11/12/2014,10.8,11,10.6,10.8,423800
15/12/2014,10.9,11,10.6,10.7,102300
16/12/2014,10.7,10.7,10.25,10.45,340100
17/12/2014,10.3,10.55,9.55,9.75,445600
18/12/2014,9.9,9.9,9.65,9.75,389500
19/12/2014,9.6,9.75,9,9,577200
22/12/2014,9,9.8,8.8,8.8,435100
23/12/2014,9.1,9.3,8.8,9.2,1164400
24/12/2014,9.1,9.8,9.05,9.5,104300
29/12/2014,9.75,10.05,9.55,9.9,367300
30/12/2014,10,10.2,9.85,10.15,151800
31/12/2014,9.5,10.5,10.15,10.2,87200
02/01/2015,10.2,10.3,10.15,10.15,34600
05/01/2015,10.2,10.2,9.4,9.45,99900
06/01/2015,9.85,9.95,9.4,9.5,113500
07/01/2015,9.55,9.8,9.4,9.75,91300
08/01/2015,9.6,9.8,9.6,9.75,75700
09/01/2015,9.75,10,9.6,9.8,201100
12/01/2015,9.8,10,9.7,9.8,82200
13/01/2015,9.9,10.7,9.65,9.7,200000
14/01/2015,9.7,9.9,9.6,9.8,109100
15/01/2015,9.6,9.85,9.6,9.7,60500
16/01/2015,9.7,10,9.7,9.75,116500
19/01/2015,9.8,9.85,9.55,9.7,285100
20/01/2015,9.8,9.8,9.5,9.6,168800
21/01/2015,9.6,9.75,9.55,9.6,77800
22/01/2015,9.6,9.75,9.5,9.5,390300
23/01/2015,9.4,9.7,9.4,9.7,94300
26/01/2015,9.6,10,9.5,9.75,269400
27/01/2015,9.65,9.75,9.55,9.55,49100
28/01/2015,9.6,9.75,9.5,9.5,196400
29/01/2015,9.5,9.7,9.3,9.7,131900
30/01/2015,9.7,9.7,9.4,9.5,2802600
02/02/2015,9.4,9.6,9.3,9.6,84200
03/02/2015,9.6,9.85,9.6,9.65,236400
04/02/2015,9.65,9.8,9.65,9.65,405600
05/02/2015,9,9.8,9.7,9.8,124700
06/02/2015,9.8,10.3,9.7,10.3,1726000
09/02/2015,10.5,10.5,9.8,10.1,1732700
10/02/2015,10,10.2,9.95,10,1549000
11/02/2015,10,10.45,10,10.2,742100
12/02/2015,10.2,10.35,10.2,10.25,216000
13/02/2015,10.3,10.4,10.2,10.35,192800
16/02/2015,10.45,10.5,10.2,10.5,196800
17/02/2015,10.35,10.95,10.35,10.5,165500
18/02/2015,10.7,10.75,10.5,10.6,345400
19/02/2015,10.6,10.7,10.5,10.7,576100
20/02/2015,10.7,10.9,10.6,10.8,1326600
23/02/2015,10.8,10.85,10.55,10.6,712500
24/02/2015,10.8,10.8,10.5,10.6,167600
25/02/2015,10.75,10.75,10.6,10.65,115500
26/02/2015,10.65,10.65,10.55,10.65,240000
27/02/2015,11,13,11,12.15,4428900
02/03/2015,12,12.5,12,12.2,1334400
03/03/2015,12.25,12.6,11.9,12.1,5755000
04/03/2015,12,12.5,12,12.2,275400
05/03/2015,12.25,12.35,11.9,12,914500
06/03/2015,12,12,11.8,11.9,650300
09/03/2015,11.9,11.9,11.5,11.5,302900
10/03/2015,11.5,11.6,11,11.2,1023200
11/03/2015,11.4,11.45,11.1,11.2,502000
12/03/2015,11.3,11.3,11,11,1747500
13/03/2015,11.1,11.5,10.8,11.05,45000
16/03/2015,11,11.2,11,11,347300
17/03/2015,11.05,11.2,10.9,11,1007500
18/03/2015,11,11.2,10.8,11,518100
19/03/2015,10.8,11.15,10.8,10.95,68400
20/03/2015,10.95,11.3,10.95,11,116800
23/03/2015,11,11.25,10.95,11,201300
24/03/2015,11,11.3,10.85,10.9,129600
25/03/2015,11,11.1,10.8,10.9,346700
26/03/2015,10.95,10.95,10.5,10.7,1119600
27/03/2015,10,10.75,9.7,10,505000
30/03/2015,10.65,10.75,9.75,9.85,983300
31/03/2015,10,10,9.7,10,340500
01/04/2015,10,10.75,9.9,10.65,874300
02/04/2015,10,10.95,10.2,10.9,69700
07/04/2015,10.8,11.65,10.8,10.95,111700
08/04/2015,11.35,11.35,10.5,10.9,345900
09/04/2015,10.3,10.7,10.2,10.25,47400
10/04/2015,10.25,10.25,9.95,10.15,51800
13/04/2015,10.05,10.9,9.9,10.05,177600
14/04/2015,10,10.25,10,10,180500
15/04/2015,10,10.15,10,10.1,51800
16/04/2015,10.05,10.15,10,10.05,89100
17/04/2015,10.05,10.5,10,10.2,114600
20/04/2015,10,10.05,9.8,9.9,105500
21/04/2015,9.9,10,9.7,9.85,268800
22/04/2015,9.75,9.9,9.7,9.7,233900
23/04/2015,9.75,9.8,9.6,9.7,320300
24/04/2015,9.7,9.9,9.7,9.75,60400
27/04/2015,9.95,10,9.75,10,183000
28/04/2015,9.95,10.35,9.9,10.1,665800
29/04/2015,10.05,10.1,9.9,10,517100
30/04/2015,10,10,9.9,9.95,374000
04/05/2015,9.95,10,9.85,9.85,572500
05/05/2015,9.9,10,9.8,9.8,268400
06/05/2015,9.9,9.9,9.7,9.8,106300
07/05/2015,9.85,9.85,9.6,9.75,650500
08/05/2015,9.8,10,9.5,9.9,150200
11/05/2015,9,10,9.45,9.75,501300
12/05/2015,9.6,9.8,9.5,9.55,84700
13/05/2015,9.6,9.75,9.25,9.4,1095800
14/05/2015,9.7,9.7,9.4,9.6,125400
15/05/2015,9.6,9.75,9.45,9.75,148800
18/05/2015,9.6,9.75,9.5,9.55,151400
19/05/2015,9.6,9.6,9.5,9.5,110500
20/05/2015,9.55,9.6,9.4,9.6,644400
21/05/2015,9.6,9.65,9.5,9.5,73400
22/05/2015,9.5,9.6,9.4,9.5,209800
25/05/2015,9.5,9.5,9.35,9.5,87700
26/05/2015,9.4,9.5,9.2,9.2,407300
27/05/2015,9.25,9.4,9,9.15,309800
28/05/2015,9.1,9.3,9,9.05,195900
29/05/2015,9.05,9.2,9,9.05,867300
02/06/2015,9.15,9.2,9.05,9.2,309500
03/06/2015,9.2,9.2,8.95,9,463000
04/06/2015,9.1,9.4,8.95,9.1,264600
05/06/2015,9.05,9.1,9,9.1,253500
08/06/2015,9.2,9.2,9,9.2,207000
09/06/2015,9.2,9.4,9,9,270600
10/06/2015,9.1,9.2,8.95,8.95,445800
11/06/2015,9,9.2,8.95,9,520000
12/06/2015,9.1,9.2,9,9.1,591400
15/06/2015,9,9.3,9,9.2,124200
16/06/2015,9.05,9.2,9,9,445200
17/06/2015,9.1,9.3,9,9,60700
18/06/2015,9,9.3,9,9.05,417600
19/06/2015,9.1,9.2,9.05,9.2,105300
22/06/2015,9.2,9.3,9.2,9.2,129200
23/06/2015,9.25,9.35,9,9.2,131600
24/06/2015,9.2,9.2,9,9.1,254300
25/06/2015,9.05,9.15,9,9.05,287000
26/06/2015,9.1,9.1,9,9.1,302000
29/06/2015,9,9.2,9,9.05,30000
30/06/2015,9.2,9.75,9,9.2,77700
01/07/2015,9.25,9.3,9.1,9.1,360100
02/07/2015,9.1,9.4,9,9,1175000
03/07/2015,9,9.25,9,9.2,49900
06/07/2015,9.2,9.7,9.2,9.25,921400
07/07/2015,9.5,9.8,9.2,9.5,78900
08/07/2015,9.5,9.6,9.05,9.4,259600
09/07/2015,9.5,9.65,8.45,9,935200
13/07/2015,9,9.2,8.85,9,143400
14/07/2015,9,9.2,8.9,8.9,107200
15/07/2015,8.85,9.1,8.7,8.85,258400
16/07/2015,8.7,9,8.6,8.7,74600
17/07/2015,8.7,9,8.6,8.8,133100
20/07/2015,9.1,9.1,8.55,8.8,533100
21/07/2015,8.75,9,8.5,8.5,275600
22/07/2015,8.6,8.8,8.3,8.3,593900
23/07/2015,8.6,8.6,8,8.4,102600
24/07/2015,8.35,8.5,8,8.5,43200
27/07/2015,8.25,8.5,8,8.25,103100
28/07/2015,8.25,8.9,8.25,8.35,1169500
29/07/2015,8.35,8.8,8.35,8.6,92800
30/07/2015,8.35,8.75,8.3,8.35,134700
31/07/2015,8.35,8.55,8.3,8.3,115800
03/08/2015,8.45,8.55,8.3,8.4,228300
04/08/2015,8.3,8.45,8.2,8.4,81100
05/08/2015,8.4,8.45,8.3,8.45,95400
06/08/2015,8.45,8.45,8.25,8.25,212900
07/08/2015,8.15,8.5,8.15,8.3,37200
10/08/2015,8.3,8.5,8.2,8.2,498400
11/08/2015,8.15,8.3,8,8.25,216100
12/08/2015,8.3,8.4,8.25,8.3,101600
13/08/2015,7.6,8.35,8.2,8.3,112300
14/08/2015,8.25,8.4,8.15,8.2,291600
17/08/2015,8.25,8.5,8.1,8.1,102100
18/08/2015,8.15,8.3,8.1,8.2,85300
19/08/2015,8.2,8.3,8.1,8.2,91800
20/08/2015,8.15,8.4,8.15,8.3,40500
21/08/2015,8.25,8.25,8,8.1,180800
24/08/2015,8,8.1,7.5,8,1303000
25/08/2015,8,8.15,7.8,7.8,1076800
26/08/2015,7.55,8,7.5,7.55,1160000
27/08/2015,7.5,8,7.2,7.5,272800
28/08/2015,7.5,8,7.2,7.75,69100
31/08/2015,7.75,8,7.75,8,361400
01/09/2015,8,8.6,7.75,8.5,191900
02/09/2015,8.05,8.4,8,8.2,41400
03/09/2015,8.15,8.35,8,8.05,363000
04/09/2015,8.1,8.9,8,8.15,78500
07/09/2015,8.8,8.8,8.3,8.35,37700
08/09/2015,8,8.8,8.25,8.35,81600
09/09/2015,8.35,8.45,8.25,8.25,199500
10/09/2015,8.3,8.35,8.15,8.15,141500
11/09/2015,8.25,8.35,8.15,8.2,143200
14/09/2015,8.2,8.25,8.1,8.15,787800
15/09/2015,8.2,8.3,8.1,8.2,289000
16/09/2015,8.25,8.75,8.2,8.75,965300
17/09/2015,8.5,8.5,8.3,8.45,793800
18/09/2015,8.45,8.45,8.15,8.3,413600
21/09/2015,7.65,8.5,8.25,8.45,66800
22/09/2015,8.4,8.65,8.2,8.2,132900
23/09/2015,8.2,8.4,8.15,8.25,175300
24/09/2015,8.25,8.3,8.1,8.25,51700
25/09/2015,8.3,8.3,8.2,8.25,199500
28/09/2015,8.25,8.4,8.25,8.35,390400
29/09/2015,8.35,8.4,8.25,8.3,228100
30/09/2015,8.35,8.5,8.3,8.35,122900
01/10/2015,8.35,8.5,8.35,8.35,67000
02/10/2015,8.4,8.5,8.35,8.4,254000
05/10/2015,8.4,8.5,8.3,8.3,200600
07/10/2015,8.35,8.35,8.2,8.3,392100
08/10/2015,8.3,8.4,8.15,8.3,208700
09/10/2015,8.3,8.3,8.2,8.2,40500
12/10/2015,8.25,8.4,8.2,8.3,546200
13/10/2015,8.5,11,8.5,9.3,3089300
14/10/2015,9.55,9.55,9.2,9.4,1781500
15/10/2015,9.2,9.4,9.05,9.3,135400
16/10/2015,9.3,9.3,9,9.05,235200
19/10/2015,9.2,9.3,9,9,170100
21/10/2015,9.1,9.2,8.8,8.9,206900
22/10/2015,8.95,8.95,8.65,8.7,143300
23/10/2015,8.7,8.8,8.6,8.65,608400
26/10/2015,8.6,8.65,8.55,8.65,98600
27/10/2015,8.6,8.95,8.6,8.7,67600
28/10/2015,8.9,8.95,8.65,8.8,161300
29/10/2015,8.7,8.9,8.6,8.6,833500
30/10/2015,8.7,8.9,8.55,8.75,187000
02/11/2015,8.75,8.75,8.5,8.5,116500
03/11/2015,8.7,8.7,8.5,8.5,157700
04/11/2015,8.65,8.7,8.5,8.6,179800
05/11/2015,8.6,8.95,8.55,8.65,169500
06/11/2015,8.95,9,8.6,8.8,310700
09/11/2015,9.1,9.3,8.9,8.95,101700
10/11/2015,9,9.3,8.9,9,232200
11/11/2015,9,9,8.6,8.8,240300
12/11/2015,8.8,8.8,8,8.35,429600
13/11/2015,8.2,8.5,8.1,8.35,789800
16/11/2015,8.25,8.35,8.15,8.25,306600
17/11/2015,8.8,8.8,8.15,8.25,105200
18/11/2015,8.2,8.9,7.5,8,798900
19/11/2015,8,8.1,7.65,8,613300
20/11/2015,7.8,8.2,7.75,8.2,75800
23/11/2015,8,8.5,7.8,7.9,120800
24/11/2015,7.85,8,7.7,7.7,399500
25/11/2015,7.9,7.9,7.7,7.85,78500
27/11/2015,7.7,7.85,7.7,7.85,225900
30/11/2015,7.8,7.9,7.65,7.8,511900
01/12/2015,7.8,7.85,7.65,7.65,1211800
02/12/2015,7.75,7.9,7.65,7.75,629600
03/12/2015,7.75,7.8,7.6,7.7,577700
04/12/2015,7.8,8,7.65,7.65,651700
07/12/2015,7.5,7.9,7.8,7.85,226000
08/12/2015,8,8.1,7.8,7.9,1204600
09/12/2015,8,8,7.7,7.85,866300
10/12/2015,7.8,8,7.75,8,270600
11/12/2015,7.55,8.05,7.85,7.9,262700
14/12/2015,7.9,8,7.9,7.95,408500
15/12/2015,7.85,7.95,7.7,7.75,712700
16/12/2015,7.8,8,7.65,7.75,855200
17/12/2015,7.65,7.65,6.55,7,185800
18/12/2015,7.05,7.05,6.75,6.75,164000
21/12/2015,6.8,6.95,6.6,6.7,99100
22/12/2015,6.5,6.65,6.45,6.5,178500
23/12/2015,6.5,6.5,6.05,6.45,1200300
24/12/2015,6.45,7,6.3,7,160400
28/12/2015,7.05,7.15,6.5,7,139800
29/12/2015,7.15,7.5,7,7.2,55400
30/12/2015,7.2,7.2,6.7,7.15,285500
31/12/2015,6.75,7.15,6.75,6.75,117600
04/01/2016,6.55,7.5,6.55,7.2,555600
05/01/2016,7,7.25,6.9,7.05,822600
06/01/2016,7.1,7.25,6.9,7.25,289300
07/01/2016,7.1,7.25,6.95,7.1,139200
08/01/2016,6.85,7,6.6,6.85,163200
11/01/2016,7,7,6.7,6.75,111700
12/01/2016,6.9,6.95,6.8,6.8,25500
13/01/2016,6.7,6.95,6.7,6.9,61200
14/01/2016,6.9,6.95,6.6,6.6,282300
15/01/2016,6.6,6.7,6.3,6.6,120400
18/01/2016,6.8,6.85,6,6,851800
19/01/2016,6,6.45,5.65,5.65,382600
20/01/2016,5.65,6.3,5.5,5.75,4633900
21/01/2016,6,6,5.4,5.5,2455200
22/01/2016,5,5.75,5.4,5.5,1861000
25/01/2016,5.75,5.9,5.45,5.5,1254200
26/01/2016,5.8,5.8,5.4,5.4,5329000
27/01/2016,5.5,5.8,5.4,5.8,690700
28/01/2016,5.9,6.05,5.65,6,5009700
29/01/2016,5.85,6.1,5.8,6,1603100
02/02/2016,5.95,6.2,5.95,6.15,134000
03/02/2016,6.25,6.5,6.2,6.45,268300
04/02/2016,6.5,6.7,6.3,6.5,1076100
05/02/2016,6.5,6.7,6.45,6.7,239800
08/02/2016,6.9,6.9,6.5,6.5,734100
09/02/2016,6.9,6.9,6.45,6.5,300300
10/02/2016,6,6.65,6.4,6.5,473900
11/02/2016,6.55,6.55,6.1,6.1,339100
12/02/2016,5.85,6.4,6,6.4,65000
15/02/2016,6.35,6.4,6,6.35,3071500
16/02/2016,6.35,6.5,6.3,6.5,126700
17/02/2016,6.5,6.95,6.45,6.5,300200
18/02/2016,6.7,6.75,6.45,6.6,10898500
19/02/2016,6,6.75,6.5,6.6,182700
22/02/2016,6.7,6.8,6.5,6.7,201700
23/02/2016,6.7,6.85,6.7,6.7,104800
24/02/2016,6.7,7.05,6.65,7,277100
25/02/2016,6.9,7,6.8,6.8,141000
26/02/2016,7,7.2,6.75,7,1894900
29/02/2016,7.2,7.2,6.9,7.1,387600
01/03/2016,6.85,7.15,6.85,7,494300
02/03/2016,7,7.5,7,7.5,653400
03/03/2016,7.4,7.8,7.2,7.6,292600
04/03/2016,7.7,8.05,7.5,8,5534700
07/03/2016,8.05,8.25,8.05,8.15,257600
08/03/2016,8.1,8.15,7.7,7.9,1053400
09/03/2016,7.8,8.2,7.75,7.75,1625400
10/03/2016,7.75,7.85,7.7,7.8,443200
11/03/2016,7.8,8,7.75,7.9,1187700
14/03/2016,7.85,8,7.85,7.85,958500
15/03/2016,7.9,8,7.85,7.9,195700
16/03/2016,8,8,7.7,7.85,244800
17/03/2016,7.1,7.85,7.5,7.7,284200
18/03/2016,7.7,7.85,7.5,7.75,3099700
21/03/2016,7.65,7.8,7.65,7.65,176800
22/03/2016,7.7,7.75,7.6,7.7,199700
23/03/2016,7.7,7.7,7.65,7.7,65300
24/03/2016,7.7,7.8,7.65,7.65,148700
29/03/2016,7.8,7.85,7.4,7.5,569300
30/03/2016,7.7,7.7,7.4,7.65,105000
31/03/2016,7.65,7.7,7.4,7.6,179600
01/04/2016,7.6,7.6,7.4,7.6,90300
04/04/2016,7.5,7.95,7.5,7.9,696000
05/04/2016,7.9,7.95,7.7,7.95,754400
06/04/2016,7.95,8,7.9,7.9,62700
07/04/2016,7.9,8.05,7.9,7.9,188500
08/04/2016,7.9,8.1,7.9,8,52900
11/04/2016,7.95,8.1,7.9,8,251700
12/04/2016,8,8.7,7.8,7.9,157200
13/04/2016,7.9,8,7.8,7.9,114700
14/04/2016,7.85,7.9,7.8,7.9,161600
15/04/2016,7.85,7.9,7.8,7.85,336200
18/04/2016,8,8,7.7,7.9,256700
19/04/2016,7.85,8.3,7.8,8.3,276600
20/04/2016,8.3,8.3,8,8.25,320400
21/04/2016,8,8.65,8,8.1,242900
22/04/2016,8.65,9,8.5,8.5,240500
25/04/2016,8.9,8.9,8.2,8.85,125500
26/04/2016,8.7,8.9,8.5,8.55,207600
27/04/2016,8.55,8.9,8.55,8.6,227200
28/04/2016,7.8,8.8,8.5,8.7,235100
29/04/2016,8.7,8.8,8.1,8.5,435500
03/05/2016,8.6,8.8,8.15,8.5,596500
04/05/2016,8.5,8.7,8.05,8.05,880800
05/05/2016,8.5,8.5,8.05,8.05,43100
06/05/2016,8.05,8.4,8.05,8.1,13900
09/05/2016,8.1,8.45,8,8.2,339900
10/05/2016,7.75,7.75,7,7.35,1095100
11/05/2016,7.4,7.5,7.25,7.4,495400
12/05/2016,7.45,7.5,7.1,7.2,1544400
13/05/2016,7.25,7.25,7.1,7.2,229900
16/05/2016,7.05,7.1,7,7.1,1067000
17/05/2016,6.8,6.95,6.55,6.65,36200
18/05/2016,6.7,7.05,6.5,6.6,2025600
19/05/2016,6.8,6.8,6.25,6.7,180900
20/05/2016,6.5,6.6,6.35,6.5,110900
23/05/2016,6.4,6.5,6.2,6.45,6428700
24/05/2016,6.8,6.8,6.45,6.55,1073400
25/05/2016,6.55,6.7,6.45,6.5,1518800
26/05/2016,6.5,6.55,6.45,6.55,174000
27/05/2016,6.5,6.8,6.5,6.8,77300
30/05/2016,6.7,6.8,6.55,6.65,108400
31/05/2016,6.7,7,6.6,6.8,104900
02/06/2016,6.8,6.95,6.6,6.8,249200
03/06/2016,6.9,6.95,6.55,6.8,1131300
06/06/2016,6.9,6.95,6.75,6.8,132200
07/06/2016,6.8,6.95,6.75,6.85,5967900
08/06/2016,6.9,7,6.7,6.8,1391200
09/06/2016,6.8,6.8,6.6,6.7,2717400
10/06/2016,6.75,6.75,6.6,6.7,482400
13/06/2016,6.7,6.7,6.55,6.65,400000
14/06/2016,6.65,6.7,6.6,6.7,2632600
15/06/2016,6.7,6.7,6.55,6.6,231500
16/06/2016,6.6,6.65,6.55,6.55,127700
17/06/2016,6.6,6.65,6.5,6.6,6289700
20/06/2016,6.7,6.7,6.6,6.6,100200
21/06/2016,6.65,6.7,6.6,6.65,135800
22/06/2016,6.55,6.7,6.6,6.7,102800
23/06/2016,6.7,6.7,6.6,6.65,4058700
24/06/2016,6.65,6.65,6.55,6.65,70800
27/06/2016,6.65,6.7,6.5,6.7,188500
28/06/2016,6.6,6.7,6.5,6.7,165200
29/06/2016,6.5,6.7,6.5,6.7,524800
30/06/2016,6.65,7,6,7,301100
01/07/2016,6.8,6.95,6.65,6.65,9100
04/07/2016,6.25,6.8,6.65,6.65,29300
05/07/2016,6.65,6.8,6.6,6.7,97900
06/07/2016,6.7,6.7,6.6,6.7,193100
08/07/2016,6.7,6.8,6.55,6.6,144800
11/07/2016,6.65,6.7,6.6,6.7,532800
12/07/2016,6.7,6.7,6.6,6.65,281200
13/07/2016,6.6,6.8,6.6,6.8,286700
14/07/2016,6,6.8,6.6,6.7,165700
15/07/2016,6.7,6.8,6.6,6.6,157600
18/07/2016,6.8,6.8,6.6,6.7,91600
19/07/2016,6.7,6.9,6.6,6.65,865600
20/07/2016,6.6,6.75,6.6,6.65,170100
21/07/2016,6.7,6.7,6.55,6.65,531900
22/07/2016,6.6,6.8,6.55,6.75,222100
25/07/2016,6.65,6.8,6.6,6.65,1249200
26/07/2016,6.65,6.65,6.5,6.6,53100
27/07/2016,6.6,6.65,6.4,6.6,3899000
28/07/2016,6.5,6.65,6.5,6.6,230200
29/07/2016,6.6,6.6,6.3,6.6,82200
01/08/2016,6.55,6.65,6.3,6.5,278000
02/08/2016,6.5,6.65,6.4,6.5,154400
03/08/2016,6.5,6.5,6.3,6.3,167600
04/08/2016,6.45,6.6,6.3,6.6,153100
05/08/2016,6.6,6.6,6.45,6.55,98400
08/08/2016,6.55,6.6,6.3,6.6,4885900
09/08/2016,6.55,6.6,6.45,6.5,175100
10/08/2016,6.5,6.5,6.4,6.4,41200
11/08/2016,6.45,6.5,6.3,6.4,155700
12/08/2016,6.4,6.5,6.25,6.35,211800
15/08/2016,6.35,6.4,6.25,6.4,55700
16/08/2016,6.35,6.4,6.3,6.3,198200
17/08/2016,6.3,6.35,6.2,6.25,70200
18/08/2016,6.3,6.3,6.2,6.2,219200
19/08/2016,5.7,6.4,6.2,6.3,49600
22/08/2016,6.25,6.4,6.25,6.3,126100
23/08/2016,6.25,6.35,6.25,6.35,931100
24/08/2016,6.3,6.4,6.1,6.1,3179300
25/08/2016,6.1,6.4,5.8,6.1,2070400
26/08/2016,6.1,6.2,5.8,6,1904500
29/08/2016,5.4,6,5.8,5.8,442800
30/08/2016,5.8,6.2,5.7,6,284600
31/08/2016,6,6.2,5.95,6,514600
01/09/2016,6,6.2,5.95,6.2,1762600
02/09/2016,6.05,6.2,6,6.15,1323400
05/09/2016,6,6.5,5.9,6.35,65900
06/09/2016,6.35,6.5,6.15,6.3,988700
07/09/2016,6.15,6.5,6.1,6.3,95800
08/09/2016,6,6.65,6.35,6.45,576300
09/09/2016,6.65,7.15,6.55,6.65,985600
13/09/2016,7.1,7.1,6.65,6.7,764200
14/09/2016,6.7,7.1,6.7,6.9,330600
15/09/2016,6.75,7.15,6.7,7,583500
16/09/2016,6.85,6.85,6.75,6.75,273100
19/09/2016,6.75,6.95,6.7,6.7,513000
20/09/2016,6.7,6.75,6.4,6.65,350900
21/09/2016,6.8,6.8,6.5,6.55,59700
22/09/2016,6.55,6.6,6.55,6.6,214900
23/09/2016,6.55,6.65,6.55,6.55,116400
26/09/2016,6.65,6.65,6.5,6.6,2301100
27/09/2016,6.5,6.7,6.5,6.6,293700
28/09/2016,6.55,6.7,6.4,6.7,43000
29/09/2016,6.2,6.65,6.5,6.6,55200
30/09/2016,6.6,6.65,6.55,6.65,136100
03/10/2016,6.6,6.75,6.6,6.75,471400
04/10/2016,6.75,7,6.7,6.75,522400
05/10/2016,6.75,6.9,6.75,6.9,205500
06/10/2016,6.9,6.9,6.8,6.85,483600
07/10/2016,6.9,6.95,6.8,6.9,288600
10/10/2016,6.95,7,6.85,6.9,218100
11/10/2016,7,7,6.85,7,3620100
12/10/2016,6.85,6.95,6.85,6.9,1123800
13/10/2016,6.9,6.9,6.8,6.9,1341400
14/10/2016,6.9,6.9,6.85,6.85,199900
17/10/2016,6.9,6.9,6.8,6.8,221400
18/10/2016,6.85,7,6.85,6.9,197600
19/10/2016,6.9,7,6.85,6.85,110500
21/10/2016,6.5,6.5,5.5,6,924400
24/10/2016,6.25,6.25,5.9,5.9,521100
25/10/2016,5.95,6,5.8,5.9,533100
26/10/2016,5.9,6,5.85,5.9,305600
27/10/2016,6,6,5.85,5.9,2700300
28/10/2016,5.9,5.9,5.8,5.85,1854100
31/10/2016,5.9,5.9,5.8,5.85,928500
01/11/2016,5.85,5.95,5.85,5.95,300300
02/11/2016,5.85,5.9,5.8,5.9,2695700
04/11/2016,5.85,5.9,5.75,5.85,2120600
07/11/2016,5.8,5.9,5.75,5.8,680600
08/11/2016,5.8,5.85,5.6,5.65,2207500
09/11/2016,5.65,5.75,5.5,5.6,201600
10/11/2016,5.55,5.65,5.5,5.5,476900
11/11/2016,5.5,5.6,5.5,5.6,1962300
14/11/2016,5.55,5.75,5.55,5.75,79400
15/11/2016,5.75,6.2,5.7,6.2,3247400
16/11/2016,6,6.4,6,6.4,2364900
17/11/2016,5.7,6.4,6.1,6.1,291600
18/11/2016,6.15,6.25,6.15,6.25,580600
21/11/2016,6.2,6.3,5.9,6,907200
22/11/2016,6.2,6.2,5.9,5.95,347400
23/11/2016,5.5,6,5.85,5.95,3812000
24/11/2016,6,6.2,6,6,168200
25/11/2016,6.2,6.2,5.95,6.1,137000
28/11/2016,6.1,6.1,5.95,6.1,171400
29/11/2016,5.5,6.1,5.95,6.1,42100
30/11/2016,6.1,6.1,5.95,5.95,236900
01/12/2016,6,6.1,5.95,6,93700
02/12/2016,6,6,5.9,6,57500
05/12/2016,6,6,5.9,5.95,195400
06/12/2016,6,6,5.85,5.9,149400
07/12/2016,5.9,5.95,5.85,5.85,205300
08/12/2016,5.8,5.9,5.8,5.8,2471600
09/12/2016,5.85,5.85,5.75,5.8,711500
13/12/2016,5.85,5.85,5.75,5.85,140700
14/12/2016,5.8,5.85,5.7,5.75,146600
15/12/2016,5.75,5.8,5.6,5.65,154500
16/12/2016,5.75,5.75,5.65,5.65,132400
19/12/2016,5.8,5.8,5.65,5.75,99500
20/12/2016,5.8,5.85,5.7,5.85,1235800
21/12/2016,5.75,5.9,5.75,5.9,430600
22/12/2016,5.9,6,5.8,5.9,1018800
23/12/2016,5.95,6,5.8,5.8,845700
28/12/2016,5.8,5.9,5.65,5.7,122300
29/12/2016,6,6,5.7,5.8,75700
30/12/2016,5.75,6,5.75,5.75,27400
03/01/2017,5.8,5.85,5.7,5.85,82500
04/01/2017,5.8,5.8,5.65,5.7,109700
05/01/2017,5.8,5.9,5.65,5.8,93691900
06/01/2017,5.7,5.8,5.7,5.8,78700
09/01/2017,5.7,5.8,5.7,5.7,51000
10/01/2017,5.75,5.8,5.7,5.7,61000
11/01/2017,5.8,5.8,5.7,5.7,219000
12/01/2017,5.7,5.75,5.65,5.7,386800
13/01/2017,5.7,5.7,5.6,5.6,93200
16/01/2017,5.65,5.7,5.5,5.5,112100
17/01/2017,5.55,5.65,5.5,5.6,369500
18/01/2017,5.7,5.7,5.4,5.4,375400
19/01/2017,5.4,5.65,5.3,5.5,371100
20/01/2017,5.5,5.5,5.3,5.4,105700
23/01/2017,5,5.45,5.05,5.4,1826000
24/01/2017,5.35,5.4,5,5.35,2547400
25/01/2017,5,5.35,4.95,5,3197400
26/01/2017,5,5.4,4.95,5.1,12630700
27/01/2017,5.4,5.4,5,5.4,71100
30/01/2017,5.1,5.25,5.05,5.15,55700
31/01/2017,5.1,5.35,5.1,5.25,278400
01/02/2017,4.9,5.5,5.2,5.4,469200
02/02/2017,5.35,5.6,5.35,5.6,41200
03/02/2017,5.6,5.95,5.5,5.9,4660500
06/02/2017,5.85,5.95,5.7,5.9,1596700
07/02/2017,6,6,5.85,5.9,283300
08/02/2017,5.8,5.95,5.8,5.9,1844400
09/02/2017,5.9,5.95,5.8,5.9,385500
10/02/2017,5.9,5.95,5.9,5.95,702600
13/02/2017,5.9,6.2,5.8,6.2,2412600
14/02/2017,6.2,6.6,6.05,6.4,1109100
15/02/2017,6.6,6.6,6.3,6.45,7212000
16/02/2017,6.5,6.6,6.3,6.55,719900
17/02/2017,6.4,6.6,6.3,6.6,2206800
20/02/2017,6.55,6.6,6.3,6.55,60400
21/02/2017,6.55,6.6,6.5,6.55,10163200
22/02/2017,6.55,6.6,6.5,6.6,6308900
23/02/2017,6.55,6.6,6.55,6.55,220100
24/02/2017,6.6,6.6,6.2,6.5,166700
27/02/2017,6.5,6.55,6.5,6.55,401100
28/02/2017,6.55,6.6,6,6.5,197500
01/03/2017,6.05,6.5,6.05,6.3,5921500
02/03/2017,6.05,6.5,6,6.4,2068800
03/03/2017,6.5,6.5,5.9,6.4,3800100
06/03/2017,6.35,6.35,6.05,6.1,3056600
07/03/2017,5.7,6.3,6,6.1,62100
08/03/2017,6.1,6.35,6.1,6.2,1118700
09/03/2017,6.1,6.2,6,6,147000
10/03/2017,6.2,6.2,5.75,6,56100
13/03/2017,6.1,6.6,5.8,6.55,11451100
14/03/2017,6.2,6.6,6.1,6.6,281500
15/03/2017,6.6,6.6,6.3,6.6,1194100
16/03/2017,6.35,6.6,6.1,6.55,7520700
17/03/2017,6.1,6.65,6,6.55,3990700
20/03/2017,6.55,6.6,6.5,6.55,808700
21/03/2017,6.55,6.6,6.5,6.55,3657700
22/03/2017,6.55,6.6,6.55,6.55,442600
23/03/2017,6.55,6.6,6.35,6.35,160900
24/03/2017,6.55,6.6,6.35,6.55,782400
27/03/2017,6.55,6.6,6.25,6.25,161100
28/03/2017,6.5,6.6,6.05,6.55,667200
29/03/2017,6.95,6.95,6.1,6.2,53000
30/03/2017,6.25,6.6,6.2,6.55,3157000
31/03/2017,6.5,6.6,6.5,6.55,27400
03/04/2017,6.55,6.55,6.15,6.2,83700
04/04/2017,6.55,6.6,6.2,6.55,143600
05/04/2017,6.3,6.65,6.3,6.6,146600
06/04/2017,6.55,6.6,6.55,6.6,4333200
07/04/2017,6.6,6.65,6.55,6.6,88900
10/04/2017,6.6,6.6,6.5,6.5,60600
11/04/2017,6.55,6.6,6.45,6.45,86300
12/04/2017,6.5,6.6,6.5,6.55,117500
13/04/2017,6.55,6.65,6.55,6.6,2277700
18/04/2017,6.55,6.65,6.35,6.6,539900
19/04/2017,6.65,6.65,6.2,6.65,236500
20/04/2017,6.5,6.8,6.2,6.2,67000
21/04/2017,6.4,6.5,6.25,6.3,80000
24/04/2017,6.3,6.55,6.3,6.55,311600
25/04/2017,6.6,6.6,6.35,6.4,26700
26/04/2017,6.35,6.5,6.35,6.4,39400
27/04/2017,6.45,6.5,6.35,6.35,45500
28/04/2017,6.3,6.6,6.3,6.4,213300
02/05/2017,6.45,6.8,6.45,6.65,98100
03/05/2017,6.4,6.8,6.4,6.7,374500
05/05/2017,6.6,6.75,6.55,6.75,609600
08/05/2017,6.7,6.8,6.6,6.65,72800
09/05/2017,6.65,6.7,6.6,6.6,84500
10/05/2017,6.6,6.7,6.6,6.65,236700
11/05/2017,6.65,6.7,6.65,6.7,79800
12/05/2017,6.7,6.7,6.6,6.65,116000
15/05/2017,6.7,6.8,6.65,6.8,99400
16/05/2017,6.1,6.85,6.7,6.75,10104300
17/05/2017,6.75,6.8,6.7,6.75,2412400
18/05/2017,6.75,6.9,6.75,6.9,722400
19/05/2017,7,7.05,7,7,1066700
22/05/2017,7.05,7.1,7,7,40700
23/05/2017,7.05,7.2,7.05,7.2,205100
24/05/2017,7.05,7.4,7.05,7.4,2415800
25/05/2017,7.5,7.7,7.2,7.5,352600
26/05/2017,7.5,7.8,7.4,7.8,5968000
29/05/2017,7.8,8,7.6,7.9,101100
30/05/2017,8,8.5,7.8,8,2916400
31/05/2017,7.95,8,7.6,7.85,1096900
02/06/2017,7.9,8,7.75,7.9,322500
05/06/2017,7.8,7.95,7.8,7.9,234100
06/06/2017,7.9,7.95,7.8,7.9,494200
07/06/2017,7.9,7.95,7.8,7.9,562200
08/06/2017,7.9,8.1,7.85,8,2631100
09/06/2017,8.05,8.2,8,8.05,333800
12/06/2017,8.1,8.8,8.05,8.1,167800
13/06/2017,8.4,8.5,8.1,8.5,9116400
14/06/2017,8.6,8.65,8.1,8.5,403800
15/06/2017,8.45,8.65,8.3,8.5,462000
16/06/2017,8.55,8.75,8.55,8.7,2811900
19/06/2017,8.75,8.95,8.7,8.8,332300
20/06/2017,8.95,8.95,8.75,8.9,2962200
21/06/2017,8,8.95,8.75,8.75,174300
22/06/2017,8.8,8.8,8.75,8.75,156900
23/06/2017,8.8,8.8,8.6,8.7,424100
27/06/2017,8.7,8.75,8.5,8.6,813400
28/06/2017,8.5,8.6,8.25,8.25,119900
29/06/2017,8.3,8.3,7.6,8,3313200
30/06/2017,8,8,7.25,8,279900
03/07/2017,7.75,8.5,7.75,7.85,614500
04/07/2017,7.85,8,7.75,7.9,439600
06/07/2017,7.75,8,7.75,7.95,117200
07/07/2017,7.6,8,7.95,8,503800
10/07/2017,8,8,7.9,7.9,135900
11/07/2017,7.95,8,7.9,7.9,210700
12/07/2017,7.95,8,7.85,7.95,622100
13/07/2017,7.85,7.95,7.85,7.95,2263900
14/07/2017,7.85,8,7.85,7.85,6875600
17/07/2017,7.9,8,7.8,7.85,358000
18/07/2017,7.9,7.9,7.75,7.85,4052100
19/07/2017,7.85,7.85,7.75,7.75,764900
20/07/2017,7.6,7.8,7.6,7.7,142500
21/07/2017,7.8,8,7.75,7.85,3966000
24/07/2017,7.85,8,7.8,7.85,76400
25/07/2017,7.95,8,7.85,8,395100
26/07/2017,7.4,8.2,7.95,8.15,19100
27/07/2017,8.1,8.15,8,8.1,4236200
28/07/2017,8.15,8.5,8.15,8.15,1411100
31/07/2017,8.2,8.75,8.15,8.15,1351700
01/08/2017,8.4,8.4,8.1,8.1,2752300
02/08/2017,8.45,8.45,8.05,8.15,4297300
03/08/2017,8.2,8.55,8.2,8.35,6584400
04/08/2017,8.25,8.5,8.25,8.4,102100
07/08/2017,8.55,8.55,8.45,8.55,119900
09/08/2017,8.5,8.8,8.45,8.8,456400
10/08/2017,8.8,8.95,8.8,8.95,352500
11/08/2017,8.95,9.8,8.95,9.7,7019400
14/08/2017,9.5,10,9.5,9.8,3334100
15/08/2017,9,10,9.4,9.8,760800
16/08/2017,9.5,9.6,9,9.3,6080500
17/08/2017,9.2,9.4,9.15,9.2,702600
18/08/2017,9.5,9.5,9.2,9.3,841600
21/08/2017,9.25,9.4,9.2,9.25,801600
22/08/2017,9.2,9.4,9.2,9.35,15345100
23/08/2017,9.35,9.4,9.25,9.35,288500
24/08/2017,9.35,9.6,9.35,9.5,1956800
25/08/2017,9.5,9.95,9.5,9.85,3211200
28/08/2017,9.9,10.2,9.85,10,722500
29/08/2017,9.95,10,9.7,9.8,1485000
30/08/2017,9.85,9.9,9.75,9.8,1934900
31/08/2017,9.85,9.85,9.7,9.7,537800
01/09/2017,9.7,9.8,8.75,9.45,789600
04/09/2017,9.45,9.65,9,9.15,936400
05/09/2017,9.2,9.25,9.05,9.2,507700
06/09/2017,9.2,9.4,9.15,9.2,172100
07/09/2017,9.2,9.25,9.15,9.25,399800
08/09/2017,9.25,9.3,9.15,9.25,185700
11/09/2017,9.2,9.7,9.2,9.25,136300
12/09/2017,9.2,9.65,9.2,9.4,40000
13/09/2017,9.55,9.6,9.3,9.35,219000
14/09/2017,9.35,9.45,9.35,9.4,405500
15/09/2017,9.4,9.4,9.35,9.4,154600
18/09/2017,9.4,9.5,9.3,9.3,429300
19/09/2017,9.25,9.4,9.25,9.3,1256200
20/09/2017,9.3,9.3,9.25,9.25,173700
21/09/2017,9.3,9.3,9.05,9.2,1027600
22/09/2017,9,9.1,8.8,9,171300
25/09/2017,8.95,9,8.9,8.95,198600
26/09/2017,8.95,8.95,8.8,8.85,228000
27/09/2017,8.85,8.85,8.55,8.65,173800
28/09/2017,8.6,8.8,8.5,8.8,696400
29/09/2017,8.65,8.85,8.6,8.75,148900
02/10/2017,8.75,8.8,8.6,8.6,60900
04/10/2017,8.55,8.8,8.5,8.8,61400
05/10/2017,8.65,8.8,8.55,8.7,69100
06/10/2017,8.7,8.9,8.7,8.9,154300
09/10/2017,8.9,9.1,8.9,9.1,155500
10/10/2017,9.1,9.25,9,9.1,289000
11/10/2017,9.15,9.15,8.8,8.8,235600
12/10/2017,8.8,8.9,8.65,8.65,268800
13/10/2017,8.7,8.75,8.65,8.7,402900
16/10/2017,8.65,8.85,8.65,8.7,202600
17/10/2017,8.7,8.8,8.7,8.75,187800
18/10/2017,8.75,8.75,8.3,8.5,333000
19/10/2017,8.4,8.5,8,8,350200
23/10/2017,8.5,8.6,7.9,8,339500
24/10/2017,8.2,8.5,8.2,8.4,137200
27/10/2017,8.35,8.75,8.35,8.7,258300
30/10/2017,8.7,8.95,8.65,8.7,303900
31/10/2017,8.7,8.9,8.7,8.75,1159300
01/11/2017,8.75,9,8.75,8.9,1148000
02/11/2017,8.8,9.25,8.8,9.1,4085900
03/11/2017,9.1,9.2,8.8,9.05,635200
06/11/2017,9.2,9.2,8.9,8.95,348700
07/11/2017,8.95,9,8.9,8.9,139500
08/11/2017,9,9,8.5,8.5,478000
09/11/2017,8.6,8.9,8.2,8.6,112100
10/11/2017,8.5,8.5,8.25,8.5,2370800
13/11/2017,8.5,8.5,8.3,8.3,69500
14/11/2017,8.5,8.5,8.3,8.3,79200
15/11/2017,8.4,8.45,8.3,8.4,391800
16/11/2017,8.4,8.7,8.4,8.6,628600
17/11/2017,8.6,8.9,8.55,8.6,86500
20/11/2017,8.5,9.1,8.65,8.8,243900
21/11/2017,9,9.05,8.7,9,234500
22/11/2017,8.85,9.05,8.8,9.05,453300
23/11/2017,9.1,9.15,8.95,9.05,253700
24/11/2017,9.1,9.1,9,9.1,170200
27/11/2017,9.05,9.15,9,9.05,665500
29/11/2017,9,9.05,8.9,8.9,183700
30/11/2017,9,9,8.7,8.9,441800
01/12/2017,8.9,8.95,8.65,8.85,170800
04/12/2017,8.8,8.95,8.65,8.65,157700
05/12/2017,8.8,8.8,8.65,8.8,531300
06/12/2017,8.8,8.9,8.4,8.75,9146400
07/12/2017,8.7,8.7,8.45,8.6,53000
08/12/2017,8.5,8.7,8.45,8.6,76000
11/12/2017,8.6,8.7,8.5,8.7,39200
13/12/2017,8.7,8.7,8.5,8.6,135900
14/12/2017,8.7,8.9,8.6,8.7,664800
15/12/2017,8.9,8.9,8.7,8.7,4537300
18/12/2017,8.65,8.85,8.65,8.65,161800
19/12/2017,8.6,8.7,8.55,8.7,103700
20/12/2017,8.6,8.8,8.55,8.6,399200
21/12/2017,8.55,8.7,8.55,8.65,239400
22/12/2017,8.6,8.8,8.6,8.65,981700
27/12/2017,8.65,8.8,8.6,8.6,41300
28/12/2017,8.65,8.65,8.55,8.65,34100
29/12/2017,8.65,8.65,8.5,8.6,98600
02/01/2018,8.6,8.65,8.55,8.55,105900
03/01/2018,8.6,8.6,8.4,8.5,85200
04/01/2018,8.5,8.5,8,8.3,107600
05/01/2018,8.4,8.4,8.1,8.2,158800
08/01/2018,8,8.5,8.15,8.2,950800
09/01/2018,8.4,8.5,8.3,8.5,11016700
10/01/2018,8.3,8.5,8.3,8.4,172000
11/01/2018,8.4,8.5,8.35,8.35,154000
12/01/2018,8.4,8.4,8.3,8.4,400500
15/01/2018,8.4,8.4,8.2,8.3,302500
16/01/2018,8.3,8.35,8.25,8.3,108700
17/01/2018,8.3,8.35,8.2,8.25,1048300
18/01/2018,8.25,8.3,8.2,8.3,209700
19/01/2018,8.3,8.3,8.15,8.3,403200
22/01/2018,8.25,8.25,8.1,8.1,94500
23/01/2018,8.2,8.2,8.05,8.1,219500
24/01/2018,8.1,8.3,8,8,300700
25/01/2018,8.05,8.2,8,8.05,774000
26/01/2018,8.2,8.45,8.1,8.2,3542200
29/01/2018,8.2,8.45,8.1,8.4,51400
30/01/2018,8.25,8.4,8.15,8.25,54000
31/01/2018,8.25,8.65,8.2,8.55,168800
01/02/2018,8.55,8.6,8.3,8.45,531000
02/02/2018,7.8,8.5,8.3,8.45,128400
05/02/2018,8.35,8.45,8.35,8.4,199500
06/02/2018,8.35,8.45,8.3,8.45,103200
07/02/2018,8.35,8.45,8.05,8.3,497800
08/02/2018,7.85,8.5,8.3,8.4,2393900
09/02/2018,8.5,8.5,8.3,8.5,269500
12/02/2018,8.4,8.5,8.35,8.45,4330600
13/02/2018,8.45,8.5,8.4,8.4,112400
14/02/2018,8.45,8.45,8.3,8.45,153200
15/02/2018,8.4,8.5,8.2,8.2,109600
16/02/2018,8.2,8.35,8.2,8.35,309200
19/02/2018,8.3,8.5,8.2,8.2,96900
20/02/2018,8.5,8.5,8.2,8.4,670800
21/02/2018,8.4,8.6,8.4,8.6,78900
22/02/2018,8.5,8.6,8.5,8.6,432300
23/02/2018,8.55,8.7,8.5,8.7,185700
26/02/2018,8.8,9.15,8.5,9,8572600
27/02/2018,8.9,9.1,8.7,9,3984600
28/02/2018,9,9,8.8,9,153600
01/03/2018,8.9,9,8.8,8.8,46400
02/03/2018,8.8,8.9,8.5,8.6,515400
05/03/2018,8.6,8.7,8.4,8.5,259200
06/03/2018,8.5,8.8,8.4,8.5,161900
07/03/2018,8.5,8.6,8.5,8.55,755400
08/03/2018,8.1,8.8,8.6,8.7,241300
09/03/2018,7.8,8.8,8.6,8.65,243200
12/03/2018,8.65,8.85,8.6,8.85,262800
13/03/2018,8.7,9,8.7,8.85,518900
14/03/2018,8.8,8.95,8.8,8.85,249800
15/03/2018,8.9,9.2,8.85,9,4585300
16/03/2018,9.2,9.2,8.9,9.1,106100
19/03/2018,9,9.1,8.9,9.1,743800
20/03/2018,9.05,9.15,9,9.15,770100
21/03/2018,9.1,9.25,9,9.2,225700
22/03/2018,9.2,9.2,9,9.15,250400
23/03/2018,9,9.2,8.95,9,1558600
26/03/2018,9.05,9.1,8.95,9.05,3962100
27/03/2018,8.95,9.1,8.95,9.05,194800
28/03/2018,9,9.2,9,9.1,242500
29/03/2018,9.1,9.2,9,9,167400
03/04/2018,9,9,8.8,8.8,151400
04/04/2018,9.05,9.05,8.2,8.6,153000
05/04/2018,8.6,8.8,8.6,8.8,86200
06/04/2018,8.2,8.7,8.55,8.55,385700
09/04/2018,8.55,8.7,8.55,8.6,351500
10/04/2018,8.55,8.7,8.55,8.7,98400
11/04/2018,8.6,9,8.6,8.7,97400
12/04/2018,8.95,9,8.7,8.75,1170100
13/04/2018,9,9,8.7,8.75,251500
16/04/2018,8.75,8.8,8.65,8.7,160800
17/04/2018,8.7,8.8,8.6,8.6,153200
18/04/2018,8.65,9,8.3,8.5,137900
19/04/2018,8.5,8.6,8.4,8.4,189600
20/04/2018,8.4,8.6,8.4,8.45,113500
23/04/2018,8.45,8.6,8.35,8.35,164000
24/04/2018,8.4,8.4,8,8.1,108800
25/04/2018,8,8.3,8,8.3,210500
26/04/2018,8.3,8.5,8.2,8.35,36500
27/04/2018,8.35,8.9,8.3,8.35,4028700
30/04/2018,8.35,8.8,8.35,8.5,1275000
02/05/2018,8.4,8.6,8.35,8.35,3410800
03/05/2018,8.4,8.5,8.1,8.25,296700
04/05/2018,8.5,8.5,8.1,8.3,105200
07/05/2018,8.15,8.3,8.1,8.2,845500
08/05/2018,8.2,8.3,8.05,8.05,347800
09/05/2018,8.05,8.3,8,8.05,621600
10/05/2018,8.15,8.15,7.9,7.9,732800
11/05/2018,8.05,8.1,7.8,8.1,169900
14/05/2018,8.05,8.1,7.95,7.95,174800
15/05/2018,8.1,8.1,7.65,7.8,267900
16/05/2018,7.5,7.85,7.5,7.85,305300
17/05/2018,7.8,7.85,7.5,7.85,111200
18/05/2018,7.65,7.85,7.65,7.85,40600
21/05/2018,7.85,8,7.7,7.9,145900
22/05/2018,7.9,8,7.85,7.95,251100
23/05/2018,8,8,7.9,7.9,410000
24/05/2018,7.85,8,7.85,8,470300
25/05/2018,8,8,7.9,7.9,159200
28/05/2018,7.9,7.95,7.5,7.9,1055400
29/05/2018,7.9,7.9,7.5,7.5,94200
30/05/2018,7.5,7.5,7.3,7.4,2305200
31/05/2018,7.3,7.5,7,7.2,151500
04/06/2018,6.75,7.2,6.55,6.8,341200
05/06/2018,6.85,7,6.6,7,366000
06/06/2018,7,7.25,6.8,7.25,175500
07/06/2018,7.75,7.75,7.7,7.75,141700
08/06/2018,7.9,7.95,7.3,7.5,160000
11/06/2018,7.5,7.5,7.25,7.45,26700
12/06/2018,7.5,7.5,7.1,7.2,819900
13/06/2018,7.25,7.4,7.1,7.2,314100
14/06/2018,6.5,7.3,7.1,7.1,166400
18/06/2018,7.2,7.2,7.1,7.15,149000
19/06/2018,7.15,7.2,7.15,7.2,396900
20/06/2018,7.15,7.2,7.1,7.1,137600
21/06/2018,7.2,7.2,7.05,7.05,1244100
22/06/2018,7.1,7.2,6.8,6.8,818600
25/06/2018,7.1,7.1,6.65,7,237800
26/06/2018,7,7,6.8,6.95,674400
27/06/2018,7,7.05,6.9,6.95,887300
28/06/2018,7,7.1,6.9,7,1544200
29/06/2018,7,7.15,6.9,7,449800
02/07/2018,7,7.15,7,7,311600
03/07/2018,7,7.15,7,7.05,151000
04/07/2018,7,7.1,6.9,7,159200
05/07/2018,7,7,6.9,6.9,196800
06/07/2018,6.95,7.15,6.9,7.15,90800
09/07/2018,7.15,7.3,6.9,6.9,107800
10/07/2018,7,7,6.95,6.95,63300
11/07/2018,7.25,7.5,6.9,6.95,417500
12/07/2018,7,7,6.95,6.95,63200
13/07/2018,6.9,7,6.9,6.95,81900
16/07/2018,7.5,7.5,6.95,6.95,84600
17/07/2018,6.95,7,6.9,6.95,130500
18/07/2018,6.95,7,6.9,6.95,590900
19/07/2018,6.95,7,6.9,6.9,78100
20/07/2018,7,7,6.9,6.9,269500
23/07/2018,7,7.1,6.9,7,87300
24/07/2018,6.9,6.9,6.55,6.65,375300
25/07/2018,6.55,6.7,6.55,6.55,608400
26/07/2018,6.6,6.7,6.4,6.55,622300
27/07/2018,6.6,6.7,6.55,6.55,93400
30/07/2018,6.55,6.6,6.45,6.6,201600
31/07/2018,6.6,6.7,6.45,6.7,91100
01/08/2018,6.5,6.6,6.4,6.45,693500
02/08/2018,6.45,6.45,6.3,6.35,482300
03/08/2018,6.4,6.4,6.1,6.2,2536900
06/08/2018,6.15,6.35,6.1,6.1,1443100
07/08/2018,6.35,6.4,6.2,6.3,958200
08/08/2018,6.3,6.8,6.2,6.75,144900
09/08/2018,6.7,6.75,6.5,6.5,300900
10/08/2018,6.6,6.6,6.5,6.6,181800
13/08/2018,6.5,6.6,6.5,6.5,61900
14/08/2018,6.5,6.6,6.35,6.6,433700
15/08/2018,6.6,6.6,6.4,6.4,199900
16/08/2018,6.4,6.5,6.4,6.4,110000
17/08/2018,6.5,6.75,6.45,6.75,583100
20/08/2018,6,6.75,6.5,6.55,230700
22/08/2018,6.6,6.65,6.5,6.5,74500
23/08/2018,6.6,6.75,6.55,6.55,950100
24/08/2018,6.55,6.8,6.55,6.55,69300
27/08/2018,6.55,6.75,6.5,6.55,147700
28/08/2018,6.55,6.7,6.45,6.45,141800
29/08/2018,6.45,6.8,6.45,6.6,373700
30/08/2018,6.6,6.85,6.6,6.6,106300
31/08/2018,6.6,6.7,6.55,6.6,151600
03/09/2018,6.5,6.7,6.5,6.55,24000
04/09/2018,6.65,6.7,6.55,6.7,211700
05/09/2018,6.6,6.7,6.5,6.5,1080400
06/09/2018,6.4,6.6,6.4,6.5,286700
07/09/2018,6.5,6.5,6.3,6.4,84000
10/09/2018,6,6.45,6.25,6.4,55800
11/09/2018,6.4,6.5,6.25,6.25,178900
12/09/2018,6.4,6.4,6,6.05,121000
13/09/2018,6.05,6.15,5.9,6.05,204000
14/09/2018,6,6.5,6.05,6.4,108000
17/09/2018,6.5,6.55,6.3,6.3,302200
18/09/2018,6.4,6.5,6.2,6.4,259200
19/09/2018,6.45,6.6,6.35,6.6,70700
20/09/2018,6.35,6.65,6.35,6.5,182500
21/09/2018,6.35,6.7,6.4,6.5,1985400
24/09/2018,6.7,6.7,6.5,6.6,172900
25/09/2018,6.65,6.7,6.5,6.7,727300
26/09/2018,6,6.95,6.5,6.75,33500
27/09/2018,6.75,6.8,6.65,6.65,56200
28/09/2018,6.7,6.8,6.7,6.8,2079300
01/10/2018,6.7,6.9,6.65,6.8,29000
02/10/2018,6.7,6.8,6.7,6.7,2210500
03/10/2018,6.7,6.8,6.7,6.7,1640800
04/10/2018,6.7,7,6.7,6.75,50500
05/10/2018,6.75,7,6.75,6.95,409600
08/10/2018,6.95,6.95,6.75,6.8,359300
09/10/2018,6.75,7,6.75,6.85,214400
11/10/2018,6.85,6.9,6.8,6.85,203800
12/10/2018,6.9,7,6.85,6.9,471700
15/10/2018,7,7,6.9,7,276600
16/10/2018,6.9,7.1,6.9,6.95,421300
17/10/2018,6.95,7.05,6.9,7,217500
18/10/2018,7,7.1,7,7.05,354700
19/10/2018,7,7.15,7.05,7.15,4848000
22/10/2018,7.1,7.1,7,7.1,639600
23/10/2018,7.2,7.2,7.05,7.15,507700
24/10/2018,7.2,7.3,7.2,7.2,473500
25/10/2018,7.2,7.5,7.2,7.5,151100
26/10/2018,7.5,7.5,7.25,7.45,95900
29/10/2018,7.45,7.5,7.2,7.35,2064700
30/10/2018,7.35,7.4,7,7,100500
31/10/2018,7.25,7.4,6.95,7.2,428800
01/11/2018,7.1,7.4,7,7.1,179200
02/11/2018,7.1,7.3,7.1,7.1,32300
05/11/2018,7.4,7.45,7.05,7.4,57700
06/11/2018,7.25,7.4,7.15,7.3,353200
07/11/2018,7.3,7.3,7.15,7.3,110000
08/11/2018,7.2,7.2,7.15,7.2,59500
09/11/2018,7.15,7.3,7.15,7.2,119700
12/11/2018,7.15,7.35,7.15,7.35,95400
13/11/2018,7.2,7.4,7.15,7.2,677300
14/11/2018,7.4,7.4,7.15,7.2,379900
15/11/2018,7.2,7.25,7.2,7.25,42100
16/11/2018,7.25,7.25,7.15,7.15,217600
19/11/2018,7.1,7.25,7.1,7.2,71400
20/11/2018,7.2,7.25,7.1,7.1,82600
21/11/2018,7.1,7.2,7.05,7.1,94400
22/11/2018,7.1,7.1,7.05,7.1,62000
23/11/2018,6.8,7.1,7,7.05,659000
26/11/2018,6.3,7.1,6.8,7,189300
27/11/2018,7,7,6.6,7,271900
28/11/2018,7,7.2,6.8,7.2,368600
29/11/2018,7,7.2,7,7.2,35900
30/11/2018,7.2,7.2,7,7,47300
03/12/2018,7.1,7.2,7,7.1,359300
04/12/2018,7,7.4,7,7.1,128300
05/12/2018,7.1,7.2,7,7,292400
06/12/2018,7,7.2,7,7.2,157000
07/12/2018,7.2,7.2,6.9,7.1,168700
10/12/2018,6.98,7.1,6.98,7.1,283800
11/12/2018,7,7.1,6.8,7,130100
13/12/2018,7.5,7.5,6.8,7.06,1130200
14/12/2018,7.2,7.2,7,7.08,526600
17/12/2018,7,7.06,7,7.04,109500
18/12/2018,7.02,7.4,7,7.2,594800
19/12/2018,7.1,7.4,7,7.3,224800
20/12/2018,7.2,7.46,7,7,44200
21/12/2018,7,7.5,7,7.1,72900
24/12/2018,7.1,7.5,7.06,7.1,1171600
27/12/2018,7,7.12,7,7.1,13700
28/12/2018,7,7.12,7,7.02,31500
31/12/2018,7.2,7.2,7,7.2,172900
02/01/2019,7.02,7.2,7,7,2155400
03/01/2019,7.16,7.16,6.8,7.02,1049400
04/01/2019,7.02,7.1,7,7.1,135400
07/01/2019,7,7.1,6.9,6.9,148100
08/01/2019,7,7,6.8,7,58000
09/01/2019,6.96,7.2,6.5,7,169800
10/01/2019,7,7.1,7,7.1,127600
11/01/2019,7,7.2,6.96,7.02,423200
14/01/2019,7,7.1,7,7.1,45700
15/01/2019,6.5,7.1,7,7.1,158300
16/01/2019,7,7.1,6.98,7,1769300
17/01/2019,7.4,7.4,6.9,7,2165100
18/01/2019,6.52,7,6.3,6.7,272100
21/01/2019,6.7,6.9,6.5,6.54,127800
22/01/2019,6.8,6.9,6.6,6.66,27200
23/01/2019,6.9,7,6.6,7,111000
24/01/2019,6.6,7,6.6,6.8,130000
25/01/2019,6.9,7,6.6,6.8,140100
28/01/2019,6.8,7,6.76,6.8,73300
29/01/2019,6.88,7,6.8,6.9,114600
30/01/2019,6.9,7,6.9,7,2326700
31/01/2019,6.9,7,6.8,6.94,157600
01/02/2019,6.9,7,6.52,6.7,51700
04/02/2019,6.98,6.98,6.54,6.84,45900
05/02/2019,6.8,6.98,6.8,6.98,139700
06/02/2019,6.8,6.9,6.8,6.82,95300
07/02/2019,6.9,6.98,6.8,6.98,472200
08/02/2019,6.86,6.9,6.8,6.9,278600
11/02/2019,6.9,6.9,6.8,6.8,58200
12/02/2019,6.8,6.9,6.56,6.82,60500
13/02/2019,6.8,6.98,6.54,6.74,55800
14/02/2019,6.7,6.82,6.5,6.5,172900
15/02/2019,6.5,6.82,6.5,6.8,599600
18/02/2019,6.5,6.82,6.5,6.5,82700
19/02/2019,6.6,6.6,6.3,6.5,84300
20/02/2019,6.36,6.8,6.3,6.74,147200
21/02/2019,6.4,6.58,6.3,6.42,306500
22/02/2019,6.42,6.42,6.04,6.4,71600
25/02/2019,6.3,6.48,6.26,6.26,552500
26/02/2019,6.3,6.82,6.3,6.5,132600
27/02/2019,6.6,6.8,6.5,6.8,88600
28/02/2019,6.8,6.8,6.5,6.5,146800
01/03/2019,6.62,6.8,6.5,6.8,71700
04/03/2019,6.58,6.6,6.28,6.3,604200
05/03/2019,6.4,6.4,6.24,6.24,124700
06/03/2019,6.3,6.4,6.1,6.1,85400
07/03/2019,6,6.22,6,6,196000
08/03/2019,6.08,6.2,6,6,50200
11/03/2019,6,6.2,6,6,34900
12/03/2019,6,6.14,5.54,5.98,74800
13/03/2019,6,6,5.62,5.62,183500
14/03/2019,6,6,5.6,6,32900
15/03/2019,5.96,6,5.7,5.98,126500
18/03/2019,5.5,5.98,5.8,5.84,67300
19/03/2019,5.3,5.86,5.6,5.8,225000
20/03/2019,5.7,5.8,5.5,5.6,2909400
21/03/2019,5.6,5.8,5.5,5.5,1329700
22/03/2019,6,6,5.52,5.6,532000
25/03/2019,5.8,5.98,5.46,5.46,358500
26/03/2019,5.6,5.6,5.46,5.5,407700
27/03/2019,5.5,5.6,5.48,5.56,54000
28/03/2019,5.6,5.78,5.5,5.6,107600
29/03/2019,5.6,5.8,5.54,5.8,67900
01/04/2019,5.58,5.8,5.5,5.5,60000
02/04/2019,5.7,5.8,5.56,5.6,137300
03/04/2019,5.8,5.8,5.6,5.8,373500
04/04/2019,5.64,5.8,5.64,5.74,406000
05/04/2019,0,5.96,5.7,5.7,45200
08/04/2019,0,5.98,5.7,5.8,7945300
09/04/2019,0,6,5.8,5.88,50500
10/04/2019,0,5.9,5.8,5.86,223700
11/04/2019,0,6,5.86,6,105700
12/04/2019,0,6.4,5.84,6.02,86100
15/04/2019,0,6.38,6,6,82700
16/04/2019,0,6.3,6,6,50300
17/04/2019,6,6.1,5.92,6.02,78400
18/04/2019,5.4,6.02,6,6,27800
23/04/2019,6,6.2,6,6.1,49200
24/04/2019,6,6.2,6,6.12,19400
25/04/2019,6.1,6.12,6.1,6.1,210100
26/04/2019,6.1,6.2,6,6,193000
29/04/2019,6.02,6.22,6.02,6.2,283000
30/04/2019,6.26,6.26,6.02,6.1,421300
02/05/2019,6.2,6.2,6.1,6.1,116900
03/05/2019,6.2,6.4,6.1,6.2,1054700
06/05/2019,6.16,6.3,6.16,6.16,442600
07/05/2019,6.24,6.4,6.16,6.2,1352100
08/05/2019,6.2,6.26,6.16,6.24,278100
09/05/2019,6.4,6.4,6.22,6.24,70900
10/05/2019,5.7,6.22,6.12,6.2,9800
13/05/2019,6.4,6.4,6.14,6.14,40700
14/05/2019,6.16,6.22,6.14,6.14,121400
15/05/2019,6.1,6.16,6.02,6.1,461100
16/05/2019,6.1,6.12,6.02,6.02,88700
17/05/2019,6,6.04,5.9,6,849700
20/05/2019,6,6,5.84,5.92,70900
21/05/2019,5.9,6.1,5.9,6.1,266300
22/05/2019,5.9,6.1,5.9,5.9,38400
23/05/2019,6.1,6.14,5.92,6,9569300
24/05/2019,6,6.02,5.9,6,103200
27/05/2019,5.9,6,5.82,6,46300
28/05/2019,6,6.14,5.9,5.9,42400
29/05/2019,5.9,6.1,5.9,6,95800
30/05/2019,5.98,6,5.94,5.96,15900
31/05/2019,5.98,6,5.86,5.86,4969800
03/06/2019,6,6,5.88,6,502000
04/06/2019,6,6.22,6,6,82100
06/06/2019,6.1,6.3,5.94,6,301000
07/06/2019,6,6.28,5.94,5.94,3582800
10/06/2019,6.02,6.02,5.88,5.98,22600
11/06/2019,5.42,6,5.9,6,759600
12/06/2019,5.96,6.3,5.92,6,1138000
13/06/2019,6.2,6.3,5.98,6.24,192600
14/06/2019,6.2,6.2,6,6.2,32900
17/06/2019,6,6.2,5.98,6.14,41700
18/06/2019,6,6.2,6,6,610300
19/06/2019,6,6.16,5.92,6,159300
20/06/2019,5.4,6,5.92,6,62400
21/06/2019,5.9,6,5.9,6,57400
24/06/2019,5.92,6,5.9,5.92,80600
25/06/2019,5.94,6,5.9,5.94,192900
26/06/2019,5.92,5.98,5.9,5.98,80900
27/06/2019,5.9,5.98,5.9,5.9,30700
28/06/2019,5.9,5.98,5.9,5.94,51400
01/07/2019,5.9,6,5.9,5.96,29000
02/07/2019,5.96,6.1,5.94,6.1,6481100
03/07/2019,6,6.1,5.86,6.1,171500
04/07/2019,6,6,5.94,5.96,72600
05/07/2019,6,6,5.98,5.98,89500
08/07/2019,6,6.1,5.96,5.98,245600
09/07/2019,6,6.1,5.98,6,185100
10/07/2019,6,6.1,5.98,6,748500
11/07/2019,6.1,6.1,6,6,90100
12/07/2019,6,6.1,5.94,6,181800
15/07/2019,5.8,6.1,6,6,46100
16/07/2019,6,6.2,6,6,44700
17/07/2019,6,6.2,6,6.2,222400
18/07/2019,6.28,6.5,6.12,6.3,25000
19/07/2019,6.4,6.4,6.3,6.34,65500
22/07/2019,6.38,6.5,6.2,6.2,63200
23/07/2019,6.08,6.3,6,6.24,30100
24/07/2019,6.3,6.3,6.02,6.16,19100
25/07/2019,6.02,6.3,6,6.1,1207900
26/07/2019,6.2,6.2,5.98,6.1,4234100
29/07/2019,6.1,6.1,5.98,6.02,32200
30/07/2019,6,6.2,5.86,5.98,449600
31/07/2019,6,6,5.92,5.92,2598700
01/08/2019,5.9,6,5.9,6,275600
02/08/2019,6,6,5.96,6,168600
05/08/2019,5.92,6,5.9,5.9,37100
06/08/2019,6,6,5.9,6,85200
07/08/2019,6,6,5.8,5.9,115900
08/08/2019,5.6,5.9,5.8,5.9,137500
09/08/2019,5.8,5.96,5.8,5.8,155100
13/08/2019,5.9,5.96,5.76,5.82,58100
14/08/2019,6,6,5.7,5.7,111300
15/08/2019,5.92,5.92,5.72,5.72,48900
16/08/2019,5.84,6,5.7,5.8,193400
19/08/2019,5.7,5.84,5.68,5.68,150600
20/08/2019,5.78,5.92,5.74,5.8,167500
21/08/2019,5.8,5.8,5.74,5.74,98200
22/08/2019,5.7,5.78,5.5,5.76,7071100
23/08/2019,5.76,5.76,5.5,5.52,2561200
26/08/2019,5.6,5.76,5.5,5.52,4032500
27/08/2019,5.5,5.7,5.5,5.5,1262500
28/08/2019,5.5,5.7,5.44,5.5,2810400
29/08/2019,5.5,5.7,5.5,5.52,38600
30/08/2019,5.5,5.7,5.5,5.7,141300
02/09/2019,5.5,5.8,5.5,5.54,326600
03/09/2019,5.5,6,5.5,5.54,936300
04/09/2019,5.54,5.8,5.5,5.54,176400
05/09/2019,5.54,5.6,5.52,5.54,316400
06/09/2019,5.52,5.54,5.52,5.54,330200
09/09/2019,5.52,5.54,5.5,5.54,336800
10/09/2019,5.54,5.54,5.5,5.54,260500
11/09/2019,5.54,5.54,5.5,5.52,274700
12/09/2019,5.54,5.6,5.52,5.52,93700
13/09/2019,5.54,5.54,5.52,5.54,55700
16/09/2019,5.54,5.54,5.5,5.54,197700
17/09/2019,5.56,5.56,5.52,5.54,1165100
18/09/2019,5.54,6,5.54,5.8,5753800
19/09/2019,5.8,6,5.6,5.64,35700
20/09/2019,5.66,5.96,5.66,5.9,30000
23/09/2019,5.7,5.98,5.7,5.94,131800
24/09/2019,6,6,5.64,5.7,174500
25/09/2019,5.96,5.96,5.7,5.96,76100
26/09/2019,5.96,5.96,5.7,5.8,30900
27/09/2019,5.98,5.98,5.56,5.88,541700
30/09/2019,5.9,5.94,5.6,5.88,467800
01/10/2019,5.8,5.9,5.74,5.74,243700
02/10/2019,5.98,5.98,5.74,5.76,297000
03/10/2019,5.74,5.92,5.74,5.9,175300
04/10/2019,5.9,5.9,5.76,5.82,140300
07/10/2019,5.3,5.92,5.76,5.78,212500
08/10/2019,5.78,5.9,5.74,5.8,32400
09/10/2019,5.82,5.9,5.8,5.8,62800
11/10/2019,5.6,5.86,5.8,5.8,66500
14/10/2019,5.8,5.9,5.76,5.9,113600
15/10/2019,5.9,6,5.7,5.72,393500
16/10/2019,6,6,5.7,5.7,129100
17/10/2019,5.9,5.9,5.74,5.9,51200
18/10/2019,5.9,5.9,5.7,5.7,334700
22/10/2019,5.9,5.9,5.7,5.76,129000
23/10/2019,5.7,5.9,5.7,5.78,206000
24/10/2019,5.8,5.8,5.7,5.8,253500
25/10/2019,5.8,5.9,5.76,5.8,146800
28/10/2019,5.9,5.9,5.64,5.76,123900
29/10/2019,5.8,5.9,5.74,5.8,117300
30/10/2019,5.9,5.9,5.7,5.8,440700
31/10/2019,5.8,6,5.7,5.8,2453100
01/11/2019,6,6.08,5.96,6.06,168100
04/11/2019,6,6.2,5.84,6,1207800
05/11/2019,6,6.2,5.8,6,317700
06/11/2019,6.2,6.2,6,6.02,273900
07/11/2019,6.2,6.2,6.02,6.02,2739600
08/11/2019,6.1,6.18,6.02,6.1,442500
11/11/2019,6.1,6.1,6.06,6.08,60000
12/11/2019,6.08,6.1,6.06,6.1,677300
13/11/2019,6.1,6.1,6.06,6.08,76500
14/11/2019,6.08,6.08,5.94,6.08,398900
15/11/2019,6.08,6.1,6,6.1,149700
18/11/2019,6,6.1,6,6.06,296500
19/11/2019,6.08,6.1,6,6,119800
20/11/2019,6.1,6.1,5.9,5.92,278100
21/11/2019,6.1,6.1,5.98,6,88500
22/11/2019,6,6.1,5.9,5.98,96800
25/11/2019,6,6,5.96,5.98,265500
26/11/2019,5.98,6,5.98,6,93200
27/11/2019,5.98,6.1,5.8,5.8,335100
28/11/2019,5.96,6,5.74,5.74,273400
29/11/2019,6.1,6.1,5.78,5.8,24200
02/12/2019,6,6.08,5.8,5.82,152700
03/12/2019,5.9,6.06,5.9,6,89800
04/12/2019,6,6,5.84,5.9,79300
05/12/2019,5.9,5.92,5.78,5.84,135200
06/12/2019,5.8,5.9,5.78,5.8,130400
09/12/2019,5.88,6,5.78,5.8,88300
10/12/2019,5.8,6,5.78,5.8,88300
11/12/2019,5.98,5.98,5.8,5.84,272800
13/12/2019,5.86,5.9,5.78,5.8,102800
16/12/2019,5.8,5.9,5.6,5.8,517200
17/12/2019,5.8,5.8,5.64,5.72,240800
18/12/2019,5.76,5.8,5.7,5.7,44100
19/12/2019,5.8,5.8,5.6,5.6,397900
20/12/2019,5.66,5.9,5.6,5.7,53100
23/12/2019,5.8,5.8,5.7,5.8,69000
24/12/2019,5.8,5.8,5.7,5.78,26700
27/12/2019,5.78,5.8,5.66,5.7,196000
30/12/2019,5.78,5.8,5.6,5.7,61500
31/12/2019,5.78,5.78,5.7,5.78,280300
02/01/2020,5.74,5.8,5.7,5.8,147300
03/01/2020,5.72,5.9,5.72,5.88,81900
06/01/2020,6,6,5.74,5.8,317800
07/01/2020,5.8,5.8,5.76,5.78,70200
08/01/2020,5.8,6,5.62,5.7,177200
09/01/2020,5.7,5.84,5.66,5.8,390900
10/01/2020,5.74,5.84,5.7,5.76,2075400
13/01/2020,5.84,6,5.62,5.62,438400
14/01/2020,5.72,5.76,5.66,5.66,185000
15/01/2020,5.68,5.7,5.62,5.68,403100
16/01/2020,5.68,5.8,5.64,5.8,2264900
17/01/2020,5.76,5.8,5.76,5.76,57600
20/01/2020,5.8,5.8,5.54,5.62,508800
21/01/2020,5.7,5.7,5.52,5.6,2877400
22/01/2020,5.54,5.6,5.54,5.6,750400
23/01/2020,5.6,5.6,5.56,5.58,1371900
24/01/2020,5.6,5.6,5.54,5.58,95500
27/01/2020,5.62,5.7,5.58,5.6,138000
28/01/2020,5.6,5.64,5.56,5.58,215300
29/01/2020,5.6,5.6,5.54,5.56,212000
30/01/2020,5.8,5.8,5.54,5.6,251500
31/01/2020,5.58,5.6,5.54,5.56,162700
03/02/2020,5.6,5.6,5.56,5.58,1611900
04/02/2020,5.6,5.6,5.56,5.56,35700
05/02/2020,5.6,5.6,5.56,5.6,67600
06/02/2020,5.58,5.6,5.56,5.58,101600
07/02/2020,5.6,5.6,5.5,5.58,1944000
10/02/2020,5.5,5.7,5.5,5.64,104400
12/02/2020,5.7,5.7,5.44,5.5,7404800
13/02/2020,5.6,5.6,5.4,5.4,191800
14/02/2020,5.5,5.6,5.48,5.5,10202700
17/02/2020,5.48,5.6,5.48,5.48,1477200
18/02/2020,5.5,5.5,5.42,5.5,483800
19/02/2020,5.5,5.5,5.4,5.48,239300
20/02/2020,5.52,5.52,5.24,5.4,151300
21/02/2020,5.5,5.6,5.4,5.48,427000
24/02/2020,5.46,5.5,5.44,5.44,1260700
25/02/2020,5.48,5.48,5.42,5.46,1125800
26/02/2020,5.5,5.5,5.4,5.46,174600
27/02/2020,5.44,5.5,5.24,5.24,142100
28/02/2020,5.5,5.5,5.24,5.48,365300
02/03/2020,5.48,5.48,5.34,5.48,4307700
03/03/2020,5.4,5.8,5.4,5.48,1150400
04/03/2020,5.7,5.7,5.48,5.48,1441400
05/03/2020,5.7,5.7,5.5,5.5,295800
06/03/2020,5.5,5.68,5.4,5.5,185000
09/03/2020,5.68,5.68,5.4,5.4,88900
10/03/2020,5.24,5.48,5.24,5.42,75100
11/03/2020,5.3,5.48,5.26,5.4,555700
12/03/2020,5.4,5.4,5,5.2,268700
13/03/2020,5.16,5.18,4.7,4.72,438100
16/03/2020,4.99,5,4.7,4.7,107200
17/03/2020,4.98,4.98,4.58,4.58,230800
18/03/2020,4.79,4.79,4.56,4.56,305200
19/03/2020,4.58,4.58,4.45,4.45,283500
20/03/2020,4.5,4.62,4.4,4.6,622300
23/03/2020,4.7,4.7,4.36,4.4,107300
24/03/2020,4.4,4.5,4,4.06,220700
25/03/2020,4.15,4.5,4.05,4.15,204200
26/03/2020,4.49,4.56,4.25,4.5,160700
27/03/2020,4.8,4.9,4.8,4.87,146500
30/03/2020,4.9,4.9,4.55,4.8,84300
31/03/2020,4.9,5,4.9,5,24100
01/04/2020,5,5,4.89,4.95,89500
02/04/2020,4.9,5,4.9,4.95,207800
03/04/2020,5,5,4.8,4.94,161900
06/04/2020,4.95,4.95,4.9,4.95,92600
07/04/2020,5,5,4.8,4.8,247800
08/04/2020,4.9,4.9,4.8,4.9,34300
09/04/2020,4.9,4.98,4.8,4.9,215700
14/04/2020,4.95,4.95,4.85,4.9,176400
15/04/2020,4.9,4.9,4.8,4.9,135400
16/04/2020,4.9,4.99,4.85,4.99,33500
17/04/2020,5,5,4.86,4.86,136100
20/04/2020,4.9,4.9,4.9,4.9,178000
21/04/2020,5.18,5.18,4.86,4.9,146700
22/04/2020,4.9,4.9,4.9,4.9,147800
23/04/2020,4.9,5,4.85,4.9,104600
24/04/2020,5,5,4.85,4.89,639700
27/04/2020,4.97,4.97,4.89,4.9,360100
28/04/2020,4.85,4.9,4.85,4.9,84300
29/04/2020,4.9,4.9,4.5,4.5,709300
30/04/2020,5,5,4.5,4.5,1462800
04/05/2020,4.55,4.99,4.5,4.99,9300
05/05/2020,4.99,5,4.4,4.61,917900
06/05/2020,4.8,4.95,4.75,4.95,201700
07/05/2020,4.95,4.98,4.7,4.9,492100
08/05/2020,5,5,4.85,4.9,115800
11/05/2020,5,5,4.85,4.95,98600
12/05/2020,4.95,4.95,4.9,4.95,347100
13/05/2020,4.95,5,4.9,5,403900
14/05/2020,4.93,4.98,4.91,4.98,66600
15/05/2020,4.97,4.97,4.87,4.9,159800
18/05/2020,4.92,4.92,4.85,4.9,35800
19/05/2020,4.7,4.9,4.7,4.9,832700
20/05/2020,4.9,4.9,4.7,4.8,110900
21/05/2020,4.85,4.85,4.65,4.8,107400
22/05/2020,4.8,4.8,4.65,4.8,13700
26/05/2020,4.65,4.9,4.65,4.9,92000
27/05/2020,4.9,4.9,4.82,4.84,75200
28/05/2020,4.9,4.92,4.84,4.84,69900
29/05/2020,4.88,4.9,4.8,4.8,124500
02/06/2020,4.84,4.9,4.8,4.9,27600
03/06/2020,4.9,4.9,4.7,4.7,170900
04/06/2020,4.7,4.9,4.7,4.85,11400
05/06/2020,4.85,4.9,4.82,4.9,14600
08/06/2020,4.9,4.95,4.84,4.95,71000
09/06/2020,4.87,4.95,4.8,4.9,314100
10/06/2020,5,5,4.8,4.8,97900
11/06/2020,4.85,5,4.85,4.9,98200
12/06/2020,4.9,5,4.86,4.9,79300
15/06/2020,4.9,4.98,4.9,4.95,168400
16/06/2020,4.95,4.99,4.9,4.97,85000
17/06/2020,4.95,4.97,4.85,4.89,1391100
18/06/2020,4.89,5,4.85,4.9,92900
19/06/2020,4.89,4.98,4.85,4.92,3282700
22/06/2020,4.94,5.38,4.94,5.38,1162400
23/06/2020,5.36,5.5,5,5.3,10503900
24/06/2020,5.2,5.48,5.1,5.4,4009400
25/06/2020,5.5,5.5,5.3,5.4,927700
26/06/2020,5.4,5.4,5.26,5.36,258700
29/06/2020,5.5,5.5,5.2,5.36,232300
30/06/2020,5.32,5.34,5.2,5.34,567800
01/07/2020,5.5,5.5,5.22,5.34,204100
02/07/2020,5.3,5.3,5.22,5.3,81100
03/07/2020,5.3,5.48,5.24,5.32,566300
06/07/2020,5.4,5.54,5.2,5.5,143000
07/07/2020,5.4,5.4,5.2,5.4,222800
08/07/2020,5.5,5.5,5.2,5.2,66200
09/07/2020,5.38,5.48,5.2,5.44,423400
10/07/2020,5.44,5.44,5.2,5.38,221900
13/07/2020,5.3,5.44,5.3,5.4,713900
14/07/2020,5.4,5.4,5.3,5.34,134300
15/07/2020,5.36,5.44,5.34,5.4,1256300
16/07/2020,5.44,5.8,5.42,5.76,7723100
17/07/2020,5.8,6.08,5.62,5.9,2077400
20/07/2020,5.74,5.98,5.74,5.96,1361400
21/07/2020,5.9,5.92,5.8,5.9,583300
22/07/2020,5.9,5.98,5.8,5.98,357200
23/07/2020,6,6,5.82,5.98,37200
24/07/2020,6,6,5.92,5.92,121300
27/07/2020,5.92,6.1,5.92,5.98,214900
28/07/2020,6.04,6.04,5.94,5.98,576600
29/07/2020,5.96,5.98,5.94,5.94,869100
30/07/2020,5.96,6,5.82,5.94,90000
03/08/2020,6,6.28,6,6,124800
04/08/2020,5.98,6,5.92,5.92,60700
05/08/2020,5.96,6,5.8,5.9,426500
06/08/2020,5.82,5.94,5.8,5.9,38600
07/08/2020,5.8,5.9,5.6,5.68,117300
10/08/2020,6,6,5.78,5.78,10300
11/08/2020,5.9,5.92,5.78,5.78,281300
12/08/2020,5.8,5.86,5.62,5.86,148100
13/08/2020,5.84,5.9,5.7,5.7,40700
14/08/2020,5.7,5.7,5.56,5.56,482600
17/08/2020,5.6,5.6,5.52,5.52,830600
18/08/2020,5.52,5.6,5.4,5.4,1447400
19/08/2020,5.4,5.6,5.36,5.4,1063900
20/08/2020,5.6,5.6,5.5,5.5,89000
21/08/2020,5.5,5.6,5.5,5.54,33400
24/08/2020,5.6,5.6,5.5,5.5,288800
25/08/2020,5.6,5.7,5.6,5.7,129500
26/08/2020,5.6,6,5.58,5.7,49500
27/08/2020,5.7,5.8,5.62,5.72,33500
28/08/2020,5.72,5.98,5.7,5.72,48200
31/08/2020,5.8,5.98,5.7,5.8,23600
01/09/2020,6,6,5.64,5.76,187700
02/09/2020,5.9,5.9,5.68,5.7,1611700
03/09/2020,5.76,5.76,5.5,5.7,149000
04/09/2020,5.7,5.7,5.6,5.64,41600
07/09/2020,5.64,5.7,5.62,5.64,97400
08/09/2020,5.66,5.66,5.52,5.52,141300
09/09/2020,5.68,5.68,5.5,5.58,191100
10/09/2020,5.58,5.58,5.5,5.58,103900
11/09/2020,5.58,5.6,5.3,5.3,453500
14/09/2020,5.56,5.56,5.2,5.2,238300
15/09/2020,5.2,5.48,5,5.4,79600
16/09/2020,5.12,5.4,5.12,5.34,74400
17/09/2020,5.16,5.38,5.16,5.38,188800
18/09/2020,5.26,5.38,5.26,5.26,44700
21/09/2020,5.36,5.36,5.32,5.32,30900
22/09/2020,5.36,5.36,5,5.02,4657100
23/09/2020,5,5.3,5,5.06,1728900
24/09/2020,5.1,5.2,5.02,5.02,488100
25/09/2020,5.02,5.1,5.02,5.1,649100
28/09/2020,5.1,5.1,5.06,5.1,132600
29/09/2020,5.1,5.12,5.06,5.06,180900
30/09/2020,5.1,5.16,5.08,5.1,1579500
01/10/2020,5.1,5.1,5.06,5.1,836300
02/10/2020,5.06,5.2,5.02,5.1,231300
05/10/2020,5.18,5.2,5.02,5.08,213400
06/10/2020,5.08,5.18,5.02,5.08,278100
07/10/2020,5.1,5.24,5,5.08,324500
08/10/2020,5.06,5.08,5,5,290700
09/10/2020,5,5.1,4.95,5,449100
12/10/2020,5,5.1,5,5,281900
13/10/2020,5.1,5.1,4.98,5.04,1373900
14/10/2020,5.04,5.06,4.95,5,423100
15/10/2020,5,5.3,4.96,5.2,327800
16/10/2020,5.1,5.4,5.1,5.4,47800
19/10/2020,5.4,5.4,5.06,5.2,133800
21/10/2020,5.44,5.44,5.22,5.3,37000
22/10/2020,5.3,5.3,5.22,5.22,169300
23/10/2020,5.22,5.22,5,5.18,32400
26/10/2020,5.18,5.2,5.12,5.16,115200
27/10/2020,5.14,5.16,5.12,5.14,86400
28/10/2020,5.2,5.2,5.14,5.2,59700
29/10/2020,5.2,5.2,5.06,5.08,3305300
30/10/2020,5.16,5.16,5.02,5.08,117700
02/11/2020,5.1,5.1,4.98,4.98,395100
03/11/2020,5.06,5.06,4.9,4.95,61000
04/11/2020,4.96,4.96,4.72,4.75,159800
05/11/2020,4.8,4.9,4.76,4.76,30800
06/11/2020,4.82,4.95,4.72,4.95,76400
09/11/2020,4.75,4.98,4.7,4.82,148300
10/11/2020,5,5,4.66,4.8,375200
11/11/2020,5,5,4.65,4.65,1824300
12/11/2020,4.64,4.94,4.56,4.6,602300
13/11/2020,4.8,4.93,4.6,4.6,417900
16/11/2020,4.75,4.75,4.53,4.53,217900
17/11/2020,4.6,4.7,4.6,4.64,12800
18/11/2020,4.64,4.64,4.5,4.5,689200
19/11/2020,4.5,4.83,4.5,4.8,2800
20/11/2020,4.8,4.8,4.6,4.61,24900
23/11/2020,4.6,4.64,4.6,4.64,53400
24/11/2020,4.6,4.8,4.5,4.59,678800
25/11/2020,4.54,4.8,4.5,4.8,46300
26/11/2020,4.8,4.8,4.4,4.4,2977800
27/11/2020,4.6,4.75,4.55,4.55,36500
30/11/2020,4.7,4.8,4.5,4.5,712000
01/12/2020,4.5,4.6,4.45,4.54,310600
02/12/2020,4.6,4.61,4.46,4.6,272600
03/12/2020,4.7,4.85,4.7,4.8,597100
04/12/2020,4.84,4.85,4.61,4.84,111900
07/12/2020,5,5,4.62,4.65,84100
08/12/2020,4.85,4.92,4.6,4.7,229600
09/12/2020,4.68,4.88,4.61,4.64,789600
10/12/2020,4.6,4.6,4.52,4.53,74400
11/12/2020,4.6,4.8,4.53,4.6,26000
14/12/2020,4.53,4.8,4.5,4.55,215400
15/12/2020,4.6,4.8,4.53,4.53,37300
16/12/2020,4.7,4.7,4.5,4.52,858600
17/12/2020,4.52,4.6,4.5,4.6,38000
18/12/2020,4.6,4.65,4.41,4.65,117700
21/12/2020,4.57,4.8,4.5,4.65,110200
22/12/2020,4.85,4.85,4.5,4.6,267700
23/12/2020,4.8,4.8,4.5,4.6,137300
24/12/2020,4.7,4.7,4.6,4.68,167800
28/12/2020,4.8,4.8,4.47,4.5,1151200
29/12/2020,4.45,4.79,4.45,4.5,413500
30/12/2020,4.5,4.75,4.48,4.75,747300
31/12/2020,4.5,4.78,4.5,4.78,14200
04/01/2021,4.78,4.78,4.6,4.78,33100
05/01/2021,4.8,4.85,4.67,4.7,68800
06/01/2021,4.5,4.8,4.5,4.6,245100
07/01/2021,4.75,4.75,4.5,4.6,320600
08/01/2021,4.65,4.65,4.55,4.6,537100
11/01/2021,4.51,4.76,4.51,4.6,67400
12/01/2021,4.6,4.7,4.55,4.58,301200
13/01/2021,4.63,4.7,4.63,4.65,142600
14/01/2021,4.88,4.88,4.7,4.8,47900
15/01/2021,4.85,4.9,4.75,4.75,149700
18/01/2021,4.75,4.89,4.73,4.85,72600
19/01/2021,4.85,4.89,4.7,4.7,76300
20/01/2021,4.65,4.89,4.65,4.7,84200
21/01/2021,4.8,4.8,4.53,4.53,248400
22/01/2021,4.7,4.7,4.54,4.62,74500
25/01/2021,4.62,4.77,4.6,4.77,240200
26/01/2021,4.75,4.9,4.75,4.9,328400
27/01/2021,4.9,4.95,4.85,4.9,195100
28/01/2021,4.95,5.5,4.95,5.32,902300
29/01/2021,5.36,5.36,5,5.28,240100
01/02/2021,5.3,5.3,5.02,5.16,354700
02/02/2021,5.12,5.3,5,5,199000
03/02/2021,5.12,5.12,4.98,5.04,170800
04/02/2021,5.04,5.04,4.8,4.8,205500
05/02/2021,4.97,5.04,4.8,4.95,104500
08/02/2021,5,5.18,4.9,5.16,140200
09/02/2021,5.16,5.16,4.89,4.9,307700
10/02/2021,4.89,5,4.75,4.85,1177800
11/02/2021,4.94,4.96,4.76,4.8,155000
12/02/2021,4.95,5,4.75,4.8,609900
15/02/2021,4.9,5,4.85,5,50500
16/02/2021,5,5,4.8,4.8,727200
17/02/2021,4.9,5,4.74,4.75,430200
18/02/2021,4.8,4.91,4.66,4.75,222400
19/02/2021,4.75,4.75,4.67,4.7,2122700
22/02/2021,4.7,4.75,4.67,4.7,161000
23/02/2021,4.7,4.7,4.63,4.65,424700
24/02/2021,4.7,4.7,4.6,4.6,461400
25/02/2021,4.65,4.89,4.54,4.8,72100
26/02/2021,4.75,4.75,4.6,4.65,181900
01/03/2021,4.7,4.7,4.6,4.66,105100
02/03/2021,4.65,4.7,4.62,4.65,470200
03/03/2021,4.75,4.75,4.62,4.7,69400
04/03/2021,4.8,4.8,4.65,4.65,299700
05/03/2021,4.7,4.7,4.6,4.68,206800
08/03/2021,4.68,4.74,4.6,4.68,127100
09/03/2021,4.7,4.72,4.63,4.7,5244600
10/03/2021,4.7,4.7,4.65,4.68,5207400
11/03/2021,4.65,4.65,4.62,4.62,606200
12/03/2021,4.64,4.8,4.57,4.64,511900
15/03/2021,4.89,4.89,4.65,4.8,83900
16/03/2021,4.68,4.8,4.6,4.6,225600
17/03/2021,4.65,4.65,4.64,4.65,5107800
18/03/2021,4.56,4.65,4.56,4.65,295200
19/03/2021,4.7,4.7,4.6,4.64,115000
22/03/2021,4.65,4.65,4.61,4.64,107600
23/03/2021,4.64,4.64,4.58,4.58,762400
24/03/2021,4.64,4.64,4.56,4.58,334900
25/03/2021,4.58,4.6,4.56,4.6,255700
26/03/2021,4.56,4.6,4.55,4.56,120100
29/03/2021,4.6,4.6,4.55,4.58,143900
30/03/2021,4.6,4.6,4.51,4.55,406900
31/03/2021,4.55,4.55,4.54,4.54,162300
01/04/2021,4.62,5,4.53,4.55,900900
06/04/2021,4.55,4.55,4.53,4.53,264900
07/04/2021,4.55,4.56,4.45,4.46,216400
08/04/2021,4.55,4.56,4.5,4.5,204900
09/04/2021,4.51,4.55,4.51,4.53,69600
12/04/2021,4.59,4.59,4.48,4.5,396200
13/04/2021,4.5,4.55,4.49,4.5,148700
14/04/2021,4.5,4.5,4.48,4.5,977200
15/04/2021,4.5,4.51,4.48,4.5,269900
16/04/2021,4.5,4.5,4.48,4.5,190200
19/04/2021,4.5,4.5,4.45,4.5,366900
20/04/2021,4.5,4.55,4.47,4.48,2456000
21/04/2021,4.59,4.59,4.4,4.5,6527100
22/04/2021,4.5,4.5,4.47,4.47,340000
23/04/2021,4.48,4.5,4.25,4.25,305100
26/04/2021,4.48,4.48,4.2,4.3,196600
27/04/2021,4.3,4.4,4.2,4.27,1270600
28/04/2021,4.35,4.35,4.27,4.29,343700
29/04/2021,4.3,4.3,4.25,4.27,218500
30/04/2021,4.3,4.3,4.2,4.25,280000
03/05/2021,4.25,4.25,4.18,4.18,238800
04/05/2021,4.15,4.21,4.11,4.21,262500
05/05/2021,4.2,4.2,4.11,4.18,180900
06/05/2021,4.18,4.18,4.11,4.15,96300
07/05/2021,4.16,4.18,4,4.16,337100
10/05/2021,4,4.17,4,4.1,46800
11/05/2021,4.1,4.16,4.1,4.14,73700
12/05/2021,4.14,4.15,4.11,4.15,94700
13/05/2021,4.15,4.15,4.1,4.13,695400
17/05/2021,4.1,4.13,4.06,4.12,93300
18/05/2021,4.13,4.2,3.95,4.14,338600
19/05/2021,4.15,4.15,3.95,4,227300
20/05/2021,4,4.1,3.99,4.03,211900
21/05/2021,4.01,4.05,3.98,4,267100
24/05/2021,4.05,4.05,3.9,3.99,412000
25/05/2021,4,4.05,3.97,3.98,414000
26/05/2021,3.98,4,3.95,3.98,205300
27/05/2021,3.98,3.99,3.94,3.95,178200
28/05/2021,3.97,3.98,3.9,3.96,805000
31/05/2021,4,4.1,3.91,4,117500
02/06/2021,4,4,3.97,3.97,124800
03/06/2021,4,4,3.96,3.98,230700
04/06/2021,4,4,3.97,3.98,432200
07/06/2021,4,4,3.95,3.98,577200
08/06/2021,3.98,3.98,3.95,3.98,184800
09/06/2021,4,4,3.94,3.94,218000
10/06/2021,3.95,4.1,3.95,3.95,154100
11/06/2021,4,4.1,3.9,3.9,762500
14/06/2021,4.1,4.3,3.96,4.09,144200
15/06/2021,4.28,4.28,4,4,164100
16/06/2021,4,4.15,4,4,885000
17/06/2021,4.15,4.16,4,4,113600
18/06/2021,4.02,4.16,3.98,4.02,32900
21/06/2021,4.15,4.15,3.96,4,421900
22/06/2021,4,4,3.9,3.9,434700
23/06/2021,3.99,4.1,3.92,3.92,102700
24/06/2021,4,4,3.91,3.95,850800
25/06/2021,3.96,4,3.92,3.99,562500
28/06/2021,3.98,3.99,3.9,3.94,746700
29/06/2021,3.95,4,3.9,4,757100
30/06/2021,4,4,3.92,4,178700
01/07/2021,3.93,4.1,3.93,3.95,34900
02/07/2021,4,4.1,3.96,4,90700
05/07/2021,4,4.1,3.99,4,180000
06/07/2021,4.1,4.1,3.99,4,295800
07/07/2021,4,4,3.99,4,535100
08/07/2021,4.1,4.1,3.97,4,1381700
09/07/2021,4,4.05,3.96,4,242400
12/07/2021,4,4,3.98,4,420600
13/07/2021,4,4,3.98,4,899500
14/07/2021,4,4.1,3.99,4.1,2998300
15/07/2021,4.2,4.4,4.1,4.4,345800
16/07/2021,4.7,4.7,4.25,4.38,272900
19/07/2021,4.45,4.45,4.25,4.38,81600
21/07/2021,4.38,4.4,4.3,4.3,147000
22/07/2021,4.3,4.35,4.25,4.35,51800
23/07/2021,4.3,4.35,4.25,4.34,213700
26/07/2021,4.38,4.55,4.32,4.54,363700
27/07/2021,4.45,4.6,4.4,4.5,155100
28/07/2021,4.5,4.5,4.41,4.41,96200
29/07/2021,4.48,4.5,4.4,4.5,255300
30/07/2021,4.5,4.5,4.38,4.4,229400
02/08/2021,4.2,4.45,4.2,4.3,73700
03/08/2021,4.39,4.39,4.2,4.2,223600
04/08/2021,4.2,4.3,4.11,4.2,111800
05/08/2021,4.25,4.25,4.1,4.24,177300
06/08/2021,4.25,4.25,4.15,4.2,114900
09/08/2021,4.2,4.22,4.1,4.2,114200
10/08/2021,4.2,4.22,4.1,4.15,511600
11/08/2021,4.15,4.2,4.1,4.14,133100
12/08/2021,4.12,4.2,4.05,4.1,116400
13/08/2021,4.13,4.2,4,4.2,224100
16/08/2021,4.15,4.2,4.05,4.15,116300
17/08/2021,4.16,4.3,4.16,4.21,343600
18/08/2021,4.21,4.3,4.06,4.3,152200
19/08/2021,4.17,4.3,4.17,4.29,90400
20/08/2021,4.21,4.56,4.21,4.55,1533300
23/08/2021,4.55,4.66,4.5,4.66,172000
24/08/2021,4.5,4.89,4.5,4.85,523700
25/08/2021,4.85,4.99,4.76,4.98,658100
26/08/2021,4.89,5.06,4.89,4.99,1579000
27/08/2021,4.95,4.96,4.85,4.85,936600
30/08/2021,4.95,4.95,4.5,4.5,109100
31/08/2021,4.9,4.9,4.5,4.88,93100
01/09/2021,4.7,4.88,4.5,4.6,176200
02/09/2021,4.6,4.8,4.52,4.78,41700
03/09/2021,4.78,4.78,4.55,4.72,77100
06/09/2021,4.75,4.75,4.55,4.7,146600
07/09/2021,4.8,4.95,4.71,4.9,1232700
08/09/2021,4.95,5.1,4.9,4.96,259200
09/09/2021,4.99,5,4.86,5,272500
10/09/2021,4.94,5,4.94,4.96,248900
13/09/2021,5,5,4.95,4.97,114800
14/09/2021,5,5,4.8,4.95,182700
15/09/2021,4.94,4.95,4.55,4.61,287800
16/09/2021,4.65,4.9,4.65,4.8,44900
17/09/2021,4.85,4.89,4.7,4.89,53300
20/09/2021,4.9,4.9,4.75,4.75,1192400
21/09/2021,4.89,4.89,4.7,4.8,242200
22/09/2021,4.85,4.85,4.7,4.8,91700
23/09/2021,4.84,4.84,4.67,4.75,102400
24/09/2021,4.75,4.76,4.65,4.7,138900
27/09/2021,4.7,4.75,4.65,4.74,47500
28/09/2021,4.7,4.8,4.65,4.66,106900
29/09/2021,4.8,4.8,4.62,4.65,148300
30/09/2021,4.66,4.7,4.62,4.64,684600
01/10/2021,4.7,4.8,4.62,4.65,249000
04/10/2021,4.7,4.85,4.67,4.7,69300
05/10/2021,4.7,4.8,4.7,4.7,92600
06/10/2021,4.8,4.8,4.7,4.7,4681900
07/10/2021,4.64,4.81,4.64,4.65,134600
08/10/2021,4.65,4.79,4.65,4.79,1150700
12/10/2021,4.7,4.79,4.65,4.66,145300
13/10/2021,4.71,4.71,4.56,4.6,534400
14/10/2021,4.6,4.6,4.5,4.56,324500
15/10/2021,4.55,4.65,4.55,4.65,72300
18/10/2021,4.7,4.8,4.6,4.7,1853400
19/10/2021,4.7,4.8,4.7,4.79,181900
21/10/2021,4.79,4.85,4.7,4.75,178800
22/10/2021,4.76,4.84,4.7,4.75,124600
25/10/2021,4.7,4.8,4.7,4.8,41700
26/10/2021,4.7,4.76,4.6,4.75,54400
27/10/2021,4.76,4.76,4.71,4.75,361700
28/10/2021,4.76,4.8,4.75,4.75,236400
29/10/2021,4.75,4.8,4.56,4.7,324800
01/11/2021,4.7,4.75,4.5,4.7,616700
02/11/2021,4.7,4.8,4.6,4.7,1198700
03/11/2021,4.61,4.75,4.61,4.75,85100
04/11/2021,4.75,4.75,4.62,4.75,55700
05/11/2021,4.75,4.75,4.65,4.7,49900
08/11/2021,4.68,4.7,4.5,4.52,335900
09/11/2021,4.59,4.59,4.5,4.59,206300
10/11/2021,4.59,4.7,4.55,4.7,124900
11/11/2021,4.7,4.7,4.55,4.55,1661000
12/11/2021,4.6,4.6,4.5,4.51,317500
15/11/2021,4.6,4.6,4.5,4.6,85400
16/11/2021,4.6,4.65,4.55,4.56,79900
17/11/2021,4.6,4.62,4.32,4.5,290500
18/11/2021,4.51,4.6,4.5,4.6,130800
19/11/2021,4.56,4.62,4.56,4.62,219900
22/11/2021,4.65,4.7,4.32,4.32,269500
23/11/2021,4.65,4.65,4.3,4.64,130100
24/11/2021,4.65,4.65,4.35,4.35,120400
25/11/2021,4.3,4.5,4.3,4.45,1547100
26/11/2021,4.45,4.5,4.35,4.35,733700
29/11/2021,4.45,4.45,4.35,4.4,655000
30/11/2021,4.35,4.5,4.35,4.38,69800
01/12/2021,4.5,4.5,4.35,4.35,93700
02/12/2021,3.98,4.4,3.98,4.05,2528700
03/12/2021,4.25,4.42,4.2,4.35,43400
06/12/2021,4.3,4.3,4.15,4.2,1011800
07/12/2021,4.2,4.3,4.1,4.3,321000
08/12/2021,4.3,4.3,4.21,4.29,231400
09/12/2021,4.29,4.4,4.25,4.4,1348300
10/12/2021,4.5,4.6,4.38,4.5,290900
14/12/2021,4.59,4.6,4.41,4.55,336800
15/12/2021,4.41,4.59,4.4,4.59,1330500
16/12/2021,4.41,4.6,4.4,4.5,181300
17/12/2021,4.4,4.48,4.03,4.11,130700
20/12/2021,4.39,4.39,4.15,4.39,28700
21/12/2021,4.27,4.39,4.15,4.35,36200
22/12/2021,4.35,4.39,4.16,4.28,55700
23/12/2021,4.34,4.34,4.13,4.3,39900
24/12/2021,4.25,4.3,4.13,4.15,417600
28/12/2021,4.15,4.29,4.1,4.15,43400
29/12/2021,4.29,4.29,4.15,4.15,74500
30/12/2021,4.19,4.2,4.08,4.2,193800
31/12/2021,4.2,4.28,4.15,4.28,11200
03/01/2022,4.28,4.28,4.18,4.2,345700
04/01/2022,4.16,4.2,4.1,4.18,38600
05/01/2022,4.19,4.2,4.06,4.1,82000
06/01/2022,4.1,4.2,4.1,4.1,47700
07/01/2022,4.15,4.15,4.07,4.13,172400
10/01/2022,4.13,4.18,4.08,4.12,70600
11/01/2022,4.18,4.19,4.1,4.18,45400
12/01/2022,4.18,4.18,4.1,4.18,123800
13/01/2022,4.18,4.19,4.13,4.14,98700
14/01/2022,4.14,4.2,4.12,4.14,150800
17/01/2022,4.15,4.15,4.1,4.13,58400
18/01/2022,4.1,4.13,4.1,4.12,83500
19/01/2022,4.13,4.13,4.1,4.13,24800
20/01/2022,4.13,4.15,4.11,4.15,73800
21/01/2022,4.12,4.2,4.12,4.19,59700
24/01/2022,4.19,4.19,4.11,4.14,120500
25/01/2022,4.2,4.2,4.1,4.14,207000
26/01/2022,4.14,4.14,4.07,4.1,161900
27/01/2022,4.1,4.1,4.07,4.07,51000
28/01/2022,4.1,4.1,4,4.05,361600
31/01/2022,4.05,4.07,4,4.01,119200
01/02/2022,4.04,4.05,3.95,4,2259700
02/02/2022,4,4,3.96,4,1125700
03/02/2022,4,4,3.98,4,269500
04/02/2022,4.08,4.08,3.98,4,324700
07/02/2022,4,4,3.96,4,219100
08/02/2022,4,4,3.99,4,98200
09/02/2022,4,4,3.99,4,169400
10/02/2022,4,4,3.98,3.98,203400
11/02/2022,4,4,3.99,4,207200
14/02/2022,4,4,3.97,4,341000
15/02/2022,4,4,3.97,3.99,268700
16/02/2022,3.99,4,3.98,3.99,116200
17/02/2022,4,4,3.98,3.99,121600
18/02/2022,3.99,3.99,3.97,3.99,898200
21/02/2022,3.99,3.99,3.91,3.91,958800
22/02/2022,3.98,3.98,3.8,3.9,2254600
23/02/2022,3.95,3.95,3.87,3.9,338200
24/02/2022,3.96,3.96,3.88,3.9,165300
25/02/2022,3.98,3.98,3.88,3.9,176800
28/02/2022,3.9,4,3.88,3.9,161500
01/03/2022,3.9,3.95,3.88,3.89,469500
02/03/2022,3.9,3.9,3.88,3.9,203000
03/03/2022,4,4,3.84,3.87,418600
04/03/2022,3.88,3.9,3.84,3.87,457400
07/03/2022,3.87,3.87,3.8,3.8,304700
08/03/2022,4,4,3.75,3.8,442100
09/03/2022,3.8,3.9,3.75,3.84,193400
10/03/2022,3.84,3.84,3.7,3.79,301900
11/03/2022,3.81,3.81,3.7,3.79,451300
14/03/2022,3.79,3.8,3.65,3.7,374500
15/03/2022,3.72,3.78,3.61,3.7,405700
16/03/2022,3.75,3.75,3.65,3.73,316100
17/03/2022,3.74,3.74,3.61,3.7,748900
18/03/2022,3.65,3.7,3.65,3.65,128000
21/03/2022,3.7,3.7,3.6,3.68,297000
22/03/2022,3.7,3.7,3.6,3.65,229700
23/03/2022,3.62,3.68,3.6,3.65,574500
24/03/2022,3.65,3.65,3.62,3.64,83000
25/03/2022,3.62,3.64,3.62,3.64,233800
28/03/2022,3.65,3.65,3.49,3.64,488200
29/03/2022,3.64,3.64,3.5,3.5,323300
30/03/2022,3.55,3.64,3.55,3.56,286000
31/03/2022,3.6,3.62,3.55,3.6,392500
01/04/2022,3.62,3.62,3.55,3.55,149300
04/04/2022,3.6,3.62,3.51,3.62,89200
05/04/2022,3.6,3.6,3.55,3.6,156300
06/04/2022,3.59,3.65,3.52,3.64,675100
07/04/2022,3.67,3.67,3.59,3.6,5170800
08/04/2022,3.95,3.95,3.57,3.57,488300
11/04/2022,3.65,3.65,3.52,3.52,201000
12/04/2022,3.6,3.6,3.52,3.58,73100
13/04/2022,3.6,3.6,3.54,3.6,157800
14/04/2022,3.7,3.7,3.55,3.6,729900
19/04/2022,3.6,3.6,3.54,3.6,120400
20/04/2022,3.6,3.6,3.55,3.55,84700
21/04/2022,3.59,3.6,3.54,3.6,101400
22/04/2022,3.6,3.6,3.55,3.56,165500
25/04/2022,3.6,3.6,3.53,3.58,78000
26/04/2022,3.58,3.59,3.52,3.52,110300
27/04/2022,3.59,3.59,3.52,3.55,436200
28/04/2022,3.59,3.59,3.52,3.55,224000
04/05/2022,3.55,3.59,3.51,3.59,151300
05/05/2022,3.58,3.6,3.52,3.55,353800
06/05/2022,3.55,3.6,3.55,3.6,92700
09/05/2022,3.6,3.6,3.56,3.59,94300
10/05/2022,3.59,3.59,3.52,3.56,220700
11/05/2022,3.53,3.6,3.52,3.6,119200
12/05/2022,3.59,3.6,3.53,3.59,81200
13/05/2022,3.58,3.59,3.52,3.55,84300
16/05/2022,3.55,3.59,3.53,3.59,72700
17/05/2022,3.55,3.59,3.51,3.51,129700
18/05/2022,3.51,3.52,3.45,3.5,326100
19/05/2022,3.5,3.5,3.45,3.45,98300
20/05/2022,3.5,3.5,3.4,3.4,113200
23/05/2022,3.5,3.58,3.4,3.49,110600
24/05/2022,3.49,3.51,3.45,3.5,126500
25/05/2022,3.51,3.52,3.4,3.41,90300
26/05/2022,3.41,3.52,3.41,3.48,62600
27/05/2022,3.5,3.51,3.46,3.46,1438900
30/05/2022,3.5,3.5,3.46,3.49,74900
31/05/2022,3.5,3.5,3.46,3.46,265300
02/06/2022,3.59,3.59,3.48,3.5,253300
03/06/2022,3.5,3.5,3.48,3.5,639100
06/06/2022,3.5,3.52,3.49,3.5,141700
07/06/2022,3.5,3.5,3.48,3.48,93900
08/06/2022,3.48,3.49,3.35,3.4,164500
09/06/2022,3.45,3.45,3.35,3.4,191400
10/06/2022,3.42,3.46,3.38,3.39,131400
13/06/2022,3.39,3.49,3.38,3.4,106900
14/06/2022,3.4,3.48,3.4,3.45,66300
15/06/2022,3.41,3.45,3.4,3.42,80000
16/06/2022,3.41,3.48,3.41,3.48,62300
17/06/2022,3.48,3.49,3.43,3.43,106500
20/06/2022,3.49,3.5,3.4,3.4,275400
21/06/2022,3.44,3.44,3.38,3.4,177700
22/06/2022,3.4,3.44,3.37,3.44,133200
23/06/2022,3.43,3.43,3.37,3.4,474400
24/06/2022,3.4,3.43,3.37,3.4,237700
27/06/2022,3.4,3.4,3.37,3.38,72200
28/06/2022,3.38,3.4,3.36,3.36,274900
29/06/2022,3.4,3.44,3.37,3.4,283200
30/06/2022,3.4,3.4,3.37,3.38,1268900
01/07/2022,3.38,3.7,3.37,3.38,233600
04/07/2022,3.39,3.69,3.39,3.4,27200
05/07/2022,3.45,3.7,3.45,3.45,68500
06/07/2022,3.7,3.7,3.45,3.55,179500
07/07/2022,3.55,3.55,3.45,3.5,281000
08/07/2022,3.52,3.52,3.47,3.5,418300
12/07/2022,3.8,3.8,3.46,3.5,227500
13/07/2022,3.5,3.5,3.45,3.5,344500
14/07/2022,3.5,3.5,3.48,3.5,141900
15/07/2022,3.5,3.5,3.48,3.49,667200
18/07/2022,3.49,3.5,3.49,3.5,122100
19/07/2022,3.5,3.5,3.46,3.5,251400
20/07/2022,3.49,3.5,3.45,3.5,546400
21/07/2022,3.5,3.5,3.45,3.49,65100
22/07/2022,3.5,3.5,3.49,3.5,76800
25/07/2022,3.5,3.5,3.45,3.5,350700
26/07/2022,3.5,3.5,3.4,3.4,41200
27/07/2022,3.5,3.5,3.48,3.49,960900
28/07/2022,3.5,3.5,3.48,3.5,513600
29/07/2022,3.5,3.5,3.47,3.49,400000
01/08/2022,3.5,3.5,3.46,3.48,979100
02/08/2022,3.49,3.5,3.46,3.5,565400
03/08/2022,3.5,3.5,3.49,3.5,898100
04/08/2022,3.5,3.5,3.49,3.5,541700
05/08/2022,3.5,3.5,3.49,3.5,2018800
08/08/2022,3.5,3.83,3.45,3.8,786800
10/08/2022,3.6,3.8,3.6,3.8,360800
11/08/2022,3.83,3.85,3.79,3.8,1213400
12/08/2022,3.81,3.81,3.71,3.79,812900
15/08/2022,3.79,3.81,3.71,3.75,81900
16/08/2022,3.75,3.8,3.72,3.79,106800
17/08/2022,3.79,3.79,3.72,3.78,576400
18/08/2022,3.77,3.78,3.7,3.78,272500
19/08/2022,3.75,3.83,3.72,3.78,101900
22/08/2022,3.78,3.78,3.55,3.76,67800
23/08/2022,3.78,3.78,3.6,3.74,45300
24/08/2022,3.74,3.77,3.62,3.7,1145600
25/08/2022,3.65,3.77,3.63,3.68,326900
26/08/2022,3.68,3.77,3.65,3.7,44000
29/08/2022,3.7,3.8,3.65,3.75,621900
30/08/2022,3.75,3.75,3.7,3.74,397900
31/08/2022,3.74,3.74,3.67,3.72,211500
01/09/2022,3.7,3.74,3.55,3.55,792900
02/09/2022,3.74,3.75,3.55,3.74,425300
05/09/2022,3.75,3.75,3.55,3.75,159600
06/09/2022,3.75,3.75,3.6,3.75,941200
07/09/2022,3.75,3.75,3.7,3.7,154100
08/09/2022,3.7,3.74,3.69,3.7,258000
09/09/2022,3.7,3.72,3.67,3.69,247900
12/09/2022,3.72,3.88,3.69,3.7,404200
14/09/2022,3.72,3.75,3.68,3.7,235000
15/09/2022,3.7,3.7,3.65,3.7,1170200
16/09/2022,3.75,3.75,3.65,3.7,321900
19/09/2022,3.7,3.7,3.65,3.68,190600
20/09/2022,3.68,3.68,3.51,3.67,298100
21/09/2022,3.67,3.7,3.5,3.5,573200
22/09/2022,3.61,3.68,3.55,3.68,68900
23/09/2022,3.68,3.68,3.56,3.6,607900
26/09/2022,3.6,3.6,3.51,3.54,307400
27/09/2022,3.53,3.54,3.5,3.52,1052700
28/09/2022,3.54,3.54,3.48,3.5,517800
29/09/2022,3.5,3.5,3.48,3.5,119400
30/09/2022,3.5,3.5,3.48,3.5,663400
03/10/2022,3.5,3.5,3.45,3.5,223700
04/10/2022,3.5,3.5,3.47,3.5,70400
05/10/2022,3.5,3.5,3.4,3.47,827500
06/10/2022,3.4,3.48,3.38,3.48,222800
07/10/2022,3.47,3.47,3.45,3.47,27300
11/10/2022,3.47,3.47,3.4,3.46,892900
12/10/2022,3.47,3.47,3.4,3.41,104300
13/10/2022,3.46,3.46,3.38,3.4,464500
14/10/2022,3.43,3.43,3.35,3.4,129300
17/10/2022,3.45,3.45,3.39,3.39,146300
18/10/2022,3.4,3.4,3.36,3.37,3536000
19/10/2022,3.45,3.45,3.37,3.4,119500
21/10/2022,3.4,3.4,3.39,3.4,195900
24/10/2022,3.4,3.4,3.39,3.4,280200
25/10/2022,3.47,3.47,3.38,3.39,265700
26/10/2022,3.39,3.39,3.35,3.38,1061500
27/10/2022,3.4,3.4,3.36,3.4,707100
28/10/2022,3.4,3.4,3.36,3.4,321300
31/10/2022,3.4,3.4,3.36,3.38,670700
01/11/2022,3.37,3.38,3.36,3.36,722000
02/11/2022,3.36,3.36,3.3,3.35,132400
03/11/2022,3.36,3.36,3.28,3.3,724800
04/11/2022,3.28,3.3,3.28,3.3,607900
07/11/2022,3.3,3.3,3.27,3.27,374400
08/11/2022,3.27,3.29,3.25,3.29,510700
09/11/2022,3.3,3.3,3.26,3.29,273100
10/11/2022,3.29,3.29,3.25,3.29,278000
11/11/2022,3.28,3.29,3.27,3.29,291500
14/11/2022,3.29,3.29,3.26,3.29,147600
15/11/2022,3.26,3.29,3.26,3.27,74000
16/11/2022,3.26,3.3,3.26,3.29,271500
17/11/2022,3.28,3.3,3.27,3.3,372200
18/11/2022,3.3,3.3,3.25,3.27,227800
21/11/2022,3.27,3.27,3.24,3.27,141700
22/11/2022,3.27,3.3,3.24,3.3,276800
23/11/2022,3.28,3.3,3.25,3.3,264300
24/11/2022,3.27,3.5,3.25,3.3,375400
25/11/2022,3.3,3.3,3.27,3.27,210500
28/11/2022,3.29,3.29,3.22,3.27,95600
29/11/2022,3.27,3.3,3.24,3.25,144200
30/11/2022,3.3,3.4,3.26,3.3,591400
01/12/2022,3.31,3.31,3.1,3.26,223300
02/12/2022,3.3,3.3,3.25,3.29,90400
05/12/2022,3.3,3.3,3.15,3.22,115900
06/12/2022,3.3,3.3,3.2,3.22,117500
07/12/2022,3.2,3.22,3.19,3.19,206500
08/12/2022,3.19,3.25,3.19,3.22,66200
09/12/2022,3.25,3.25,3.19,3.25,273300
13/12/2022,3.2,3.25,3.25,3.25,127200
14/12/2022,3.22,3.3,3.15,3.22,120400
15/12/2022,3.3,3.3,3.16,3.29,273100
16/12/2022,3.29,3.3,3.17,3.3,179800
19/12/2022,3.3,3.3,3.16,3.2,100800
20/12/2022,3.22,3.22,3.15,3.2,69200
21/12/2022,3.25,3.25,3.15,3.23,1203000
22/12/2022,3.25,3.25,3.1,3.22,62200
23/12/2022,3.22,3.22,3.2,3.22,106600
28/12/2022,3.22,3.22,3.1,3.19,17600
29/12/2022,3.19,3.22,3.15,3.22,82700
30/12/2022,3.22,3.27,3.19,3.27,110500
03/01/2023,3.25,3.25,3.21,3.22,66600
04/01/2023,3.22,3.5,3.21,3.29,111600
05/01/2023,3.29,3.29,3.2,3.26,72700
06/01/2023,3.22,3.28,3.22,3.25,135400
09/01/2023,3.24,3.25,3.21,3.24,121200
10/01/2023,3.24,3.24,3.19,3.2,439200
11/01/2023,3.2,3.2,3.18,3.19,180200
12/01/2023,3.2,3.2,3.14,3.14,94800
13/01/2023,3.14,3.2,3.14,3.15,89600
16/01/2023,3.2,3.2,3.12,3.2,143500
17/01/2023,3.12,3.2,3.08,3.1,131500
18/01/2023,3.2,3.2,3.08,3.08,93400
19/01/2023,3.11,3.24,3.1,3.24,69400
20/01/2023,3.23,3.23,3.07,3.1,308800
23/01/2023,3.18,3.18,3.02,3.1,134700
24/01/2023,3.18,3.18,3.1,3.15,138700
25/01/2023,3.1,3.18,3.1,3.12,74300
26/01/2023,3.15,3.15,3.04,3.04,405200
27/01/2023,3.08,3.13,3,3,110200
30/01/2023,3.13,3.13,2.9,3,576900
31/01/2023,3,3,2.93,2.93,117600
01/02/2023,2.93,2.93,2.85,2.9,137700
02/02/2023,2.9,2.9,2.8,2.85,99100
03/02/2023,2.82,2.99,2.8,2.85,116000
06/02/2023,2.85,2.99,2.84,2.86,137900
07/02/2023,2.86,2.99,2.86,2.88,70500
08/02/2023,2.88,2.9,2.85,2.9,69200
09/02/2023,2.9,2.98,2.84,2.85,222300
10/02/2023,2.85,2.85,2.8,2.85,173600
13/02/2023,2.85,2.85,2.75,2.8,135800
14/02/2023,2.8,2.8,2.7,2.71,127100
15/02/2023,2.76,2.8,2.71,2.76,88400
16/02/2023,2.76,2.8,2.65,2.74,121000
17/02/2023,2.71,2.74,2.61,2.7,98100
20/02/2023,2.67,2.8,2.66,2.7,147900
21/02/2023,2.7,2.78,2.66,2.68,241000
22/02/2023,2.85,2.85,2.59,2.59,442800
23/02/2023,2.58,2.6,2.38,2.5,623700
24/02/2023,2.41,2.58,2.41,2.49,264000
27/02/2023,2.5,2.5,2.45,2.49,95200
28/02/2023,2.51,2.51,2.46,2.46,116900
01/03/2023,2.49,2.49,2.44,2.44,918300
02/03/2023,2.41,2.46,2.36,2.43,194600
06/03/2023,2.4,2.4,2.3,2.3,191100
07/03/2023,2.4,2.4,2.3,2.3,638800
08/03/2023,2.37,2.39,2.26,2.34,95500
09/03/2023,2.38,2.38,2.3,2.35,148600
10/03/2023,2.38,2.38,2.3,2.3,195900
13/03/2023,2.35,2.35,2.1,2.29,221000
14/03/2023,2.3,2.3,2.11,2.29,208100
15/03/2023,2.29,2.29,2.11,2.28,134000
16/03/2023,2.25,2.28,2.1,2.28,277100
17/03/2023,2.29,2.29,2.13,2.15,123000
20/03/2023,2.19,2.25,2.1,2.19,57600
21/03/2023,2.23,2.25,2.1,2.2,238000
22/03/2023,2.4,2.4,2.06,2.2,1110700
23/03/2023,2.2,2.25,2.19,2.19,185700
24/03/2023,2.23,2.24,2.19,2.22,323100
27/03/2023,2.25,2.4,2.19,2.2,175100
28/03/2023,2.21,2.21,2.16,2.19,159900
29/03/2023,2.2,2.2,2.15,2.19,90200
30/03/2023,2.19,2.2,2.16,2.19,451000
31/03/2023,2.2,2.2,2.18,2.2,121500
03/04/2023,2.2,2.4,2.19,2.35,252500
04/04/2023,2.39,2.39,2.35,2.39,196700
05/04/2023,2.4,2.45,2.39,2.39,252300
06/04/2023,2.49,2.49,2.39,2.4,753900
11/04/2023,2.4,2.4,2.3,2.39,100500
12/04/2023,2.4,2.4,2.36,2.36,78300
13/04/2023,2.37,2.4,2.37,2.4,207900
14/04/2023,2.4,2.4,2.39,2.4,342500
17/04/2023,2.4,2.4,2.33,2.36,313300
18/04/2023,2.36,2.37,2.35,2.37,70900
19/04/2023,2.38,2.38,2.3,2.36,201400
20/04/2023,2.4,2.4,2.3,2.37,90600
24/04/2023,2.37,2.37,2.3,2.36,323700
25/04/2023,2.36,2.36,2.3,2.35,369100
26/04/2023,2.37,2.38,2.32,2.38,171200
27/04/2023,2.4,2.4,2.35,2.38,41100
28/04/2023,2.4,2.4,2.36,2.38,82600
02/05/2023,2.37,2.4,2.35,2.35,89700
03/05/2023,2.4,2.4,2.35,2.35,70400
04/05/2023,2.35,2.38,2.34,2.37,82200
05/05/2023,2.4,2.4,2.37,2.38,63700
08/05/2023,2.38,2.38,2.33,2.35,66300
09/05/2023,2.4,2.4,2.35,2.35,158600
10/05/2023,2.34,2.38,2.25,2.35,74000
11/05/2023,2.35,2.35,2.3,2.35,74400
12/05/2023,2.35,2.38,2.33,2.35,75300
15/05/2023,2.4,2.4,2.3,2.34,62300
16/05/2023,2.33,2.4,2.3,2.31,128500
17/05/2023,2.4,2.4,2.25,2.29,231700
18/05/2023,2.3,2.3,2.17,2.2,168400
19/05/2023,2.3,2.3,2.25,2.3,45000
22/05/2023,2.3,2.31,2.17,2.29,133900
23/05/2023,2.37,2.37,2.25,2.29,109300
24/05/2023,2.3,2.37,2.25,2.29,107500
25/05/2023,2.3,2.4,2.26,2.27,77300
26/05/2023,2.27,2.3,2.25,2.3,65800
29/05/2023,2.3,2.3,2.28,2.28,91100
30/05/2023,2.29,2.37,2.28,2.37,331400
31/05/2023,2.4,2.4,2.3,2.3,38600
02/06/2023,2.3,2.37,2.3,2.36,924700
05/06/2023,2.36,2.36,2.3,2.35,48700
06/06/2023,2.36,2.4,2.3,2.3,979600
07/06/2023,2.4,2.4,2.3,2.38,309900
08/06/2023,2.4,2.4,2.3,2.33,471700
09/06/2023,2.4,2.4,2.3,2.33,383400
12/06/2023,2.33,2.4,2.3,2.4,92000
13/06/2023,2.36,2.4,2.27,2.28,843400
14/06/2023,2.3,2.35,2.3,2.35,80200
15/06/2023,2.32,2.35,2.3,2.35,44200
16/06/2023,2.32,2.35,2.25,2.34,181700
19/06/2023,2.34,2.35,2.27,2.35,130500
20/06/2023,2.35,2.35,2.3,2.35,65500
21/06/2023,2.35,2.35,2.29,2.3,631500
22/06/2023,2.35,2.5,2.29,2.5,554000
23/06/2023,2.4,2.4,2.31,2.38,88800
26/06/2023,2.39,2.39,2.28,2.35,446300
27/06/2023,2.3,2.39,2.15,2.39,219200
29/06/2023,2.3,2.39,2.26,2.29,208500
30/06/2023,2.35,2.35,2.27,2.3,66500
03/07/2023,2.3,2.35,2.3,2.35,72000
04/07/2023,2.35,2.35,2.3,2.35,1421400
05/07/2023,2.35,2.35,2.28,2.35,73000
06/07/2023,2.35,2.35,2.34,2.34,77600
07/07/2023,2.35,2.35,2.3,2.35,122400
10/07/2023,2.38,2.39,2.29,2.35,269600
11/07/2023,2.35,2.38,2.3,2.38,171600
12/07/2023,2.38,2.38,2.3,2.33,2020500
13/07/2023,2.38,2.4,2.32,2.39,124400
14/07/2023,2.4,2.4,2.32,2.4,1820300
17/07/2023,2.62,2.62,2.38,2.4,225300
18/07/2023,2.4,2.4,2.35,2.38,90900
19/07/2023,2.4,2.4,2.35,2.4,146100
20/07/2023,2.38,2.38,2.36,2.38,41900
21/07/2023,2.38,2.4,2.36,2.4,167400
24/07/2023,2.4,2.4,2.38,2.4,1065300
25/07/2023,2.4,2.4,2.38,2.39,202400
26/07/2023,2.39,2.4,2.38,2.4,155000
27/07/2023,2.4,2.4,2.35,2.35,146700
28/07/2023,2.4,2.4,2.29,2.4,1209200
31/07/2023,2.4,2.4,2.3,2.3,229600
01/08/2023,2.4,2.5,2.3,2.5,37300
02/08/2023,2.34,2.5,2.33,2.5,99200
03/08/2023,2.5,2.5,2.35,2.42,243500
04/08/2023,2.45,2.46,2.39,2.4,1173700
07/08/2023,2.6,2.6,2.39,2.4,1574500
08/08/2023,2.4,2.46,2.39,2.4,642300
09/08/2023,2.4,2.4,2.39,2.4,183000
10/08/2023,2.4,2.4,2.35,2.4,388300
11/08/2023,2.39,2.4,2.39,2.39,68400
14/08/2023,2.4,2.4,2.3,2.39,107000
15/08/2023,2.39,2.4,2.33,2.33,80000
16/08/2023,2.4,2.4,2.32,2.39,27100
17/08/2023,2.39,2.39,2.3,2.3,135600
18/08/2023,2.31,2.39,2.3,2.3,211200
21/08/2023,2.3,2.39,2.3,2.39,93700
22/08/2023,2.39,2.39,2.3,2.31,41800
23/08/2023,2.38,2.38,2.26,2.3,80300
24/08/2023,2.3,2.33,2.3,2.32,6500
25/08/2023,2.33,2.33,2.29,2.29,114800
28/08/2023,2.38,2.38,2.28,2.3,113900
29/08/2023,2.3,2.3,2.28,2.28,218000
30/08/2023,2.3,2.3,2.2,2.2,564100
31/08/2023,2.3,2.35,2.25,2.35,24800
01/09/2023,2.36,2.38,2.31,2.31,102200
04/09/2023,2.35,2.35,2.25,2.35,91100
05/09/2023,2.3,2.35,2.25,2.32,39700
06/09/2023,2.35,2.38,2.25,2.3,294100
07/09/2023,2.3,2.37,2.25,2.37,82100
08/09/2023,2.35,2.37,2.3,2.37,49500
11/09/2023,2.35,2.37,2.29,2.3,161300
12/09/2023,2.3,2.37,2.29,2.3,1302700
13/09/2023,2.3,2.37,2.3,2.3,221900
14/09/2023,2.35,2.37,2.25,2.35,71000
15/09/2023,2.37,2.37,2.28,2.34,161500
18/09/2023,2.33,2.36,2.3,2.35,139600
19/09/2023,2.35,2.35,2.33,2.34,168500
20/09/2023,2.35,2.35,2.33,2.34,69100
21/09/2023,2.34,2.35,2.3,2.3,177100
22/09/2023,2.3,2.35,2.29,2.35,149200
25/09/2023,2.35,2.35,2.3,2.32,67000
26/09/2023,2.32,2.32,2.27,2.27,136900
27/09/2023,2.29,2.29,2.27,2.27,90500
28/09/2023,2.32,2.32,2.27,2.28,23500
29/09/2023,2.33,2.33,2.28,2.3,71800
02/10/2023,2.29,2.3,2.25,2.29,239700
03/10/2023,2.26,2.3,2.25,2.3,103700
04/10/2023,2.3,2.3,2.2,2.2,112200
05/10/2023,2.2,2.29,2.15,2.25,62100
06/10/2023,2.25,2.3,2.2,2.25,2904900
09/10/2023,2.22,2.3,2.2,2.29,39900
11/10/2023,2.22,2.3,2.22,2.3,184300
12/10/2023,2.3,2.33,2.24,2.26,541400
13/10/2023,2.25,2.3,2.25,2.3,50700
16/10/2023,2.26,2.3,2.26,2.3,205700
17/10/2023,2.26,2.3,2.2,2.26,372500
18/10/2023,2.2,2.29,2.2,2.22,50600
19/10/2023,2.22,2.22,2.19,2.2,121800
23/10/2023,2.3,2.3,2.2,2.28,38400
24/10/2023,2.28,2.28,2.19,2.2,121000
25/10/2023,2.2,2.2,2.15,2.18,138600
26/10/2023,2.2,2.3,2.13,2.16,312500
27/10/2023,2.3,2.35,2.2,2.3,1716700
30/10/2023,2.3,2.42,2.28,2.3,2460400
31/10/2023,2.5,2.5,2.3,2.35,1180700
01/11/2023,2.46,2.46,2.34,2.34,2485700
02/11/2023,2.4,2.4,2.3,2.35,431400
03/11/2023,2.49,2.49,2.25,2.34,1073000
06/11/2023,2.3,2.35,2.3,2.33,473600
07/11/2023,2.34,2.34,2.3,2.31,299500
08/11/2023,2.4,2.4,2.29,2.3,251600
09/11/2023,2.4,2.4,2.25,2.3,294300
10/11/2023,2.35,2.35,2.28,2.3,276400
14/11/2023,2.4,2.44,2.28,2.39,224600
15/11/2023,2.5,2.5,2.3,2.35,206600
16/11/2023,2.39,2.4,2.28,2.29,1270300
17/11/2023,2.4,2.4,2.29,2.35,1264600
20/11/2023,2.3,2.35,2.29,2.35,378600
21/11/2023,2.3,2.35,2.29,2.3,2493500
22/11/2023,2.29,2.3,2.29,2.3,1504300
23/11/2023,2.3,2.3,2.29,2.3,444600
24/11/2023,2.3,2.3,2.29,2.3,1507400
27/11/2023,2.3,2.3,2.28,2.3,1741700
01/12/2023,2.15,2.26,2.08,2.15,493400
04/12/2023,2.23,2.23,2.1,2.12,55400
05/12/2023,2.16,2.2,2,2.1,909000
06/12/2023,2.15,2.15,2.06,2.07,210000
07/12/2023,2.1,2.1,2.03,2.04,1165800
08/12/2023,2.05,2.05,2.03,2.04,269800
11/12/2023,2.04,2.04,2.01,2.01,952800
13/12/2023,2.04,2.04,1.99,2.03,268500
14/12/2023,2.04,2.13,2.02,2.1,190600
15/12/2023,2.14,2.14,2.06,2.07,464200
18/12/2023,2.1,2.1,2.03,2.03,234900
19/12/2023,2.09,2.09,2,2,1012900
20/12/2023,2,2,1.95,1.97,287900
21/12/2023,1.97,2,1.95,2,436300
22/12/2023,2,2,1.99,2,154400
27/12/2023,2,2,1.99,1.99,499200
28/12/2023,2,2,1.99,2,196000
29/12/2023,2.07,2.07,2,2.02,388600
02/01/2024,2.02,2.07,1.99,2,271800
03/01/2024,2,2.02,1.99,2,582200
04/01/2024,2,2,1.99,2,373400
05/01/2024,2,2,1.99,2,544200
08/01/2024,2,2,1.95,2,808400
09/01/2024,1.99,2,1.95,2,139300
10/01/2024,2,2,1.95,1.98,380000
11/01/2024,1.98,2,1.98,1.99,1953000
12/01/2024,1.99,2,1.98,2,149900
15/01/2024,2,2,1.98,1.99,617800
16/01/2024,1.99,1.99,1.97,1.99,801200
17/01/2024,1.99,1.99,1.95,1.99,381100
18/01/2024,1.99,1.99,1.97,1.99,584600
19/01/2024,1.99,1.99,1.94,1.94,341900
22/01/2024,1.96,1.99,1.96,1.99,45000
23/01/2024,1.99,1.99,1.95,1.99,729400
24/01/2024,1.99,1.99,1.98,1.98,386500
25/01/2024,2,2,1.94,1.94,1123400
26/01/2024,1.99,1.99,1.97,1.98,217200
29/01/2024,1.98,1.98,1.95,1.97,717800
30/01/2024,1.97,1.98,1.96,1.98,428100
31/01/2024,1.98,1.98,1.96,1.98,455700
01/02/2024,1.98,1.99,1.95,1.98,504600
02/02/2024,1.98,1.98,1.96,1.98,188000
05/02/2024,1.99,1.99,1.97,1.99,133600
06/02/2024,1.99,1.99,1.98,1.99,461300
07/02/2024,1.99,1.99,1.98,1.99,296700
08/02/2024,1.99,1.99,1.98,1.99,416400
09/02/2024,1.99,1.99,1.98,1.99,534400
12/02/2024,1.99,2,1.98,2,290400
13/02/2024,1.98,2,1.98,2,951000
14/02/2024,2,2,1.99,1.99,1720400
15/02/2024,1.99,2,1.99,2,7828500
16/02/2024,2,2.1,1.99,2,5528700
19/02/2024,2,2.18,1.99,2,550500
20/02/2024,2,2,1.99,2,2494700
21/02/2024,2,2,1.99,2,1274200
22/02/2024,1.99,2,1.99,2,1365200
23/02/2024,2,2,1.99,2,772400
26/02/2024,2,2,1.99,2,1665600
27/02/2024,2,2,1.99,2,459400
28/02/2024,2,2,1.99,2,929300
29/02/2024,2,2,1.99,2,108900
01/03/2024,2,2,1.99,2,156900
04/03/2024,2,2,1.98,1.99,324100
05/03/2024,2,2,1.98,1.99,263700
06/03/2024,2,2,1.96,1.99,155900
07/03/2024,2,2,1.99,1.99,166000
08/03/2024,2,2,1.98,1.98,168100
11/03/2024,2,2,1.96,2,240100
12/03/2024,1.99,2,1.98,1.99,239600
13/03/2024,2,2,1.98,2,302100
14/03/2024,2,2,1.97,2,1444100
15/03/2024,1.98,2,1.98,2,6845300
18/03/2024,2,2,1.99,2,1373800
19/03/2024,1.99,2,1.98,2,2930300
20/03/2024,2,2,1.99,2,2047000
21/03/2024,2,2,1.98,2,813300
22/03/2024,2,2.01,1.99,2,1080400
25/03/2024,2,2,1.99,2,1935900
26/03/2024,2,2.2,2,2.2,48499100
27/03/2024,2.2,2.2,2.2,2.2,461000
28/03/2024,2.42,2.42,2.41,2.42,29540700
02/04/2024,2.65,2.65,2.44,2.58,1587000
03/04/2024,2.59,2.59,2.27,2.27,3613800
04/04/2024,2.27,2.38,2.17,2.24,1095000
05/04/2024,2.27,2.48,2.27,2.41,367700
08/04/2024,2.41,2.42,2.27,2.31,772500
09/04/2024,2.4,2.42,2.3,2.37,891900
11/04/2024,2.39,2.41,2.31,2.31,563500
12/04/2024,2.3,2.3,2.2,2.3,1200700
15/04/2024,2.3,2.3,2.2,2.25,241800
16/04/2024,2.27,2.27,2.2,2.25,697100
17/04/2024,2.27,2.29,2.2,2.28,362800
18/04/2024,2.29,2.29,2.2,2.27,130400
19/04/2024,2.29,2.29,2.2,2.29,1088200
22/04/2024,2.29,2.29,2.01,2.18,220900
23/04/2024,2.29,2.29,2.21,2.28,303700
24/04/2024,2.25,2.35,2.25,2.31,997600
25/04/2024,2.34,2.34,2.26,2.29,112100
26/04/2024,2.3,2.34,2.19,2.3,1015200
29/04/2024,2.21,2.34,2.2,2.32,412800
30/04/2024,2.34,2.34,2.21,2.3,218100
02/05/2024,2.25,2.33,2.25,2.33,206500
03/05/2024,2.33,2.33,2.25,2.3,473400
06/05/2024,2.3,2.33,2.29,2.32,247600
07/05/2024,2.32,2.36,2.3,2.3,309300
08/05/2024,2.3,2.36,2.3,2.35,255800
09/05/2024,2.35,2.36,2.3,2.3,545900
13/05/2024,2.35,2.35,2.29,2.3,79200
14/05/2024,2.32,2.34,2.25,2.29,314000
15/05/2024,2.29,2.35,2.25,2.3,513100
16/05/2024,2.36,2.36,2.25,2.3,594900
17/05/2024,2.35,2.35,2.2,2.2,880100
20/05/2024,2.36,2.36,2.22,2.3,547000
21/05/2024,2.34,2.34,2.27,2.31,581400
22/05/2024,2.35,2.36,2.3,2.34,113900
23/05/2024,2.35,2.36,2.3,2.3,565600
24/05/2024,2.36,2.37,2.28,2.35,273200
27/05/2024,2.35,2.36,2.3,2.33,217100
28/05/2024,2.36,2.4,2.32,2.38,393700
29/05/2024,2.4,2.42,2.31,2.37,1098900
30/05/2024,2.47,2.47,2.35,2.4,344200
31/05/2024,2.45,2.45,2.38,2.38,429400
03/06/2024,2.39,2.4,2.32,2.35,1359500
04/06/2024,2.4,2.46,2.35,2.39,887400
05/06/2024,2.41,2.41,2.36,2.4,967300
06/06/2024,2.4,2.41,2.38,2.4,202600
07/06/2024,2.4,2.4,2.36,2.38,540700
10/06/2024,2.4,2.4,2.36,2.39,523400
11/06/2024,2.4,2.45,2.36,2.38,405600
12/06/2024,2.42,2.45,2.37,2.42,2048900
13/06/2024,2.45,2.45,2.37,2.39,1819100
14/06/2024,2.37,2.44,2.36,2.39,386300
18/06/2024,2.38,2.44,2.36,2.4,1267300
19/06/2024,2.44,2.44,2.38,2.39,142300
20/06/2024,2.4,2.4,2.38,2.38,363500
21/06/2024,2.41,2.41,2.38,2.41,226100
24/06/2024,2.41,2.41,2.39,2.41,167500
25/06/2024,2.41,2.41,2.38,2.41,571600
26/06/2024,2.4,2.41,2.35,2.39,256400
27/06/2024,2.41,2.41,2.38,2.39,73000
28/06/2024,2.38,2.39,2.38,2.39,48600
01/07/2024,2.4,2.45,2.37,2.39,592200
02/07/2024,2.39,2.39,2.37,2.38,248300
03/07/2024,2.38,2.39,2.37,2.38,824000
04/07/2024,2.38,2.41,2.37,2.39,154200
05/07/2024,2.38,2.39,2.35,2.38,500400
08/07/2024,2.39,2.41,2.35,2.39,775800
09/07/2024,2.4,2.43,2.38,2.43,394500
10/07/2024,2.42,2.43,2.38,2.43,192000
11/07/2024,2.4,2.43,2.4,2.43,143600
12/07/2024,2.41,2.5,2.41,2.47,675600
15/07/2024,2.5,2.6,2.45,2.59,509600
16/07/2024,2.54,2.54,2.48,2.5,753100
17/07/2024,2.5,2.5,2.43,2.5,435900
18/07/2024,2.5,2.5,2.45,2.47,409800
19/07/2024,2.47,2.49,2.45,2.46,187600
22/07/2024,2.48,2.48,2.35,2.4,1027600
23/07/2024,2.43,2.43,2.35,2.4,479400
24/07/2024,2.4,2.4,2.31,2.34,374900
25/07/2024,2.4,2.4,2.35,2.37,298700
26/07/2024,2.4,2.4,2.34,2.4,2435800
29/07/2024,2.4,2.4,2.35,2.37,356500
30/07/2024,2.37,2.38,2.35,2.37,124900
31/07/2024,2.37,2.37,2.33,2.35,98000
01/08/2024,2.38,2.38,2.35,2.37,409400
02/08/2024,2.37,2.37,2.32,2.37,479600
05/08/2024,2.4,2.4,2.3,2.35,332200
06/08/2024,2.33,2.33,2.21,2.26,4441200
07/08/2024,2.3,2.38,2.21,2.27,156600
08/08/2024,2.27,2.35,2.24,2.32,519200
09/08/2024,2.32,2.32,2.27,2.27,196300
12/08/2024,2.27,2.38,2.27,2.36,193200
13/08/2024,2.36,2.36,2.29,2.32,277900
14/08/2024,2.28,2.32,2.28,2.3,188600
15/08/2024,2.31,2.32,2.29,2.32,2470300
16/08/2024,2.35,2.35,2.3,2.33,460600
19/08/2024,2.33,2.36,2.33,2.36,317000
20/08/2024,2.35,2.38,2.35,2.36,501400
21/08/2024,2.36,2.36,2.34,2.36,197800
22/08/2024,2.36,2.4,2.34,2.4,921100
23/08/2024,2.4,2.4,2.35,2.4,536900
26/08/2024,2.4,2.46,2.37,2.46,799200
27/08/2024,2.48,2.65,2.38,2.6,1504300
28/08/2024,2.5,2.65,2.45,2.49,2076600
29/08/2024,2.4,2.65,2.4,2.5,777000
30/08/2024,2.5,2.63,2.48,2.55,284600
02/09/2024,2.56,2.63,2.5,2.54,651900
03/09/2024,2.54,2.54,2.5,2.52,1507400
04/09/2024,2.54,2.54,2.48,2.5,715300
05/09/2024,2.5,2.5,2.46,2.5,979100
06/09/2024,2.5,2.5,2.38,2.4,2506200
09/09/2024,2.5,2.5,2.4,2.47,1804700
10/09/2024,2.5,2.62,2.49,2.5,2735700
11/09/2024,2.65,2.65,2.48,2.5,2719200
12/09/2024,2.5,2.5,2.48,2.5,993000
13/09/2024,2.5,2.5,2.48,2.5,2204900
16/09/2024,2.5,2.5,2.48,2.5,326700
17/09/2024,2.5,2.65,2.5,2.62,829900
18/09/2024,2.65,2.77,2.6,2.77,1443600
19/09/2024,2.98,2.98,2.75,2.98,2389000
20/09/2024,3.07,3.23,3,3.15,3209700
23/09/2024,3.16,3.4,3.15,3.24,1398600
24/09/2024,3.27,3.27,3.03,3.14,1785300
25/09/2024,3.15,3.2,2.9,2.9,698800
26/09/2024,3.05,3.1,2.95,2.95,368700
27/09/2024,3.02,3.15,2.93,2.99,628500
30/09/2024,3,3.02,2.98,3,207200
01/10/2024,3,3,2.95,2.97,126700
02/10/2024,3.1,3.1,2.98,2.98,234100
03/10/2024,3.02,3.1,3,3.09,661200
04/10/2024,3.1,3.1,2.92,2.98,308200
07/10/2024,3,3.09,2.95,2.99,810100
08/10/2024,3,3.01,2.98,2.99,405100
09/10/2024,3,3.19,2.99,3.05,951500
11/10/2024,3.15,3.35,2.99,3.02,9346000
14/10/2024,3.02,3.27,3.02,3.2,1095100
15/10/2024,3.2,3.24,3.01,3.06,435200
16/10/2024,3.1,3.2,3.06,3.15,818300
17/10/2024,3.12,3.15,3.08,3.1,274000
18/10/2024,3.1,3.15,3.08,3.11,222400
22/10/2024,3.11,3.34,3.08,3.2,812100
23/10/2024,3.3,3.3,3.14,3.2,576500
24/10/2024,3.29,3.29,3.15,3.19,670800
25/10/2024,3.19,3.3,3.15,3.2,588100
28/10/2024,3.29,3.29,3.1,3.15,363100
29/10/2024,4.25,4.6,3.85,3.9,10108800
30/10/2024,4.1,4.1,3.81,3.89,6523100
31/10/2024,3.9,3.9,3.76,3.8,6424500
04/11/2024,3.76,4.15,3.75,4.08,1701700
05/11/2024,4,4.2,4,4.02,6056100
06/11/2024,4.05,4.09,3.99,3.99,3194300
07/11/2024,4.01,4.01,3.99,3.99,1412200
08/11/2024,4,4,3.95,3.98,817100
11/11/2024,3.98,4.1,3.97,3.99,2085400
12/11/2024,3.98,4,3.91,3.97,1475900
13/11/2024,3.98,4,3.96,3.98,1155000
14/11/2024,3.98,4,3.95,3.98,1727700
15/11/2024,4,4,3.95,3.96,1695000
18/11/2024,3.97,3.99,3.94,3.97,1541900
19/11/2024,3.97,4,3.96,4,2324700
20/11/2024,3.99,4.1,3.97,3.99,3483500
21/11/2024,4,4,3.97,3.98,1130300
22/11/2024,3.97,4.15,3.97,4.15,2194900
25/11/2024,4,4.25,3.99,4.1,1653200
26/11/2024,4.1,4.19,4,4.15,1486200
27/11/2024,4.14,4.14,3.98,3.98,4468600
28/11/2024,4,4,3.9,3.95,2887000
29/11/2024,3.6,3.6,3.3,3.48,382200
02/12/2024,3.4,3.45,3.3,3.3,1760400
03/12/2024,3.35,3.4,3.3,3.38,1017700
04/12/2024,3.4,3.45,3.35,3.37,717500
05/12/2024,3.4,3.44,3.37,3.4,310100
06/12/2024,3.4,3.5,3.4,3.49,910600
09/12/2024,3.48,3.58,3.4,3.46,528300
10/12/2024,3.5,3.6,3.3,3.47,795000
11/12/2024,3.42,3.5,3.42,3.49,621800
13/12/2024,3.45,3.48,3.42,3.48,1898600
16/12/2024,3.48,3.5,3.42,3.49,361300
17/12/2024,3.49,3.49,3.4,3.4,1162600
18/12/2024,3.48,3.48,3.35,3.47,907900
19/12/2024,3.47,3.47,3.4,3.42,2532900
20/12/2024,3.42,3.44,3.4,3.42,1974500
23/12/2024,3.64,3.64,3.36,3.42,1113400
24/12/2024,3.42,3.64,3.41,3.43,1302300
27/12/2024,3.5,3.64,3.4,3.5,760800
30/12/2024,3.64,3.64,3.55,3.62,485800
31/12/2024,3.6,3.84,3.6,3.79,1827400
02/01/2025,3.7,3.8,3.61,3.8,1058400
03/01/2025,3.76,4,3.76,3.9,3304800
06/01/2025,3.9,4.25,3.9,4.1,1658400
07/01/2025,4.01,4.36,4.01,4.3,2889800
08/01/2025,4.35,4.36,4.05,4.15,1499600
09/01/2025,4.16,4.4,4.16,4.36,2362400
10/01/2025,4.37,4.38,4.15,4.31,3769100
13/01/2025,4.32,4.32,4.2,4.2,2313000
14/01/2025,4.25,4.25,4.06,4.2,6315100
15/01/2025,4.2,4.2,4.12,4.15,1028900
16/01/2025,4.1,4.2,4.1,4.15,773500
17/01/2025,4.2,4.2,4.1,4.15,682300
20/01/2025,4.14,4.22,4.01,4.15,1471600
21/01/2025,4.21,4.21,4.02,4.13,750800
22/01/2025,4.14,4.14,4.03,4.14,3959600
23/01/2025,4.1,4.2,4.1,4.17,3768700
24/01/2025,4.18,4.19,4.14,4.18,1886900
27/01/2025,4.18,4.19,4.1,4.13,1068500
28/01/2025,4.18,4.18,4.06,4.1,1231800
29/01/2025,4.1,4.13,4.06,4.1,326200
30/01/2025,4.08,4.12,4.07,4.12,604600
31/01/2025,4.15,4.5,4.15,4.25,8063700
03/02/2025,4.2,4.63,4.2,4.52,1466500
04/02/2025,4.5,4.91,4.5,4.6,2840500
05/02/2025,4.6,4.8,4.51,4.57,597200
06/02/2025,4.7,4.7,4.3,4.45,3227600
07/02/2025,4.45,4.6,4.4,4.55,3333100
10/02/2025,4.6,4.6,4.4,4.5,2393000
11/02/2025,4.5,4.5,4.4,4.5,1040100
12/02/2025,4.5,4.6,4.45,4.49,1073400
13/02/2025,4.48,4.6,4.46,4.55,2530200
14/02/2025,4.6,4.68,4.5,4.68,1552300
17/02/2025,4.6,4.8,4.55,4.8,2104000
18/02/2025,4.8,4.85,4.75,4.8,3429300
19/02/2025,4.78,4.85,4.6,4.8,794400
20/02/2025,4.75,4.89,4.75,4.88,643500
21/02/2025,4.9,5,4.84,4.9,1314400
24/02/2025,5,5,4.89,5,1712500
25/02/2025,4.96,5.04,4.87,4.95,2201700
26/02/2025,4.95,5,4.86,4.95,2059800
27/02/2025,4.94,5,4.9,4.94,260200
28/02/2025,4.93,4.98,4.9,4.94,242600
03/03/2025,4.96,5,4.9,5,427700
04/03/2025,4.99,5.2,4.97,5.16,826700
05/03/2025,5.14,5.28,5.02,5.28,1898100
06/03/2025,5.14,5.36,5.14,5.24,1505000
07/03/2025,5.24,5.4,5.14,5.2,596500
10/03/2025,5.18,5.24,5.14,5.22,1426600
11/03/2025,5.2,5.3,5.06,5.2,756200
12/03/2025,5.18,5.18,5.02,5.18,388000
13/03/2025,5.2,5.2,4.95,5,3336300
14/03/2025,5,5.1,5,5.08,1070900
17/03/2025,5.08,5.08,5,5.02,264100
18/03/2025,5,5.2,5,5.2,2782000
19/03/2025,5.04,5.16,5.02,5.1,494600
20/03/2025,5.14,5.14,5.06,5.12,213200
21/03/2025,5.1,5.12,5.04,5.1,703300
24/03/2025,5.1,5.12,5.02,5.08,875300
25/03/2025,5.08,5.1,5.02,5.08,480000
26/03/2025,5.04,5.2,5.02,5.1,777800
27/03/2025,5.08,5.12,5.02,5.06,1311100
28/03/2025,5.06,5.1,5,5,1694600
01/04/2025,5.02,5.02,4.9,4.95,1962900
02/04/2025,5,5,4.91,4.99,875400
03/04/2025,4.99,5,4.78,5,585800
04/04/2025,5,5.02,4.95,5.02,488700
07/04/2025,4.99,5,4.9,4.92,435700
08/04/2025,4.92,4.98,4.8,4.85,1150400
09/04/2025,4.87,4.9,4.5,4.5,4931100
10/04/2025,4.65,4.7,4.52,4.7,1845800
11/04/2025,4.74,5,4.65,4.99,596200
14/04/2025,5,5.04,4.7,5,301300
15/04/2025,5,5.02,4.9,5.02,473400
16/04/2025,5,5,4.85,4.98,390400
17/04/2025,4.95,4.98,4.84,4.98,516200
22/04/2025,4.99,5,4.84,4.9,260300
23/04/2025,4.9,4.98,4.75,4.96,553100
24/04/2025,4.97,4.97,4.75,4.91,190200
25/04/2025,4.9,4.96,4.8,4.96,1008100
28/04/2025,4.96,4.96,4.8,4.85,401700
29/04/2025,4.95,4.95,4.82,4.9,166300
30/04/2025,4.85,4.92,4.84,4.92,248400
02/05/2025,4.86,4.95,4.86,4.9,1473300
05/05/2025,4.95,4.95,4.85,4.9,440900
06/05/2025,4.95,4.95,4.84,4.88,334100
07/05/2025,4.9,4.9,4.83,4.88,330300
08/05/2025,4.89,4.9,4.7,4.88,782100
09/05/2025,4.8,4.9,4.8,4.85,392700
12/05/2025,4.88,4.9,4.83,4.9,2822400
13/05/2025,4.89,4.95,4.86,4.9,586700
14/05/2025,4.92,5,4.9,5,1231000
15/05/2025,5,5,4.85,4.85,3678000
16/05/2025,4.9,5,4.85,4.99,1820800
19/05/2025,4.99,5,4.87,4.9,556500
20/05/2025,4.98,4.98,4.85,4.94,2334700
21/05/2025,4.99,4.99,4.85,4.86,4615900
22/05/2025,5,5.2,4.88,4.95,697600
23/05/2025,4.94,4.99,4.9,4.95,587800
26/05/2025,4.95,5,4.88,4.97,339400
27/05/2025,4.95,4.95,4.88,4.91,689400
28/05/2025,4.95,4.95,4.89,4.9,1128400
29/05/2025,4.9,4.95,4.89,4.93,1431000
30/05/2025,4.93,5,4.9,4.93,844700
03/06/2025,4.96,5.2,4.93,5,3359100
04/06/2025,5,5.26,4.98,5,4625200
05/06/2025,5.02,5.1,4.98,5,6878800
09/06/2025,5,5.16,4.98,5.1,15992100
10/06/2025,5,5.1,4.98,5.06,6864400
11/06/2025,5.1,5.3,5.06,5.3,2918200
12/06/2025,5.5,5.6,5.16,5.36,2808500
13/06/2025,5.42,5.8,5.38,5.7,4639000
16/06/2025,5.5,5.82,5.4,5.6,3235600
17/06/2025,5.5,5.58,5.3,5.4,795700
18/06/2025,5.5,5.5,5.4,5.48,1133900
19/06/2025,5.44,5.58,5.44,5.56,1805000
20/06/2025,5.58,5.58,5.5,5.58,879800
23/06/2025,5.58,5.76,5.56,5.7,974500
24/06/2025,5.68,5.8,5.54,5.78,1040400
25/06/2025,5.7,6,5.7,5.9,2988800
26/06/2025,6,6.48,6,6.48,3719100
27/06/2025,6.38,6.98,6.32,6.98,9448400
30/06/2025,7.24,7.52,7.24,7.5,3727100
01/07/2025,7.4,7.4,6.72,6.72,2850500
02/07/2025,6.72,7,6.7,6.74,1930000
03/07/2025,6.74,7.4,6.7,7.3,1072000
04/07/2025,7.38,7.44,7.1,7.26,3137100
07/07/2025,7.2,7.48,7.12,7.4,2029300
08/07/2025,7.48,7.48,7.3,7.38,2834300
09/07/2025,7.3,7.36,7.1,7.26,1798000
10/07/2025,7.26,7.3,7,7.12,3197300
11/07/2025,7.16,7.2,7,7.02,4601800
14/07/2025,7.08,7.2,6.98,7,1493900
15/07/2025,7.1,7.2,7,7.02,1545400
16/07/2025,7.1,7.2,7,7.08,1910600
17/07/2025,7.04,7.2,7,7.2,483000
18/07/2025,7.12,7.4,7.04,7.16,813000
21/07/2025,7.16,7.16,7.02,7.1,711100
22/07/2025,7.1,7.18,7.08,7.18,598800
23/07/2025,7.12,7.24,7.1,7.2,542900
24/07/2025,7.24,7.38,7.2,7.36,1511900
25/07/2025,7.24,7.38,7.2,7.24,782700
28/07/2025,7.24,7.4,7.2,7.36,1111500
29/07/2025,7.36,7.4,7.28,7.3,842400
30/07/2025,7.4,7.46,7.3,7.42,592200
31/07/2025,7.46,7.46,7.26,7.3,1989800
01/08/2025,7.3,7.48,7.16,7.3,724800
