Date,Open,High,Low,Close,Volume
04/01/2010,4.55,4.65,4.55,4.6,2802800
05/01/2010,4.55,4.7,4.55,4.65,1965900
06/01/2010,4.7,4.9,4.7,4.8,3856500
07/01/2010,4.9,5.05,4.85,4.95,22382600
08/01/2010,5,5.1,5,5,37595100
11/01/2010,5,5.15,5,5.1,20471900
12/01/2010,5,5.2,5,5.2,52153000
13/01/2010,5.15,5.65,5.1,5.65,31640600
14/01/2010,5.65,5.9,5.5,5.7,34234300
15/01/2010,5.6,5.7,5.45,5.6,27798800
18/01/2010,5.5,6.1,5.5,6.1,88012700
19/01/2010,6,6.05,5.55,5.8,14774100
20/01/2010,5.95,5.95,5.5,5.55,9270600
21/01/2010,5.55,5.6,5.35,5.5,21946000
22/01/2010,5.4,5.5,5.35,5.4,9563200
25/01/2010,5.45,5.7,5.45,5.55,13145600
26/01/2010,5.5,5.6,5.5,5.5,12217600
27/01/2010,5.55,5.7,5.45,5.55,9237500
28/01/2010,5.5,5.55,5.35,5.4,10749000
29/01/2010,5.4,5.45,5.1,5.2,6447700
01/02/2010,5.25,5.35,5.05,5.05,9305000
02/02/2010,5.05,5.1,5,5,2873900
03/02/2010,5.05,5.5,4.9,5.5,41541300
04/02/2010,5.4,5.85,5.35,5.85,32318300
05/02/2010,5.7,5.75,5.55,5.7,9438300
08/02/2010,5.6,5.6,5.3,5.5,7270900
09/02/2010,5.5,5.55,5.3,5.55,4621900
10/02/2010,5.5,5.55,5.35,5.45,4983800
11/02/2010,5.35,5.5,5.35,5.35,2590600
12/02/2010,5.35,5.4,5.35,5.35,3129000
15/02/2010,5.35,5.4,5.35,5.4,4802600
16/02/2010,5.4,5.4,5.15,5.3,7149600
17/02/2010,5.2,5.3,5.15,5.3,7966200
18/02/2010,5.3,5.4,5.25,5.35,4673000
19/02/2010,5.35,5.4,5.3,5.35,9550300
22/02/2010,5.35,5.45,5.35,5.35,4669700
23/02/2010,5.35,5.4,5.3,5.3,2278200
24/02/2010,5.35,5.45,5.3,5.3,7657900
25/02/2010,5.35,5.5,5.3,5.5,27200600
26/02/2010,5.35,5.45,5.35,5.45,17827300
01/03/2010,5.4,5.45,5.25,5.4,9327800
02/03/2010,5.4,5.45,5.35,5.4,10131400
03/03/2010,5.4,5.45,5.35,5.4,9291900
04/03/2010,5.4,5.5,5.35,5.45,6371900
05/03/2010,5.4,5.45,5.35,5.45,4816300
08/03/2010,5.4,5.45,5.4,5.4,18276900
09/03/2010,5.4,5.5,5.4,5.45,16307800
10/03/2010,5.45,5.5,5.4,5.45,8590000
11/03/2010,5.45,5.5,5.45,5.5,7645700
12/03/2010,5.45,5.55,5.45,5.55,4499100
15/03/2010,5.45,5.5,5.4,5.45,12459400
16/03/2010,5.45,5.5,5.45,5.45,9597200
17/03/2010,5.45,5.5,5.35,5.4,39122700
18/03/2010,5.4,5.45,5.3,5.35,10971800
19/03/2010,5.4,5.45,5.3,5.35,49191200
22/03/2010,5.3,5.45,5.2,5.25,38248900
23/03/2010,5.35,5.6,5.3,5.55,12062400
24/03/2010,5.5,5.6,5.5,5.5,12525700
25/03/2010,5.5,5.55,5.5,5.5,4383800
26/03/2010,5.5,5.6,5.5,5.6,19140300
29/03/2010,5.5,5.6,5.5,5.5,13937300
30/03/2010,5.5,5.6,5.5,5.5,8291700
31/03/2010,5.55,5.6,5.5,5.5,52668600
01/04/2010,5.55,5.6,5.4,5.55,6981000
06/04/2010,5.5,5.6,5.5,5.55,14056700
07/04/2010,5.55,5.6,5.55,5.55,11342000
08/04/2010,5.55,5.6,5.5,5.5,6085900
09/04/2010,5.5,5.6,5.5,5.55,6405700
12/04/2010,5.55,5.65,5.55,5.6,12289500
13/04/2010,5.6,5.7,5.5,5.65,15660500
14/04/2010,5.65,5.85,5.65,5.8,14060400
15/04/2010,5.8,5.95,5.8,5.85,9700300
16/04/2010,5.8,5.9,5.65,5.75,19698900
19/04/2010,5.75,5.8,5.5,5.7,10258900
20/04/2010,5.7,5.85,5.7,5.8,5971600
21/04/2010,5.8,5.85,5.75,5.8,5878400
22/04/2010,5.8,5.9,5.5,5.85,5606200
23/04/2010,5.8,5.9,5.8,5.8,4531000
26/04/2010,5.8,5.9,5.8,5.8,9338200
27/04/2010,5.8,5.9,5.8,5.8,11586800
28/04/2010,5.8,5.9,5.8,5.8,7231300
29/04/2010,5.8,5.9,5.8,5.85,4454300
30/04/2010,5.8,5.9,5.8,5.9,4285500
03/05/2010,5.85,5.9,5.8,5.85,6674900
04/05/2010,5.85,5.9,5.8,5.8,9472400
05/05/2010,5.85,6,5.8,6,35654900
06/05/2010,5.95,6.05,5.95,5.95,42927800
07/05/2010,5.95,6,5.9,5.95,41050200
10/05/2010,5.9,6,5.6,5.7,8515600
11/05/2010,5.75,5.8,5.6,5.65,4998600
12/05/2010,5.6,5.7,5.55,5.65,11655600
13/05/2010,5.65,5.8,5.6,5.7,75204100
14/05/2010,5.7,5.8,5.6,5.75,72928500
17/05/2010,5.7,5.7,5.45,5.7,47206500
18/05/2010,5.55,5.7,5.5,5.6,6953000
19/05/2010,5.55,5.6,5.55,5.6,27303600
20/05/2010,5.55,5.6,5.5,5.55,15530100
21/05/2010,5.55,5.65,5.55,5.55,29757600
24/05/2010,5.55,5.6,5.5,5.5,18545900
25/05/2010,5.55,5.6,5.35,5.4,36565400
26/05/2010,5.5,5.7,5.3,5.3,150964700
27/05/2010,5.35,5.9,5.1,5.3,83670900
28/05/2010,5.3,5.65,5.3,5.55,10858900
31/05/2010,5.55,5.6,5.4,5.6,2068100
02/06/2010,5.55,5.65,5.2,5.65,9675700
03/06/2010,5.55,5.65,5.5,5.6,4525600
04/06/2010,5.6,5.65,5.5,5.6,5847300
07/06/2010,5.6,5.6,5.5,5.6,3669100
08/06/2010,5.55,5.6,5.5,5.55,17997900
09/06/2010,5.55,5.55,5.5,5.55,4291500
10/06/2010,5.5,5.6,5.45,5.55,9288100
11/06/2010,5.5,5.65,5.5,5.6,5214500
14/06/2010,5.55,5.65,5.5,5.55,3735000
15/06/2010,5.55,5.7,5.5,5.7,7988400
16/06/2010,5.65,5.9,5.65,5.8,11860800
17/06/2010,5.8,5.9,5.7,5.8,8088100
18/06/2010,5.8,5.85,5.3,5.7,6569300
21/06/2010,5.75,5.8,5.65,5.7,3538500
22/06/2010,5.7,5.8,5.7,5.75,7989100
23/06/2010,5.7,5.8,5.45,5.75,10901600
24/06/2010,5.8,5.9,5.7,5.8,13677200
25/06/2010,5.8,5.9,5.75,5.8,9269500
28/06/2010,5.7,5.85,5.6,5.75,5875900
29/06/2010,5.8,5.85,5.7,5.8,9973700
30/06/2010,5.8,5.9,5.75,5.85,10238900
01/07/2010,5.8,5.9,5.8,5.85,3972500
02/07/2010,5.8,5.85,5.75,5.8,8525400
05/07/2010,5.8,5.85,5.7,5.8,6556500
06/07/2010,5.8,5.95,5.7,5.8,8741700
07/07/2010,5.75,5.8,5.6,5.75,3931700
08/07/2010,5.75,5.85,5.6,5.85,12145300
09/07/2010,5.8,5.85,5.8,5.8,5213300
12/07/2010,5.8,5.9,5.8,5.85,5861100
13/07/2010,5.8,5.9,5.8,5.85,8706700
14/07/2010,5.85,5.95,5.85,5.95,15378900
15/07/2010,5.95,5.95,5.9,5.95,5891400
16/07/2010,5.95,5.95,5.9,5.9,5305400
19/07/2010,5.9,5.9,5.8,5.85,7195500
20/07/2010,5.85,5.9,5.5,5.7,7366200
21/07/2010,5.8,5.9,5.5,5.7,4307000
22/07/2010,5.7,5.8,5.6,5.7,3954600
23/07/2010,5.7,5.75,5.6,5.65,3004400
26/07/2010,5.7,5.7,5.55,5.6,4345500
27/07/2010,5.6,5.7,5.6,5.6,9978800
28/07/2010,5.65,5.75,5.65,5.75,4335400
29/07/2010,5.7,5.9,5.7,5.85,7271600
30/07/2010,5.85,5.95,5.8,5.95,9094300
02/08/2010,5.9,6,5.9,6,10986900
03/08/2010,6,6.15,5.9,6.15,33087100
05/08/2010,5.95,6.05,5.95,5.95,10089600
06/08/2010,5.95,6,5.9,5.95,6395200
09/08/2010,5.9,6,5.8,5.9,5714000
10/08/2010,5.95,6,5.9,5.9,8793200
11/08/2010,5.95,5.95,5.75,5.8,15459200
12/08/2010,5.8,5.8,5.55,5.55,8569300
13/08/2010,5.6,5.75,5.55,5.65,6859400
16/08/2010,5.6,5.85,5.6,5.75,4100900
17/08/2010,5.7,5.85,5.7,5.75,3748000
18/08/2010,5.75,5.85,5.75,5.75,11324300
19/08/2010,5.75,5.8,5.65,5.65,36310700
20/08/2010,5.65,5.7,5.2,5.35,21685300
23/08/2010,5.2,5.45,5.05,5.35,35179100
24/08/2010,5.2,5.4,5.2,5.3,20727900
25/08/2010,5.3,5.35,4.85,5,23955500
26/08/2010,5,5,4.7,4.8,1875300
30/08/2010,4.9,4.95,4.8,4.9,8886600
31/08/2010,4.85,4.9,4.85,4.9,9893000
01/09/2010,4.85,4.9,4.8,4.85,4482500
02/09/2010,4.85,4.9,4.8,4.85,6686300
03/09/2010,4.8,4.8,4.5,4.7,12591300
06/09/2010,4.65,4.8,4.65,4.75,4198300
07/09/2010,4.75,4.85,4.75,4.85,4789500
08/09/2010,4.85,5,4.8,4.9,19439700
09/09/2010,4.9,5,4.8,4.8,1914800
10/09/2010,4.85,4.9,4.65,4.85,6500500
13/09/2010,4.8,4.8,4.55,4.7,5165900
14/09/2010,4.7,4.85,4.7,4.8,25782700
15/09/2010,4.75,4.8,4.65,4.7,4381600
16/09/2010,4.7,4.75,4.65,4.65,5163300
17/09/2010,4.7,4.7,4.55,4.65,18051900
20/09/2010,4.65,4.75,4.55,4.55,3667500
21/09/2010,4.6,4.65,4.5,4.55,15296800
22/09/2010,4.6,4.6,4.5,4.55,16093500
23/09/2010,4.6,4.6,4.5,4.5,3699200
24/09/2010,4.5,4.55,4.4,4.45,6900900
27/09/2010,4.45,4.45,4.05,4.3,2915500
28/09/2010,4.3,4.45,4.3,4.4,12412700
29/09/2010,4.35,4.45,4.35,4.4,12797000
30/09/2010,4.4,4.5,4.4,4.4,6613100
01/10/2010,4.45,4.5,4.4,4.45,33792100
04/10/2010,4.45,4.6,4.45,4.6,10070000
05/10/2010,4.6,4.7,4.55,4.6,1936100
06/10/2010,4.65,4.9,4.65,4.9,9507100
07/10/2010,4.85,4.95,4.75,4.75,13611800
08/10/2010,4.8,4.95,4.8,4.9,19305500
11/10/2010,4.85,4.95,4.85,4.9,6073600
12/10/2010,4.85,4.9,4.85,4.85,5841500
13/10/2010,4.85,4.9,4.85,4.9,8426100
14/10/2010,4.85,4.95,4.85,4.95,6398200
15/10/2010,4.9,5,4.9,4.9,17848700
18/10/2010,4.9,4.95,4.9,4.9,4011600
19/10/2010,4.9,5,4.9,4.9,17559700
21/10/2010,4.9,4.95,4.9,4.9,4778000
22/10/2010,4.9,4.95,4.9,4.95,4314100
25/10/2010,4.9,4.95,4.9,4.9,4067300
26/10/2010,4.9,5,4.9,5,13918600
27/10/2010,4.9,4.95,4.9,4.9,14231100
28/10/2010,4.95,4.95,4.85,4.85,9201800
29/10/2010,4.9,4.95,4.85,4.85,5077300
01/11/2010,4.9,4.95,4.85,4.85,11696800
02/11/2010,4.9,4.95,4.8,4.8,9276400
03/11/2010,4.9,4.9,4.7,4.8,12382200
04/11/2010,4.75,4.8,4.7,4.75,4971400
05/11/2010,4.7,4.75,4.65,4.7,6812200
08/11/2010,4.7,4.75,4.7,4.75,6249200
09/11/2010,4.7,4.8,4.6,4.7,63059000
10/11/2010,4.75,4.8,4.5,4.8,5031700
11/11/2010,4.75,4.8,4.7,4.75,5518700
12/11/2010,4.75,4.8,4.75,4.75,8730500
15/11/2010,4.75,4.8,4.6,4.65,6740700
16/11/2010,4.65,4.65,4.5,4.6,8796400
17/11/2010,4.55,4.6,4.3,4.6,9423200
18/11/2010,4.5,4.55,4.5,4.5,9862800
19/11/2010,4.5,4.6,4.5,4.5,16634100
22/11/2010,4.5,4.6,4.5,4.55,15621200
23/11/2010,4.5,4.6,4.5,4.55,9180200
24/11/2010,4.5,4.65,4.5,4.6,6121000
25/11/2010,4.55,4.6,4.5,4.5,16793800
26/11/2010,4.55,4.65,4.5,4.55,9926200
29/11/2010,4.55,4.6,4.5,4.55,9102400
30/11/2010,4.55,4.6,4.5,4.55,2660000
01/12/2010,4.55,4.6,4.5,4.55,6325900
02/12/2010,4.5,4.6,4.5,4.6,13455000
03/12/2010,4.55,4.6,4.5,4.55,3006700
06/12/2010,4.55,4.6,4.5,4.55,13033900
07/12/2010,4.5,4.65,4.5,4.6,19499100
08/12/2010,4.55,4.65,4.5,4.6,19206700
09/12/2010,4.55,4.75,4.55,4.7,11168700
10/12/2010,4.6,4.75,4.6,4.75,8116000
14/12/2010,4.7,4.75,4.7,4.7,7094200
15/12/2010,4.7,4.75,4.7,4.7,16277200
16/12/2010,4.7,4.75,4.7,4.7,9615200
17/12/2010,4.7,4.75,4.7,4.7,3660900
20/12/2010,4.7,4.75,4.6,4.65,23416000
21/12/2010,4.65,4.7,4.6,4.6,2402400
22/12/2010,4.6,4.7,4.6,4.6,3227700
23/12/2010,4.6,4.75,4.6,4.75,9041500
24/12/2010,4.7,4.8,4.7,4.75,1563900
27/12/2010,4.7,4.75,4.6,4.65,1620600
28/12/2010,4.7,4.8,4.7,4.75,5250100
29/12/2010,4.7,4.75,4.7,4.7,4323400
30/12/2010,4.7,4.8,4.65,4.7,1712400
31/12/2010,4.7,4.75,4.6,4.7,2755100
03/01/2011,4.7,4.75,4.65,4.7,1210600
04/01/2011,4.7,4.75,4.65,4.65,28444400
05/01/2011,4.7,4.75,4.6,4.7,19488800
06/01/2011,4.7,4.75,4.65,4.75,19345900
07/01/2011,4.7,4.85,4.7,4.75,47076200
10/01/2011,4.75,4.8,4.75,4.75,33459700
11/01/2011,4.75,4.8,4.75,4.75,6868800
12/01/2011,4.75,4.8,4.7,4.75,79312500
13/01/2011,4.75,4.85,4.75,4.8,45926600
14/01/2011,4.8,4.8,4.6,4.6,25881200
17/01/2011,4.7,4.7,4.4,4.4,23567700
18/01/2011,4.5,4.5,4.2,4.25,13352700
19/01/2011,4.25,4.4,4.25,4.3,35996800
20/01/2011,4.3,4.4,4.3,4.35,17671700
21/01/2011,4.35,4.45,4.35,4.4,15191300
24/01/2011,4.4,4.45,4.4,4.4,19769400
25/01/2011,4.4,4.45,4.4,4.4,2999600
26/01/2011,4.4,4.6,4.4,4.6,12570700
27/01/2011,4.5,4.7,4.5,4.6,9759900
28/01/2011,4.5,4.6,4.5,4.6,8146800
31/01/2011,4.5,4.6,4.4,4.4,4920700
01/02/2011,4.5,4.5,4.4,4.4,10329300
02/02/2011,4.4,4.45,4.4,4.4,12807100
03/02/2011,4.4,4.45,4.4,4.4,6627000
04/02/2011,4.4,4.45,4.4,4.45,6281500
07/02/2011,4.4,4.45,4.35,4.4,7210500
08/02/2011,4.4,4.45,4.35,4.35,7684500
09/02/2011,4.4,4.45,4.35,4.4,2996000
10/02/2011,4.4,4.45,4.35,4.4,3087600
11/02/2011,4.35,4.4,4.35,4.35,1402300
14/02/2011,4.35,4.4,4.35,4.35,5489500
15/02/2011,4.35,4.4,4.35,4.4,3593000
16/02/2011,4.35,4.4,4.35,4.35,4860600
17/02/2011,4.35,4.4,4.3,4.35,8608300
18/02/2011,4.35,4.4,4.3,4.3,9397700
21/02/2011,4.3,4.35,4.3,4.3,5363500
22/02/2011,4.3,4.35,4.2,4.2,13070500
23/02/2011,4.2,4.25,4.15,4.15,2388800
24/02/2011,4.15,4.25,4.15,4.15,13258900
25/02/2011,4.2,4.2,4,4.1,12451600
28/02/2011,4.1,4.2,3.9,4,14928100
01/03/2011,4,4,3.6,3.75,894800
02/03/2011,4.05,4.05,3.7,3.75,16424300
03/03/2011,3.8,3.95,3.8,3.9,11005600
04/03/2011,3.9,4,3.85,3.9,19892800
07/03/2011,3.9,3.95,3.8,3.85,6957700
08/03/2011,3.85,3.9,3.85,3.9,4186200
09/03/2011,3.85,3.9,3.8,3.8,1253900
10/03/2011,3.8,3.85,3.6,3.7,9143000
11/03/2011,3.8,3.85,3.6,3.85,6395100
14/03/2011,3.85,4,3.85,4,19140400
15/03/2011,4,4.2,4,4.2,19737600
16/03/2011,4.15,4.25,4.15,4.2,8722200
17/03/2011,4.15,4.2,3.9,4.2,6873100
18/03/2011,4.05,4.15,3.95,4,11129000
21/03/2011,4.1,4.1,3.9,4,2316000
22/03/2011,4,4,3.8,3.95,1266300
23/03/2011,3.95,4,3.85,3.95,1365700
24/03/2011,4,4,3.9,4,3795600
25/03/2011,4,4,3.95,4,38082400
28/03/2011,3.95,4.05,3.95,3.95,8987600
29/03/2011,3.95,4,3.9,3.9,19091900
30/03/2011,3.95,3.95,3.8,3.8,21929700
31/03/2011,3.85,3.9,3.8,3.85,3564700
01/04/2011,3.85,3.95,3.8,3.9,18997800
04/04/2011,3.9,4.15,3.9,4.1,23345100
05/04/2011,4.05,4.15,4.05,4.1,34724400
06/04/2011,4.1,4.1,4.05,4.05,1623500
07/04/2011,4,4.2,4,4.15,21461100
08/04/2011,4.15,4.25,4.1,4.25,19612700
11/04/2011,4.15,4.25,4.1,4.15,26843700
12/04/2011,4.2,4.2,4,4.05,28524300
13/04/2011,4,4.15,4,4.1,18837900
14/04/2011,4.1,4.25,4.05,4.2,8627300
15/04/2011,4.15,4.25,4.15,4.2,11133400
18/04/2011,4.15,4.2,4.1,4.15,3411700
19/04/2011,4.1,4.2,4.05,4.05,25681300
20/04/2011,4.1,4.15,4,4,711600
21/04/2011,4.05,4.15,3.95,4,9603700
26/04/2011,4,4.05,3.85,4,11144700
27/04/2011,4,4,3.9,3.9,3020700
28/04/2011,3.95,4,3.85,3.9,1550700
29/04/2011,3.9,4.05,3.9,4,11925700
03/05/2011,3.95,4.1,3.95,3.95,9130700
04/05/2011,4,4.05,3.95,3.95,22026200
05/05/2011,3.95,4.05,3.95,3.95,11620800
06/05/2011,4,4,3.95,4,1626700
09/05/2011,3.95,4,3.85,3.95,2572000
10/05/2011,3.9,4,3.85,3.9,3757500
11/05/2011,3.95,4,3.85,3.9,5886300
12/05/2011,3.85,3.9,3.85,3.85,18293600
13/05/2011,3.85,4,3.85,3.95,13163300
16/05/2011,4,4.05,3.9,3.95,13706700
17/05/2011,4,4.05,3.9,3.95,6992300
18/05/2011,4,4,3.9,3.95,502000
19/05/2011,3.9,4,3.9,3.9,1393500
20/05/2011,3.95,3.95,3.9,3.9,983500
23/05/2011,3.9,3.95,3.85,3.95,2312800
24/05/2011,3.9,3.95,3.85,3.9,24819300
25/05/2011,3.9,3.95,3.85,3.85,10909500
26/05/2011,3.9,3.95,3.85,3.85,3727800
27/05/2011,3.85,3.9,3.85,3.85,10153100
30/05/2011,3.9,3.95,3.85,3.85,3314500
31/05/2011,3.85,3.9,3.85,3.9,2393000
02/06/2011,3.85,4,3.85,3.95,4222800
03/06/2011,3.95,4,3.9,3.9,12035700
06/06/2011,3.9,3.95,3.85,3.85,1065100
07/06/2011,3.85,3.95,3.85,3.9,2075900
08/06/2011,3.9,3.95,3.9,3.9,4253200
09/06/2011,3.9,4,3.9,3.95,10314600
10/06/2011,3.95,4,3.95,3.95,4213600
13/06/2011,3.95,4,3.9,3.95,6068800
14/06/2011,3.95,4,3.95,4,36839200
15/06/2011,3.95,4,3.9,4,14323800
16/06/2011,3.95,3.95,3.9,3.95,5062300
17/06/2011,3.95,4,3.9,3.95,5063500
20/06/2011,3.9,4,3.9,3.95,6033700
21/06/2011,3.95,4,3.95,3.95,5335100
22/06/2011,3.95,4,3.85,3.95,1651200
23/06/2011,3.9,4,3.9,4,1951500
24/06/2011,3.9,4,3.9,3.95,1500000
27/06/2011,3.95,4,3.9,3.9,1088500
28/06/2011,3.95,4,3.9,3.95,6169500
29/06/2011,3.95,4,3.85,3.95,16883900
30/06/2011,3.9,4,3.9,4,8696400
01/07/2011,3.95,3.95,3.9,3.9,569100
04/07/2011,3.95,3.95,3.85,3.95,15362400
05/07/2011,3.95,3.95,3.85,3.9,5200900
06/07/2011,3.9,3.95,3.85,3.9,1016800
07/07/2011,3.95,4,3.85,3.95,25780800
11/07/2011,3.85,3.95,3.8,3.85,1429200
12/07/2011,3.9,3.9,3.5,3.9,1695300
13/07/2011,3.5,3.85,3.5,3.5,980200
14/07/2011,3.5,3.5,3.45,3.5,6364800
15/07/2011,3.7,3.75,3.5,3.7,40484700
18/07/2011,3.75,3.75,3.55,3.75,17545600
19/07/2011,3.55,3.75,3.5,3.55,737200
20/07/2011,3.5,3.6,3.5,3.5,952900
21/07/2011,3.55,3.7,3.5,3.55,30264000
22/07/2011,3.7,3.75,3.55,3.7,22728200
25/07/2011,3.7,3.75,3.6,3.7,10125400
26/07/2011,3.65,3.7,3.6,3.65,7565000
27/07/2011,3.65,3.75,3.55,3.65,2795100
28/07/2011,3.6,3.7,3.55,3.55,1522200
29/07/2011,3.55,3.65,3.55,3.55,1846100
01/08/2011,3.6,3.6,3.5,3.6,985500
02/08/2011,3.7,3.7,3.55,3.7,12043600
03/08/2011,3.7,3.75,3.65,3.7,57379200
04/08/2011,3.7,3.75,3.65,3.7,46406800
05/08/2011,3.5,3.7,3.5,3.5,5446600
08/08/2011,3.3,3.6,3.3,3.3,11479500
09/08/2011,3.25,3.45,3.2,3.25,1020800
10/08/2011,3.3,3.4,3.15,3.3,10486300
11/08/2011,3.3,3.4,3.3,3.3,6074000
12/08/2011,3.35,3.4,3.35,3.4,1122400
15/08/2011,3.35,3.4,3.3,3.35,21130100
16/08/2011,3.35,3.4,3.35,3.35,33834700
17/08/2011,3.4,3.4,3.3,3.4,17309500
18/08/2011,3.3,3.35,3.25,3.3,18109000
19/08/2011,3.25,3.3,3.2,3.25,7876000
22/08/2011,3.2,3.3,3.1,3.2,740000
23/08/2011,3.15,3.2,3.05,3.15,41011000
24/08/2011,3.1,3.15,3.1,3.1,1702400
25/08/2011,3.1,3.15,3.05,3.1,2673600
26/08/2011,3,3.1,3,3,2437500
29/08/2011,3,3.1,3,3,34662500
30/08/2011,3.05,3.05,3,3.05,4052300
01/09/2011,2.95,3.05,2.95,2.95,23604300
02/09/2011,2.95,3,2.95,2.95,38342600
05/09/2011,2.95,3,2.95,2.95,779000
06/09/2011,3,3.1,2.9,3,121854900
07/09/2011,3.15,3.2,3,3.15,23327200
08/09/2011,3.1,3.25,3,3.1,1071800
09/09/2011,3.05,3.1,2.95,3.05,40746800
12/09/2011,3,3.15,3,3,1796900
13/09/2011,3.15,3.2,3,3.15,36322200
14/09/2011,3.15,3.2,3.05,3.15,15173700
15/09/2011,3.1,3.2,3.1,3.1,6909500
16/09/2011,3.15,3.2,3.1,3.2,6580100
19/09/2011,3.2,3.25,3.15,3.2,7236300
20/09/2011,3.2,3.25,3.15,3.2,3569700
21/09/2011,3.25,3.3,3.2,3.25,8237700
22/09/2011,3.25,3.3,3.2,3.25,5612000
23/09/2011,3.25,3.3,3.2,3.25,1009200
26/09/2011,3.15,3.3,3.15,3.15,6966700
27/09/2011,3.1,3.2,3.1,3.1,11628000
28/09/2011,3,3.2,3,3,5436000
29/09/2011,3.1,3.15,3,3.1,15725300
30/09/2011,2.95,3.15,2.95,2.95,7197300
03/10/2011,3,3.05,2.95,3,2979400
04/10/2011,3.05,3.1,3,3.05,29513700
05/10/2011,3.05,3.05,2.95,3.05,7142800
06/10/2011,3.1,3.1,3,3.1,2774600
07/10/2011,3.1,3.1,3.05,3.1,284900
10/10/2011,3.1,3.1,3.05,3.1,2861000
11/10/2011,3.1,3.2,3.1,3.1,3684600
12/10/2011,3.05,3.2,3.05,3.05,3222300
13/10/2011,3.05,3.1,3.05,3.05,2124100
14/10/2011,3.1,3.1,3.05,3.1,2671200
17/10/2011,3.1,3.1,3.05,3.1,291100
18/10/2011,3.1,3.15,3.05,3.1,1604200
19/10/2011,3.05,3.15,3.05,3.05,70761300
21/10/2011,3.05,3.1,3,3,80017400
24/10/2011,3.05,3.1,3,3.05,29037700
25/10/2011,3.05,3.1,3,3.05,26787800
26/10/2011,3.05,3.1,3,3.05,2110400
27/10/2011,3,3.1,3,3,63831900
28/10/2011,3.05,3.05,2.95,3.05,34596700
31/10/2011,3,3.05,3,3,30034100
01/11/2011,3,3.05,2.95,2.95,22713300
02/11/2011,3,3.05,2.9,2.9,8484500
03/11/2011,2.95,3.05,2.95,3.05,41904500
04/11/2011,3,3.05,2.95,3,3612500
07/11/2011,3,3.05,2.95,3,24590600
09/11/2011,3,3.05,2.95,3,2878900
10/11/2011,2.9,3,2.7,3,8978500
11/11/2011,2.95,2.95,2.9,2.95,24776200
14/11/2011,2.95,3,2.9,2.95,7665600
15/11/2011,2.9,2.95,2.9,2.9,32915200
16/11/2011,2.9,2.95,2.85,2.9,667700
17/11/2011,2.95,3,2.9,2.9,16857800
18/11/2011,2.95,2.95,2.8,2.8,1156600
21/11/2011,2.95,2.95,2.8,2.9,1066400
22/11/2011,2.9,3,2.9,2.9,1359500
23/11/2011,2.8,2.95,2.8,2.8,4174400
24/11/2011,2.9,2.95,2.85,2.9,7568700
25/11/2011,2.85,2.9,2.8,2.85,179300
28/11/2011,2.8,2.85,2.8,2.8,590800
29/11/2011,2.8,2.85,2.75,2.8,3049300
30/11/2011,2.8,2.9,2.8,2.8,27427500
01/12/2011,2.8,2.9,2.8,2.8,638800
02/12/2011,2.85,2.9,2.8,2.85,34963800
05/12/2011,2.8,2.9,2.8,2.8,9259400
06/12/2011,2.85,2.9,2.75,2.85,7389100
07/12/2011,2.8,2.85,2.75,2.8,29811700
08/12/2011,2.8,2.85,2.7,2.8,3236600
09/12/2011,2.8,2.8,2.75,2.8,392200
13/12/2011,2.75,2.85,2.75,2.8,8175200
14/12/2011,2.85,3,2.75,2.8,13721100
15/12/2011,2.85,2.85,2.75,2.85,12715700
16/12/2011,2.8,2.9,2.75,2.85,10363500
19/12/2011,2.9,2.9,2.8,2.9,1856900
20/12/2011,2.9,2.9,2.8,2.9,4063300
21/12/2011,3,3.05,2.85,3,7510600
22/12/2011,3,3.05,2.95,3,9172000
23/12/2011,3.05,3.05,3,3.05,1811600
27/12/2011,3,3.1,2.95,3,163500
28/12/2011,3.1,3.1,2.95,3.1,1167500
29/12/2011,3,3.1,2.95,3,4382100
30/12/2011,3,3.05,2.9,3,1591100
03/01/2012,3,3,2.9,2.95,7406300
04/01/2012,3,3,2.95,2.95,2316700
05/01/2012,2.95,3,2.95,3,8205500
06/01/2012,3,3.1,2.95,3.1,5116600
09/01/2012,3.05,3.15,3,3.1,1202800
10/01/2012,3.05,3.2,3.05,3.15,6564000
11/01/2012,3.15,3.2,3.05,3.15,5121700
12/01/2012,3.1,3.25,3.1,3.2,13351800
13/01/2012,3.2,3.25,3.15,3.2,29205700
16/01/2012,3.2,3.25,3.1,3.2,932400
17/01/2012,3.2,3.3,3.2,3.3,3815600
18/01/2012,3.25,3.35,3.2,3.35,4963900
19/01/2012,3.3,3.35,3.25,3.35,2103500
20/01/2012,3.25,3.4,3.25,3.3,27906000
23/01/2012,3.3,3.35,3.25,3.25,19609800
24/01/2012,3.25,3.3,3.2,3.25,24739100
25/01/2012,3.25,3.3,3.1,3.25,419100
26/01/2012,3.1,3.25,3.1,3.25,5857200
27/01/2012,3.1,3.35,3.1,3.3,25610400
30/01/2012,3.3,3.35,3.2,3.25,936200
31/01/2012,3.25,3.25,3.15,3.2,5668400
01/02/2012,3.2,3.3,3.15,3.25,4164400
02/02/2012,3.25,3.25,3.2,3.2,1852400
03/02/2012,3.2,3.3,3.2,3.2,797600
06/02/2012,3.2,3.25,3.15,3.2,25065100
07/02/2012,3.2,3.25,3.15,3.2,1468600
08/02/2012,3.2,3.3,3.2,3.2,37092500
09/02/2012,3.2,3.3,3.2,3.3,36768100
10/02/2012,3.2,3.25,3.2,3.2,644400
13/02/2012,3.2,3.25,3.2,3.25,7392900
14/02/2012,3.2,3.3,3.2,3.3,3814000
15/02/2012,3.25,3.35,3.2,3.3,37118100
16/02/2012,3.3,3.4,3.3,3.3,20916000
17/02/2012,3.3,3.35,3.25,3.3,7234900
20/02/2012,3.25,3.3,3.2,3.25,2971400
21/02/2012,3.3,3.3,3.15,3.2,439200
22/02/2012,3.15,3.25,3.15,3.2,9818800
23/02/2012,3.2,3.2,3.15,3.2,5708200
24/02/2012,3.2,3.2,3.05,3.2,401700
27/02/2012,3.05,3.1,2.95,3.05,4705400
28/02/2012,3,3.15,3,3.1,774000
29/02/2012,3.05,3.15,3,3.1,5238600
01/03/2012,3.1,3.15,3.1,3.15,4173300
02/03/2012,3,3.15,3,3.15,875600
05/03/2012,3.1,3.35,3.1,3.35,4329400
06/03/2012,3.35,3.45,3.2,3.35,860800
07/03/2012,3.3,3.4,3.25,3.35,8586100
08/03/2012,3.3,3.35,3.1,3.3,3407900
09/03/2012,3.25,3.25,3.1,3.15,326900
12/03/2012,3.15,3.25,3.1,3.15,3021400
13/03/2012,3.1,3.2,3.1,3.1,2007900
14/03/2012,3.1,3.15,3.1,3.1,11588100
15/03/2012,3.1,3.15,3.1,3.1,1172400
16/03/2012,3.1,3.15,3.1,3.1,3870600
19/03/2012,3.1,3.2,3.1,3.15,548600
20/03/2012,3.1,3.15,3.1,3.1,517200
21/03/2012,3.1,3.2,3.1,3.15,801000
22/03/2012,3.1,3.3,3.1,3.2,10201500
23/03/2012,3.2,3.3,3.15,3.15,6022400
26/03/2012,3.15,3.25,3.15,3.25,2718800
27/03/2012,3.25,3.3,3.2,3.2,5467800
28/03/2012,3.2,3.25,3.2,3.2,9168400
29/03/2012,3.25,3.25,3.2,3.2,1052300
30/03/2012,3.2,3.25,3.2,3.2,28312400
02/04/2012,3.2,3.2,3.05,3.15,12749900
03/04/2012,3.15,3.2,3.15,3.15,2498900
04/04/2012,3.2,3.3,3.2,3.3,33397300
05/04/2012,3.25,3.3,3.2,3.25,2655400
10/04/2012,3.2,3.25,3.15,3.15,60823500
11/04/2012,3.15,3.2,3.05,3.15,1682300
12/04/2012,3.15,3.2,3.1,3.15,748100
13/04/2012,3.15,3.25,3.15,3.2,14346300
16/04/2012,3.15,3.25,3.1,3.2,3256800
17/04/2012,3.15,3.25,3.1,3.2,9214400
18/04/2012,3.2,3.4,3.2,3.3,34224200
19/04/2012,3.25,3.4,3.25,3.3,5912200
20/04/2012,3.3,3.4,3.2,3.35,5120000
23/04/2012,3.3,3.45,3.2,3.4,19070100
25/04/2012,3.4,3.5,3.3,3.4,12241400
26/04/2012,3.3,3.4,3.25,3.3,8834700
27/04/2012,3.4,3.4,3.15,3.3,3602800
30/04/2012,3.3,3.4,3.3,3.35,1109500
02/05/2012,3.35,3.4,3.3,3.35,2249500
03/05/2012,3.35,3.45,3.35,3.4,24196800
04/05/2012,3.35,3.5,3.3,3.45,11543400
07/05/2012,3.5,3.5,3.45,3.5,11019000
08/05/2012,3.45,3.5,3.15,3.4,2017900
09/05/2012,3.35,3.45,3.3,3.4,5503800
10/05/2012,3.4,3.5,3.35,3.45,14064500
11/05/2012,3.4,3.5,3.35,3.4,4042400
14/05/2012,3.4,3.55,3.4,3.5,1325000
15/05/2012,3.45,3.6,3.4,3.5,13314300
16/05/2012,3.5,3.6,3.45,3.55,12223300
17/05/2012,3.5,3.6,3.5,3.55,1120700
18/05/2012,3.5,3.6,3.5,3.55,1505000
21/05/2012,3.55,3.65,3.5,3.5,6431900
22/05/2012,3.5,3.55,3.45,3.5,10211500
23/05/2012,3.5,3.5,3.3,3.4,13434900
24/05/2012,3.4,3.4,3.2,3.2,1207100
25/05/2012,3.2,3.3,3.2,3.25,41665600
28/05/2012,3.25,3.3,3.2,3.25,927000
29/05/2012,3.25,3.3,3.25,3.3,2879700
30/05/2012,3.25,3.35,3.25,3.3,11463500
31/05/2012,3.3,3.3,3.2,3.25,63018800
04/06/2012,3.25,3.35,3.25,3.35,12825400
05/06/2012,3.25,3.4,3.25,3.4,2960000
06/06/2012,3.3,3.45,3.3,3.35,8461900
07/06/2012,3.35,3.45,3.3,3.4,3899600
08/06/2012,3.35,3.5,3.3,3.5,9318600
11/06/2012,3.4,3.45,3.35,3.45,3244100
12/06/2012,3.4,3.5,3.4,3.45,6086900
13/06/2012,3.45,3.45,3.35,3.45,7292800
14/06/2012,3.45,3.45,3.35,3.4,31814900
15/06/2012,3.4,3.5,3.4,3.5,7573500
18/06/2012,3.4,3.45,3.4,3.45,1822800
19/06/2012,3.4,3.5,3.4,3.45,17700500
20/06/2012,3.45,3.55,3.45,3.5,6221700
21/06/2012,3.5,3.55,3.5,3.5,3428500
22/06/2012,3.5,3.55,3.5,3.5,6430300
25/06/2012,3.5,3.55,3.5,3.55,4822100
26/06/2012,3.5,3.55,3.45,3.5,14212600
27/06/2012,3.5,3.5,3.4,3.45,14947900
28/06/2012,3.4,3.45,3.35,3.35,3041100
29/06/2012,3.4,3.55,3.4,3.5,4164300
02/07/2012,3.5,3.65,3.5,3.65,7459400
03/07/2012,3.6,3.7,3.6,3.6,12155800
04/07/2012,3.6,3.7,3.5,3.55,945900
05/07/2012,3.5,3.6,3.45,3.6,1497600
06/07/2012,3.55,3.6,3.55,3.6,910300
09/07/2012,3.55,3.6,3.55,3.55,1246000
10/07/2012,3.55,3.6,3.55,3.55,6926100
11/07/2012,3.55,3.6,3.55,3.55,6162100
12/07/2012,3.55,3.65,3.55,3.6,6848000
13/07/2012,3.6,3.65,3.55,3.65,1491300
16/07/2012,3.6,3.7,3.55,3.65,9176600
17/07/2012,3.6,3.75,3.6,3.7,2047300
18/07/2012,3.65,3.8,3.65,3.8,2802800
19/07/2012,3.8,3.9,3.75,3.85,16535300
20/07/2012,3.85,3.95,3.85,3.9,2553700
23/07/2012,3.85,4,3.85,3.9,1622000
24/07/2012,3.85,3.95,3.85,3.9,1453700
25/07/2012,3.9,4,3.9,3.95,27708500
26/07/2012,3.9,4,3.9,3.9,21476700
27/07/2012,3.95,3.95,3.8,3.85,14643900
30/07/2012,3.9,3.9,3.7,3.8,11909700
31/07/2012,3.8,3.9,3.8,3.8,2061700
01/08/2012,3.8,3.85,3.8,3.85,1498800
02/08/2012,3.8,3.95,3.8,3.95,5910500
03/08/2012,3.9,3.95,3.9,3.95,19477600
06/08/2012,3.85,3.95,3.8,3.85,1271300
07/08/2012,3.9,3.95,3.85,3.85,3607600
08/08/2012,3.85,3.9,3.8,3.85,2406700
09/08/2012,3.85,3.95,3.8,3.8,36747500
10/08/2012,3.8,3.9,3.7,3.8,10923700
13/08/2012,3.8,3.9,3.7,3.75,1025600
14/08/2012,3.75,3.85,3.7,3.8,426100
15/08/2012,3.8,3.85,3.7,3.8,1302400
16/08/2012,3.75,3.85,3.75,3.85,791600
17/08/2012,3.75,3.9,3.75,3.8,1264500
21/08/2012,3.75,3.85,3.75,3.8,571500
22/08/2012,3.75,3.95,3.75,3.9,2932000
23/08/2012,3.9,3.95,3.9,3.9,2493000
24/08/2012,3.9,3.95,3.9,3.9,440400
27/08/2012,3.9,3.95,3.85,3.85,1004000
28/08/2012,3.9,3.95,3.7,3.9,8102700
29/08/2012,3.9,3.9,3.7,3.85,611700
30/08/2012,3.8,3.9,3.75,3.85,774300
31/08/2012,3.8,3.9,3.75,3.85,4498100
03/09/2012,3.85,3.95,3.85,3.85,791700
04/09/2012,3.85,4,3.85,3.95,12046100
05/09/2012,3.95,4.1,3.95,4,3397800
06/09/2012,4,4.05,3.95,4,1648900
07/09/2012,4,4.05,4,4.05,1114500
10/09/2012,4,4.2,4,4.2,2045300
11/09/2012,4.15,4.3,4.15,4.3,13651800
12/09/2012,4.25,4.3,4.2,4.2,28035900
13/09/2012,4.25,4.25,4,4.1,30440600
14/09/2012,3.9,4.1,3.65,4.05,5597400
17/09/2012,4.05,4.1,4,4.05,8498500
18/09/2012,4,4.05,4,4,10468400
19/09/2012,4,4.1,4,4,5746500
20/09/2012,4,4.05,4,4,3764500
21/09/2012,4,4.05,4,4,1075300
24/09/2012,4,4.05,4,4,1220000
25/09/2012,4,4.05,4,4,11885400
26/09/2012,4,4.05,4,4,5831100
27/09/2012,4.05,4.1,4,4.05,7483900
28/09/2012,4.05,4.1,4.05,4.1,9566400
01/10/2012,4.05,4.1,4.05,4.1,3048400
02/10/2012,4.1,4.15,4.05,4.1,10394000
03/10/2012,4.05,4.1,3.9,4.05,9185800
04/10/2012,4.05,4.05,4,4,1647900
05/10/2012,4,4.1,4,4.05,7615400
08/10/2012,4.05,4.05,4,4,582900
09/10/2012,4,4.1,4,4,2680500
10/10/2012,4.05,4.15,4.05,4.1,11681300
11/10/2012,4.05,4.15,4.05,4.15,7937900
12/10/2012,4.05,4.15,4.05,4.1,1781300
15/10/2012,4.1,4.15,4.1,4.1,1300300
16/10/2012,4.1,4.15,4.1,4.1,2998800
17/10/2012,4.1,4.15,4.1,4.15,4693800
18/10/2012,4.1,4.2,4.1,4.2,8493800
19/10/2012,4.15,4.25,4.15,4.2,803000
22/10/2012,4.2,4.5,4.2,4.25,1889600
23/10/2012,4.25,4.3,4.25,4.25,474000
24/10/2012,4.25,4.4,4.25,4.3,1868400
25/10/2012,4.3,4.45,4.3,4.4,4334800
26/10/2012,4.4,4.5,4.4,4.5,1440700
29/10/2012,4.4,4.5,4.4,4.4,831400
30/10/2012,4.4,4.45,4.4,4.4,9073100
31/10/2012,4.4,4.45,4.4,4.4,1496200
01/11/2012,4.4,4.4,4.25,4.35,14613800
02/11/2012,4.4,4.4,4.25,4.3,2913000
05/11/2012,4.3,4.4,4.25,4.4,1527800
06/11/2012,4.25,4.45,4.25,4.45,1414000
07/11/2012,4.35,4.45,4.35,4.45,39136000
08/11/2012,4.45,4.55,4.45,4.5,2485400
09/11/2012,4.55,4.95,4.55,4.95,7975900
12/11/2012,4.8,4.85,4.8,4.8,21652300
13/11/2012,4.8,4.8,4.55,4.6,7261300
14/11/2012,4.6,4.65,4.5,4.55,12286800
15/11/2012,4.55,4.75,4.5,4.7,18075200
16/11/2012,4.65,4.8,4.65,4.65,31151400
19/11/2012,4.65,4.7,4.55,4.6,27026000
20/11/2012,4.6,4.85,4.6,4.7,33650500
21/11/2012,4.75,5,4.75,4.95,14326100
22/11/2012,4.75,5.05,4.7,5,13195500
23/11/2012,4.85,5.05,4.85,5,85732300
26/11/2012,5,5.3,5,5.25,33836800
27/11/2012,5.1,5.1,4.85,5,76767600
28/11/2012,5,5,4.85,4.9,11737600
29/11/2012,4.85,4.95,4.6,4.95,22668100
30/11/2012,4.85,5.05,4.7,5,21115600
03/12/2012,4.9,5.1,4.9,5,17557100
04/12/2012,5,5.1,5,5,40436200
05/12/2012,5,5.1,5,5,10120500
06/12/2012,5,5.05,5,5,18366400
07/12/2012,5,5.1,5,5.1,25396700
10/12/2012,5.05,5.1,5,5.05,9538800
11/12/2012,5,5.1,5,5.05,54086600
13/12/2012,5,5.1,5,5.1,38414800
14/12/2012,5,5.1,5,5.1,5060900
17/12/2012,5.05,5.1,5,5.05,6405900
18/12/2012,5.05,5.1,5,5.05,15773700
19/12/2012,5.05,5.1,5,5,13165100
20/12/2012,5.05,5.1,5.05,5.1,13610000
21/12/2012,5.05,5.1,5.05,5.1,8068700
24/12/2012,5.05,5.1,5.05,5.05,12446800
27/12/2012,5.1,5.15,5.05,5.1,7625400
28/12/2012,5.05,5.15,5.05,5.15,595300
31/12/2012,5.05,5.1,5,5,1764300
02/01/2013,5,5.15,5,5.15,3320600
03/01/2013,5.1,5.25,5.1,5.2,7252500
04/01/2013,5.15,5.35,5.15,5.35,4125900
07/01/2013,5.3,5.45,5.2,5.45,4098600
08/01/2013,5.4,5.85,5.4,5.85,10998900
09/01/2013,5.65,6,5.5,5.5,13692600
10/01/2013,5.6,5.8,5.55,5.65,6690200
11/01/2013,5.6,5.7,5.6,5.6,4441400
14/01/2013,5.6,5.7,5.6,5.65,10957000
15/01/2013,5.6,5.8,5.55,5.8,11688300
16/01/2013,5.65,5.85,5.65,5.8,9132300
17/01/2013,5.75,5.8,5.7,5.8,15912500
18/01/2013,5.75,5.8,5.75,5.75,13298800
21/01/2013,5.75,5.8,5.5,5.7,44024200
22/01/2013,5.7,5.75,5.55,5.6,11704000
23/01/2013,5.7,5.75,5.5,5.5,15443800
24/01/2013,5.55,5.7,5.5,5.65,10709600
25/01/2013,5.6,5.65,5.35,5.5,8849900
28/01/2013,5.55,5.6,5.25,5.25,25313400
29/01/2013,5.25,5.4,5.2,5.2,10536800
30/01/2013,5.3,5.5,5.25,5.35,18410500
31/01/2013,5.3,5.5,5.3,5.45,3669500
01/02/2013,5.45,5.55,5.4,5.55,110832700
04/02/2013,5.4,5.55,5.35,5.45,2871900
05/02/2013,5.5,5.6,5.35,5.4,28078100
06/02/2013,5.4,5.5,5.4,5.4,3453300
07/02/2013,5.4,5.5,5.4,5.45,36267900
08/02/2013,5.5,5.6,5.5,5.6,18076700
11/02/2013,5.55,5.7,5.55,5.7,9357400
12/02/2013,5.65,5.75,5.65,5.7,25566000
13/02/2013,5.55,5.75,5.55,5.55,20902300
14/02/2013,5.55,5.65,5.55,5.6,4861200
15/02/2013,5.6,5.65,5.55,5.55,1749600
18/02/2013,5.75,5.75,5.55,5.6,14742700
19/02/2013,5.6,5.7,5.6,5.65,7959400
20/02/2013,5.65,5.8,5.65,5.75,62303400
21/02/2013,5.7,5.75,5.65,5.65,15094500
22/02/2013,5.7,5.75,5.65,5.65,8582300
25/02/2013,5.65,5.7,5.65,5.65,1233300
26/02/2013,5.65,5.75,5.65,5.7,3609300
27/02/2013,5.7,5.8,5.7,5.8,8033700
28/02/2013,5.75,5.8,5.75,5.75,4401300
01/03/2013,5.75,5.9,5.75,5.8,6744300
05/03/2013,5.85,6,5.85,5.95,13263300
06/03/2013,5.95,6,5.9,5.9,24044200
07/03/2013,5.85,6,5.8,6,23025600
08/03/2013,5.9,6.1,5.9,6,2754800
11/03/2013,6,6.5,6,6.25,10036900
12/03/2013,6.3,6.35,6.15,6.3,24593400
13/03/2013,6.3,6.35,6.25,6.3,11529800
14/03/2013,6.3,6.4,6.25,6.25,28085600
15/03/2013,6.3,6.35,5.9,5.95,3011000
18/03/2013,5.8,6.1,5.8,5.95,18572900
19/03/2013,5.95,6,5.9,5.95,6547600
20/03/2013,6,6,5.85,5.9,10668300
21/03/2013,6,6,5.8,5.8,2946800
22/03/2013,5.85,5.9,5.8,5.8,3059700
25/03/2013,5.85,5.95,5.75,5.8,17116300
26/03/2013,5.8,5.85,5.6,5.8,1713500
27/03/2013,5.8,6,5.8,5.9,9062600
28/03/2013,5.95,6.2,5.95,6.2,6930800
02/04/2013,6.25,6.5,6,6.3,54838600
03/04/2013,6.2,6.25,6.05,6.2,2484300
04/04/2013,6.2,6.4,6.15,6.35,11263400
05/04/2013,6.25,6.4,6.25,6.3,8918200
08/04/2013,6.3,6.4,6.3,6.35,2149600
10/04/2013,6.4,6.6,6.35,6.55,30856700
11/04/2013,6.5,6.6,6.5,6.55,9590300
12/04/2013,6.55,6.55,6.3,6.35,11991200
15/04/2013,6.5,6.5,6.35,6.45,5659000
16/04/2013,6.35,6.5,6.3,6.45,13530200
17/04/2013,6.45,6.6,6.45,6.55,35563100
18/04/2013,6.55,6.65,6.55,6.55,34860500
19/04/2013,6.55,6.65,6.55,6.6,15999800
22/04/2013,6.6,6.65,6.55,6.6,15178100
23/04/2013,6.6,6.7,6.6,6.65,13175600
24/04/2013,6.65,6.7,6.6,6.65,14366000
25/04/2013,6.65,6.7,6.6,6.6,6617000
26/04/2013,6.6,6.7,6.6,6.7,8185200
29/04/2013,6.65,6.75,6.65,6.75,4580400
30/04/2013,6.75,6.95,6.7,6.9,11280000
02/05/2013,6.9,7.1,6.85,7,22634500
03/05/2013,7,7.2,7,7.05,30743900
06/05/2013,7.05,7.15,7.05,7.1,32800900
07/05/2013,7.1,7.2,7.1,7.15,21732600
08/05/2013,7.15,7.4,7.15,7.2,29998500
09/05/2013,7.25,7.25,7.1,7.1,30263100
10/05/2013,7.1,7.15,6.8,6.85,2125900
13/05/2013,6.85,7,6.8,7,4881400
14/05/2013,6.95,7.2,6.95,7.1,10310100
15/05/2013,7.2,7.55,7.15,7.2,60050800
16/05/2013,7.3,7.3,7.2,7.2,8847200
17/05/2013,7.25,7.25,7.1,7.15,6265100
20/05/2013,7.1,7.15,7,7,1833500
21/05/2013,7,7.2,7,7.15,14333600
22/05/2013,7.1,7.2,7.05,7.1,23904800
23/05/2013,7.1,7.1,7,7,10233900
24/05/2013,7,7.1,6.9,7,5192600
27/05/2013,7,7.05,6.65,7,4150600
28/05/2013,7,7.15,7,7.1,5789000
29/05/2013,7.05,7.25,7.05,7.15,9113400
30/05/2013,7.15,7.3,7.15,7.25,17700000
31/05/2013,7.25,7.3,7.2,7.25,33111600
03/06/2013,7.2,7.25,7.15,7.2,34153300
04/06/2013,7.2,7.2,7.05,7.05,70200100
05/06/2013,7.05,7.2,7.05,7.15,72389500
06/06/2013,7.1,7.25,7.1,7.2,8186500
07/06/2013,7.2,7.25,7.2,7.2,4136800
10/06/2013,7.2,7.35,7.2,7.3,5526600
11/06/2013,7.25,7.45,7.25,7.35,16513600
12/06/2013,7.35,7.45,7.3,7.35,7464100
13/06/2013,7.35,7.4,7.2,7.2,26270100
14/06/2013,7.2,7.2,6.6,6.95,12910000
17/06/2013,7,7,6.5,6.8,24969900
18/06/2013,6.8,7,6.8,6.9,2245300
19/06/2013,6.9,7,6.9,6.95,58646200
20/06/2013,6.95,6.95,6.7,6.8,55244500
21/06/2013,6.8,6.85,6.7,6.8,19157800
24/06/2013,6.75,6.75,6.65,6.7,2140500
25/06/2013,6.7,6.8,6.65,6.8,16332200
26/06/2013,6.65,6.75,6.6,6.6,3010800
27/06/2013,6.65,6.65,6.45,6.45,28678600
28/06/2013,6.5,6.65,6.45,6.6,3531900
01/07/2013,6.5,6.6,6.35,6.4,8276300
02/07/2013,6.4,6.5,6.15,6.4,26428700
03/07/2013,6.4,6.5,6.25,6.5,23658600
04/07/2013,6.4,6.6,6.3,6.6,7167600
05/07/2013,6.45,6.85,6.45,6.8,14025200
08/07/2013,6.55,6.8,6.55,6.7,33748600
09/07/2013,6.7,6.75,6.6,6.7,7487100
10/07/2013,6.7,6.85,6.65,6.8,20353400
11/07/2013,6.75,7,6.75,6.95,1566900
12/07/2013,6.9,7.15,6.9,7.1,37894500
15/07/2013,7.1,7.5,7.1,7.4,13519500
16/07/2013,7.3,7.5,7.3,7.5,7010600
17/07/2013,7.55,7.55,7.2,7.4,38638900
18/07/2013,7.3,7.45,7.2,7.2,15681700
19/07/2013,7.35,7.35,7.2,7.25,4642900
22/07/2013,7.25,7.3,7,7,6956800
23/07/2013,7,7.1,7,7,21684300
24/07/2013,7,7.2,7,7.1,5058800
25/07/2013,7.05,7.2,7.05,7.1,12045400
26/07/2013,7.1,7.3,7.05,7.3,1336400
29/07/2013,7.15,7.3,7.15,7.25,10206100
30/07/2013,7.15,7.35,7.15,7.35,12127500
31/07/2013,7.3,7.35,7.2,7.2,13754500
01/08/2013,7.2,7.3,7.2,7.2,8039200
02/08/2013,7.3,7.35,7.25,7.25,9789000
05/08/2013,7.15,7.35,7.1,7.3,11565200
06/08/2013,7.3,7.35,7.3,7.35,1813700
07/08/2013,7.3,7.5,7.3,7.45,4234600
08/08/2013,7.4,8,7.4,8,13817300
12/08/2013,7.7,8,7.5,7.6,9460300
13/08/2013,7.7,7.75,7.65,7.7,3467600
14/08/2013,7.65,7.85,7.65,7.75,21897500
15/08/2013,7.75,8,7.7,7.95,16757700
16/08/2013,7.9,8.15,7.9,8.05,23901900
19/08/2013,8.05,8.25,8,8.2,22200600
20/08/2013,8.15,8.25,8.15,8.25,9694100
21/08/2013,8.2,8.2,8,8.05,11974700
22/08/2013,8,8.05,7.85,7.9,5167200
23/08/2013,7.9,7.95,7.85,7.9,3248800
26/08/2013,7.95,8,7.9,7.95,17776900
27/08/2013,7.9,7.95,7.65,7.7,9072900
28/08/2013,7.75,7.75,7.45,7.5,28182000
29/08/2013,7.45,7.8,7.45,7.75,113855500
30/08/2013,7.7,7.8,7.6,7.7,14218600
02/09/2013,7.7,7.8,7.6,7.8,1303400
03/09/2013,7.7,7.85,7.7,7.75,2801000
04/09/2013,7.75,7.85,7.7,7.8,12535100
05/09/2013,7.75,7.9,7.75,7.8,4949900
06/09/2013,7.8,7.9,7.75,7.8,36501600
09/09/2013,7.85,8.25,7.8,8.25,11180800
10/09/2013,8.1,8.15,8.05,8.1,7021400
11/09/2013,8.1,8.15,8.05,8.1,15396700
12/09/2013,8.05,8.15,8.05,8.05,14291500
13/09/2013,7.95,8.1,7.8,8.05,13662100
16/09/2013,8.05,8.15,8.05,8.1,13316300
17/09/2013,8.1,8.25,8.1,8.2,21742500
18/09/2013,8.2,8.3,8.2,8.2,7846100
19/09/2013,8.2,8.5,8.2,8.4,6370100
20/09/2013,8.35,8.7,8.35,8.4,16935100
23/09/2013,8.5,8.5,8.2,8.3,9325300
24/09/2013,8.2,8.35,8.2,8.35,31587500
25/09/2013,8.3,8.45,8.3,8.4,29896700
26/09/2013,8.35,8.5,8.3,8.35,8202100
27/09/2013,8.35,8.4,8.25,8.25,7266800
30/09/2013,8.25,8.7,8.25,8.7,7222700
02/10/2013,8.55,8.95,8.55,8.75,14190800
03/10/2013,8.7,9,8.7,8.9,16366000
04/10/2013,8.9,8.95,8.9,8.95,15068000
07/10/2013,8.9,9.25,8.9,9.15,28539600
08/10/2013,9.2,9.5,9.2,9.25,28031700
09/10/2013,9.3,9.4,9.1,9.15,25058600
10/10/2013,9.15,9.15,8.8,9,39745300
11/10/2013,9,9.1,8.95,9,62118500
14/10/2013,9,9.25,9,9.15,26199600
15/10/2013,9.1,9.2,9.1,9.15,25164800
16/10/2013,9.2,9.25,9.1,9.15,15945400
17/10/2013,9.15,9.2,9.05,9.1,4018200
18/10/2013,9.1,9.15,9.05,9.05,21021100
22/10/2013,9.15,9.15,8.85,9,3797400
23/10/2013,8.5,9.1,8.2,9.05,45102200
24/10/2013,9.05,9.1,8.8,9,36331700
25/10/2013,9,9.05,8.9,9,10873700
28/10/2013,9,9.1,8.95,9,2188200
30/10/2013,9.05,9.4,9.05,9.3,18021100
31/10/2013,9.25,9.7,9.25,9.55,15883600
01/11/2013,9.5,9.7,9.5,9.55,3385100
04/11/2013,9.55,9.9,9.5,9.75,15069100
05/11/2013,9.7,9.8,9.3,9.35,16228500
06/11/2013,9.7,10.2,9.45,9.5,42027500
07/11/2013,9.45,9.95,9.45,9.9,23779100
08/11/2013,9.85,9.95,9.6,9.6,13603000
11/11/2013,9.65,9.9,9.5,9.8,7118600
12/11/2013,9.85,9.9,9.75,9.8,9921600
13/11/2013,9.8,10,9.75,10,5726800
14/11/2013,9.8,9.95,9.8,9.9,16212800
15/11/2013,9.9,9.95,9.8,9.9,8734200
18/11/2013,9.85,10,9.85,9.9,6523800
19/11/2013,9.85,10.1,9.85,10,8028500
20/11/2013,10,10.3,9.95,10.25,6695300
21/11/2013,10.2,10.75,10.2,10.7,22969200
22/11/2013,10.6,10.9,10.6,10.8,33610800
25/11/2013,10.8,11.05,10.8,11,13825900
26/11/2013,11,11.1,10.95,11,53436600
27/11/2013,11,11.2,10.95,11.1,9019600
28/11/2013,11.05,11.1,10.9,11,9098700
29/11/2013,10.9,10.95,10.6,10.75,2616000
02/12/2013,10.55,11,10.55,11,2933000
03/12/2013,10.95,11,10.75,10.75,9111800
04/12/2013,10.75,10.85,10.55,10.55,12502700
05/12/2013,10.65,10.7,10,10.4,24091700
06/12/2013,10.4,10.5,10.2,10.3,16082000
09/12/2013,10.3,10.4,10.25,10.25,12760900
10/12/2013,10.25,10.35,10.1,10.2,23965300
11/12/2013,10.2,10.2,9.9,9.9,26984800
16/12/2013,9.9,10.1,9.6,9.8,15646100
17/12/2013,9.8,10,9.7,9.9,22464500
18/12/2013,9.9,10,9.85,9.95,15350300
19/12/2013,10,10.1,9.95,10.05,16590300
20/12/2013,10,10.15,10,10.1,8710700
23/12/2013,10.15,10.5,10.1,10.5,2638900
24/12/2013,10.4,11,10.4,10.8,2988400
27/12/2013,10.55,10.9,10.55,10.8,7547100
30/12/2013,10.65,11,10.6,10.95,11065200
31/12/2013,10.9,10.95,10.8,10.9,2461000
02/01/2014,10.8,10.9,10.6,10.75,3505300
03/01/2014,10.75,10.95,10.75,10.9,2712300
06/01/2014,10.95,11.15,10.8,11.05,9518700
07/01/2014,11,11.15,11,11.1,5567900
08/01/2014,11.1,11.65,11.1,11.6,6687700
09/01/2014,11.6,11.95,11.55,11.75,24759300
10/01/2014,11.8,11.95,11.45,11.65,33430100
13/01/2014,11.6,11.75,11.35,11.7,19464800
14/01/2014,11.7,11.75,11.45,11.45,5696200
15/01/2014,11.7,11.75,11.35,11.75,8768600
16/01/2014,11.7,11.75,11.4,11.55,9563700
17/01/2014,11.55,11.6,11.5,11.55,1929300
20/01/2014,11.5,11.8,11.4,11.8,7604500
21/01/2014,11.7,12,11.65,12,11310200
22/01/2014,11.75,12.1,11.75,12,10583500
23/01/2014,12,12.2,11.95,12.1,9787700
24/01/2014,12.2,12.8,12.2,12.5,16036000
27/01/2014,12.45,12.6,12.25,12.3,43172300
28/01/2014,12.3,12.4,12,12.05,10102900
29/01/2014,12.05,12.05,11.75,11.85,14127300
30/01/2014,11.8,11.8,11.4,11.45,16648600
31/01/2014,11.45,11.45,10.6,11,12358600
03/02/2014,11,11.4,11,11.35,15522400
04/02/2014,11.35,11.5,11.3,11.5,6645500
05/02/2014,11.3,11.85,11.3,11.5,2274400
06/02/2014,11.5,12.05,11.5,11.75,28879200
07/02/2014,11.95,12,11.75,11.85,8470400
10/02/2014,11.8,11.85,11.55,11.8,12189800
11/02/2014,11.85,11.85,11.7,11.75,14579100
12/02/2014,11.75,11.95,11.75,11.75,5417600
13/02/2014,11.8,11.8,11.65,11.8,15770600
14/02/2014,11.8,12,11.7,11.75,2456600
17/02/2014,11.8,11.85,11.5,11.6,9360200
18/02/2014,11.65,11.65,11.45,11.6,6678900
19/02/2014,11.6,11.6,11.35,11.5,10003200
20/02/2014,11.4,11.5,11.3,11.4,15919500
21/02/2014,11.4,11.5,11.35,11.4,11717000
24/02/2014,11.35,11.5,11.35,11.5,9234400
25/02/2014,11.4,11.75,11.4,11.75,10625600
26/02/2014,11.65,11.75,11.55,11.7,6333900
27/02/2014,11.7,11.8,11.55,11.75,5137800
28/02/2014,11.75,11.8,11.65,11.65,19983300
03/03/2014,11.75,11.75,11.65,11.7,2948800
04/03/2014,11.7,11.8,11.7,11.8,5002800
05/03/2014,11.7,11.8,11.65,11.7,16394100
06/03/2014,11.7,11.9,11.7,11.7,27446000
07/03/2014,11.7,11.85,11.7,11.8,11849400
10/03/2014,11.75,11.9,11.75,11.8,7072200
11/03/2014,11.75,11.9,11.75,11.8,5713100
12/03/2014,11.8,12.1,11.75,12.05,3238500
13/03/2014,12,12.6,12,12.4,12734700
14/03/2014,12.25,12.35,12,12.1,2588100
17/03/2014,12.05,12.3,12,12.25,6354500
18/03/2014,12.15,12.3,12.1,12.2,11639300
19/03/2014,12.2,12.5,12.2,12.35,3057400
20/03/2014,12.35,12.6,12.3,12.45,27550400
21/03/2014,12.45,12.65,12.4,12.55,28834000
24/03/2014,12.6,12.7,12.1,12.2,8573900
25/03/2014,12.3,12.6,12.15,12.5,3438300
26/03/2014,12.5,12.6,12.3,12.4,15823300
27/03/2014,12.35,12.4,12.1,12.3,3502000
28/03/2014,12.3,12.35,12.25,12.3,15324500
31/03/2014,12.35,12.4,12.3,12.4,12780900
01/04/2014,12.35,12.5,12.35,12.5,2477700
02/04/2014,12.4,12.5,12.35,12.4,3466800
03/04/2014,12.5,12.6,12.4,12.4,15731200
04/04/2014,12.4,12.5,12.35,12.45,2400000
07/04/2014,12.45,12.6,12.35,12.4,18909000
08/04/2014,12.4,12.45,12.3,12.3,13670300
09/04/2014,12.3,12.5,12.3,12.5,4050300
10/04/2014,12.4,13,12.4,13,7223000
11/04/2014,13,13,12.6,12.8,123202200
14/04/2014,12.75,13,12.7,12.95,22422500
15/04/2014,12.9,13.3,12.8,13.2,12531300
16/04/2014,13.15,13.4,13.1,13.1,11279300
17/04/2014,13.1,13.3,13.1,13.3,3060400
22/04/2014,13.2,13.3,13.1,13.1,11643500
23/04/2014,13.1,13.1,12.9,13.05,14446200
24/04/2014,13,13.3,13,13.05,8281500
25/04/2014,13.15,13.2,13,13,28500300
28/04/2014,13.05,13.1,13,13,4088800
29/04/2014,13.05,13.2,13,13.15,3296700
30/04/2014,13.1,13.2,13.1,13.1,69200000
02/05/2014,13.1,13.2,13.05,13.05,6018500
05/05/2014,13.05,13.1,12.85,12.9,13778900
06/05/2014,13,13,12.7,12.85,28683400
07/05/2014,12.8,13,12.75,12.85,17359800
08/05/2014,12.9,13,12.75,12.9,27769900
09/05/2014,12.9,13.05,12.75,13.05,36351500
12/05/2014,12.8,13,12.8,12.9,4138900
13/05/2014,13,13.1,12.75,12.8,11946100
14/05/2014,12.9,12.9,12.1,12.6,12960100
15/05/2014,12.65,12.7,12.5,12.7,21422100
16/05/2014,12.7,13.2,12.65,13.15,57811000
19/05/2014,13,13.1,12.9,13,3512300
20/05/2014,13,13.1,12.95,13.05,12051700
21/05/2014,13,13.2,13,13.05,55250100
22/05/2014,13.05,13.1,12.85,12.85,6087000
23/05/2014,12.85,13.05,12.75,13,2740100
26/05/2014,12.95,13.05,12.95,13.05,2205600
27/05/2014,13,13.05,12.95,12.95,17520800
28/05/2014,12.95,13,12.9,13,23771200
29/05/2014,12.95,13.05,12.9,12.9,29625500
30/05/2014,13,13.1,12.9,12.9,16305600
03/06/2014,12.95,12.95,12.7,12.85,44054800
04/06/2014,12.8,12.9,12.8,12.85,19833200
05/06/2014,12.95,12.95,12.8,12.8,31256100
06/06/2014,12.8,12.95,12.8,12.8,1601800
09/06/2014,12.8,12.95,12.8,12.85,16148100
10/06/2014,12.8,12.9,12.8,12.85,19395500
11/06/2014,12.8,13.05,12.8,13,10997000
12/06/2014,12.9,13,12.85,12.85,15644600
13/06/2014,12.95,13,12.85,12.9,4039300
16/06/2014,12.9,12.95,12.8,12.9,1405300
17/06/2014,12.8,12.9,12.8,12.85,14527700
18/06/2014,12.85,12.9,12.7,12.7,44456300
19/06/2014,12.8,12.85,12.55,12.8,8809600
20/06/2014,12.8,12.9,12.75,12.8,16252000
23/06/2014,12.8,12.85,12.75,12.8,8832500
24/06/2014,12.8,12.8,12.5,12.6,19784600
25/06/2014,12.6,12.7,12,12,17582800
26/06/2014,12.2,12.5,12.2,12.4,24167500
27/06/2014,12.35,12.55,12.35,12.45,22856800
30/06/2014,12.5,12.6,12.45,12.5,6483900
01/07/2014,12.5,13,12.5,13,17983200
02/07/2014,12.7,13.05,12.55,12.55,17905600
03/07/2014,12.65,12.8,12.55,12.8,1593600
04/07/2014,12.65,12.8,12.65,12.75,1794200
07/07/2014,12.75,12.9,12.7,12.75,24368300
08/07/2014,12.75,12.95,12.7,12.75,67818500
09/07/2014,12.75,12.85,12.65,12.65,6323700
10/07/2014,12.75,12.75,12.5,12.5,10893200
11/07/2014,12.6,12.6,12.2,12.4,2342400
14/07/2014,12.45,12.5,12.3,12.4,11875900
15/07/2014,12.4,12.45,12.3,12.3,8040700
16/07/2014,12.3,12.35,12.1,12.15,12245800
17/07/2014,12.15,12.2,12,12.15,24871900
18/07/2014,12.05,12.25,12.05,12.1,15452000
21/07/2014,12.1,12.15,11.85,11.9,26140900
22/07/2014,11.9,12.05,11.75,12,19815700
23/07/2014,12,12.1,12,12,9104000
24/07/2014,12,12.1,12,12.05,4183900
25/07/2014,12,12.35,12,12.3,24481200
28/07/2014,12.3,12.3,11.9,11.9,4541300
30/07/2014,12,12.1,11.95,12.1,10487800
31/07/2014,12.05,12.4,12.05,12.35,5114900
01/08/2014,12.3,12.6,12.25,12.55,6180000
04/08/2014,12.6,12.7,12.45,12.65,4694800
05/08/2014,12.5,13,12.5,12.85,22651800
06/08/2014,12.6,13,12.6,12.85,11486500
07/08/2014,12.9,12.95,12.5,12.9,16411500
08/08/2014,12.7,12.9,12.55,12.85,5823200
11/08/2014,12.6,12.85,12.6,12.75,3686000
12/08/2014,12.6,12.95,12.6,12.75,4408800
13/08/2014,12.8,12.85,12.65,12.8,2964900
14/08/2014,12.75,12.9,12.65,12.9,7306400
15/08/2014,12.8,12.8,12.65,12.75,1016100
18/08/2014,12.7,12.85,12.7,12.7,26877600
19/08/2014,12.7,12.8,12.65,12.75,9185600
20/08/2014,12.75,12.9,12.75,12.85,7314300
21/08/2014,12.75,12.85,12.75,12.75,20898300
22/08/2014,12.75,12.8,12.7,12.75,30159100
25/08/2014,12.75,12.8,12.7,12.8,2583600
26/08/2014,12.75,12.8,12.75,12.75,1721300
27/08/2014,12.75,12.85,12.7,12.75,30994100
28/08/2014,12.75,12.85,12.7,12.75,1977000
29/08/2014,12.75,13.05,12.75,13.05,13574100
01/09/2014,13,13.3,12.95,13,2737900
02/09/2014,13,13.4,13,13.35,8675100
03/09/2014,13.2,13.5,13.2,13.4,12300800
04/09/2014,13.4,13.4,13.1,13.15,6146000
05/09/2014,13.1,13.35,13.1,13.3,1138700
08/09/2014,13.2,13.35,13.2,13.25,3959600
09/09/2014,13.3,13.3,13.2,13.2,10155500
10/09/2014,13.25,13.25,13,13.05,13203700
11/09/2014,13.05,13.15,12.85,12.85,10950400
12/09/2014,12.5,13,12.5,12.95,12283000
15/09/2014,12.9,13,12.85,12.95,16072100
16/09/2014,12.95,12.95,12.8,12.9,15424700
17/09/2014,12.8,12.8,12.15,12.5,30421600
18/09/2014,12.5,12.7,12.5,12.7,6207700
19/09/2014,12.6,12.7,12.5,12.55,30923400
22/09/2014,12.55,12.65,12.5,12.55,28534100
23/09/2014,12.6,12.65,12.5,12.5,9405900
24/09/2014,12.6,12.65,12.5,12.55,9583800
25/09/2014,12.55,12.65,12.55,12.65,5587300
26/09/2014,12.65,12.75,12.6,12.7,12569300
29/09/2014,12.75,13.05,12.65,12.75,7491200
30/09/2014,12.8,13,12.75,12.95,11736000
01/10/2014,12.95,13,12.8,13,4429800
02/10/2014,12.95,12.95,12.75,12.8,5934300
03/10/2014,12.8,12.85,12,12.85,4373600
06/10/2014,12.9,12.9,12.6,12.7,834100
07/10/2014,12.7,12.9,12.6,12.9,3247300
08/10/2014,12.8,13,12.7,13,2547100
09/10/2014,12.9,12.95,12.75,12.8,6911900
10/10/2014,12.8,12.85,12.75,12.75,6563100
13/10/2014,12.75,12.8,12.7,12.7,12040700
14/10/2014,12.7,12.75,12.65,12.7,6835100
15/10/2014,12.65,12.8,12.5,12.55,1780400
16/10/2014,12.55,12.6,12.5,12.5,5602600
17/10/2014,12.5,12.5,12,12.2,3332500
21/10/2014,12.2,12.5,11.85,12.5,13734200
22/10/2014,12.3,12.55,12.3,12.5,5354400
23/10/2014,12.5,12.6,12.5,12.5,10692200
24/10/2014,12.45,12.5,12.05,12.3,2787500
27/10/2014,12.3,12.5,12.15,12.15,4554200
28/10/2014,12.05,12.2,12.05,12.1,11884400
29/10/2014,12.1,12.3,12.1,12.3,8941800
30/10/2014,12.2,12.25,12.1,12.1,6568600
31/10/2014,12.1,12.3,12.1,12.2,6238900
03/11/2014,12.15,12.3,12.15,12.2,7189300
04/11/2014,12.2,12.25,12.15,12.2,4154700
05/11/2014,12.25,13,12.2,12.9,14616500
06/11/2014,12.2,13,12.2,13,25778000
07/11/2014,12.7,13.1,12.7,13,17538200
10/11/2014,12.9,13.05,12.45,13,9210800
11/11/2014,12.95,13.05,12.75,13,3307800
12/11/2014,13,13.55,12.8,13.5,24898900
13/11/2014,13.5,13.75,13,13.65,6785300
14/11/2014,13.3,13.85,13.3,13.75,6004600
17/11/2014,13.6,13.85,13.5,13.75,1223400
18/11/2014,13.75,13.85,13.6,13.8,4207300
19/11/2014,13.8,13.85,13.55,13.65,14859200
20/11/2014,13.55,13.7,13.55,13.65,110578200
21/11/2014,13.6,13.65,13.5,13.6,12535200
24/11/2014,13.5,13.65,13,13.6,1394900
25/11/2014,13.45,13.65,13.2,13.65,17656800
26/11/2014,13.6,13.95,13.3,13.9,12091900
27/11/2014,13.75,14,13.6,14,7151200
28/11/2014,13.95,13.95,13.7,13.85,12068000
01/12/2014,13.85,14,13.8,13.9,6083900
02/12/2014,13.8,14,13.8,13.95,8614400
03/12/2014,13.95,14.65,13.95,14.45,20752500
04/12/2014,14.2,14.7,14.1,14.65,4824700
05/12/2014,14.6,14.95,14.6,14.85,5340400
08/12/2014,14.75,15.15,14.7,15.1,36775700
09/12/2014,15.1,15.15,14.9,14.9,22233300
10/12/2014,15,15,14.3,14.35,9358200
11/12/2014,14.5,14.65,14,14.05,18895300
15/12/2014,14.05,14.5,13.75,13.95,13566800
16/12/2014,13.95,14.05,13.8,13.85,45892000
17/12/2014,13.9,13.95,13.3,13.5,32755500
18/12/2014,13.85,13.85,13.25,13.45,6316200
19/12/2014,13.4,13.7,13.3,13.35,24436700
22/12/2014,13.4,13.6,13.35,13.5,10428700
23/12/2014,13.45,14.05,13.45,13.85,6463300
24/12/2014,13.8,14.1,13.8,14,4558300
29/12/2014,14,14.2,14,14.15,19248300
30/12/2014,14.1,14.25,14,14.05,15521200
31/12/2014,14.05,14.15,14,14.1,7612400
02/01/2015,14.1,14.5,14.05,14.2,8652000
05/01/2015,14.15,14.3,14,14,2558100
06/01/2015,14,14.1,13.8,13.8,11810700
07/01/2015,14,14,13.8,13.85,5022200
08/01/2015,13.85,13.9,13.6,13.7,3746400
09/01/2015,13.7,13.85,13,13.8,2157000
12/01/2015,13.75,14.05,13.75,14,2374800
13/01/2015,14.05,15,14,14.75,1348900
14/01/2015,14.2,15,14.2,14.8,10804900
15/01/2015,14.8,14.85,14.5,14.5,9217600
16/01/2015,14.5,14.9,14.5,14.85,5718500
19/01/2015,14.8,14.85,14.35,14.35,1590100
20/01/2015,14.5,14.5,13.9,14.2,14468900
21/01/2015,14.3,14.85,14.1,14.2,7503300
22/01/2015,14.2,14.5,14.1,14.15,3670400
23/01/2015,14.15,14.3,14.1,14.1,14165800
26/01/2015,14.2,14.2,14,14,7050400
27/01/2015,14,14.2,14,14.15,5267800
28/01/2015,14.15,14.3,14.1,14.15,8606700
29/01/2015,14.15,14.2,14.1,14.1,7361000
30/01/2015,14.1,14.25,14.1,14.25,9095300
02/02/2015,14.1,14.3,14.1,14.25,14705700
03/02/2015,14.25,14.5,14.2,14.3,1891000
04/02/2015,14.3,14.75,14.3,14.6,2274900
05/02/2015,14.6,14.75,14.45,14.6,8383600
06/02/2015,14.6,14.7,14.45,14.65,5472400
09/02/2015,14.5,15,14.5,14.8,13757300
10/02/2015,14.9,14.95,14.5,14.8,11687700
11/02/2015,14.8,14.95,14.6,14.8,12590400
12/02/2015,14.85,14.9,14.5,14.85,10562500
13/02/2015,14.85,14.95,14.85,14.85,25002900
16/02/2015,14.8,14.95,14.8,14.8,1322200
17/02/2015,14.85,14.9,14.8,14.85,3230000
18/02/2015,14.85,15.1,14.85,15.05,6539400
19/02/2015,15,15.3,15,15.2,3817200
20/02/2015,15.15,15.5,15.15,15.5,5611700
23/02/2015,15.35,15.7,15.35,15.6,4374500
24/02/2015,15.55,15.95,15.55,15.8,6853100
25/02/2015,15.8,16,15.7,16,33856500
26/02/2015,16,16,15.6,15.75,5679200
27/02/2015,15.8,15.9,15.75,15.85,9108900
02/03/2015,15.9,16,15.25,15.25,5207700
03/03/2015,15.45,15.65,15.3,15.35,30442500
04/03/2015,15.4,16,15.35,16,22042700
05/03/2015,15.65,15.8,15.55,15.7,3837700
06/03/2015,15.7,15.95,15.6,15.65,5832300
09/03/2015,15.65,15.8,15.4,15.65,6603400
10/03/2015,15.55,15.85,15.55,15.75,8944700
11/03/2015,15.75,16,15.75,15.85,3247600
12/03/2015,15.8,16,15.8,16,9547400
13/03/2015,15.9,16,15.5,15.75,6917800
16/03/2015,15.75,15.8,15.6,15.7,11983900
17/03/2015,15.7,15.75,15,15.7,6764400
18/03/2015,15.65,15.9,15.65,15.8,6763200
19/03/2015,15.75,15.95,15.75,15.85,4483000
20/03/2015,15.85,15.95,15.8,15.85,5863900
23/03/2015,15.85,16,15.85,15.95,4795200
24/03/2015,15.95,16.1,15.95,16,6653100
25/03/2015,16,16.25,16,16.2,3172500
26/03/2015,16.1,17,16.1,16.55,20194200
27/03/2015,17.5,17.5,16.5,16.65,2836000
30/03/2015,16.9,16.95,16.5,16.75,5054200
31/03/2015,16.85,17.4,16.8,17.2,6060000
01/04/2015,17.2,17.4,16.8,17,23447000
02/04/2015,17,17.05,15.85,16,10225100
07/04/2015,16.6,16.6,15.75,15.9,25345600
08/04/2015,15.9,16.2,15.85,16.15,20213300
09/04/2015,16.2,16.5,16.15,16.3,16651200
10/04/2015,16.35,16.35,15.75,15.75,30226100
13/04/2015,16.1,16.35,15.9,16,1185800
14/04/2015,16.05,16.35,16,16.15,5472900
15/04/2015,16.1,16.5,16.05,16.35,2169800
16/04/2015,16.4,17,16.35,17,2938700
17/04/2015,16.75,17.5,16.65,17.25,13011700
20/04/2015,17.3,17.4,17,17.3,5345100
21/04/2015,17.3,17.4,17.05,17.05,5584800
22/04/2015,17.2,17.2,17,17.05,4110800
23/04/2015,17.05,17.4,17.05,17.25,8081200
24/04/2015,17.25,17.4,17.15,17.3,14060100
27/04/2015,17.3,17.3,17.05,17.15,2988200
28/04/2015,17.05,17.4,17,17.4,1663000
29/04/2015,17.4,17.5,17.2,17.3,25196600
30/04/2015,17.3,17.5,17.3,17.45,4947400
04/05/2015,17.4,17.5,17.35,17.5,6839700
05/05/2015,17.45,17.65,17.4,17.6,4538200
06/05/2015,17.5,17.9,17.5,17.55,11930200
07/05/2015,17.55,17.7,16.95,17.1,19809900
08/05/2015,17.55,17.55,16.95,16.95,29259400
11/05/2015,17.05,17.15,16.75,16.9,10926100
12/05/2015,16.9,16.9,16.25,16.3,17864000
13/05/2015,16.5,16.5,15.85,16.3,22160900
14/05/2015,16.3,16.45,16.2,16.3,4220100
15/05/2015,16.2,16.5,16.2,16.45,9936700
18/05/2015,16.4,16.7,16.35,16.7,7844400
19/05/2015,16.5,16.75,16.5,16.6,10562300
20/05/2015,16.6,16.7,16.35,16.5,10062000
21/05/2015,16.45,16.55,16.25,16.25,8668100
22/05/2015,16.3,16.3,16.1,16.15,11532600
25/05/2015,16.3,16.3,15.95,15.95,11043300
26/05/2015,15.95,16,15.5,15.5,8625000
27/05/2015,15.5,15.6,15,15.35,64507500
28/05/2015,15.2,15.7,15.2,15.65,12815300
29/05/2015,15.6,16.8,15.6,16.2,34340000
02/06/2015,15.85,16.9,15.85,16.6,2441700
03/06/2015,16.5,16.7,16.05,16.05,17786800
04/06/2015,16.45,16.7,16,16.3,11518000
05/06/2015,16.3,16.65,16.1,16.15,5050200
08/06/2015,16.35,16.35,15.9,16.15,11190800
09/06/2015,16.3,16.3,16,16.05,21378500
10/06/2015,16.05,16.1,16,16,7374200
11/06/2015,16,16.05,16,16.05,14351700
12/06/2015,16.05,16.25,16.05,16.05,3420100
15/06/2015,16.05,16.15,16.05,16.1,6983200
16/06/2015,16.1,16.25,16,16.1,11030900
17/06/2015,16.2,16.2,16,16.05,1957000
18/06/2015,16.05,16.1,16,16.1,24400400
19/06/2015,16.1,16.1,16.05,16.1,11686700
22/06/2015,16.1,16.7,15.9,15.9,10919200
23/06/2015,16,16.1,15.9,16.05,11199000
24/06/2015,16.05,16.2,16.05,16.05,4048200
25/06/2015,16.05,16.2,16,16.1,21433000
26/06/2015,16.1,16.2,16.05,16.15,3697900
29/06/2015,16.1,16.4,16.1,16.4,6019200
30/06/2015,16.35,16.6,16.3,16.5,8437700
01/07/2015,16.5,16.6,16.45,16.5,6564600
02/07/2015,16.5,16.55,16.3,16.35,2690700
03/07/2015,16.45,16.5,16.3,16.35,295100
06/07/2015,16.45,16.5,16.2,16.45,2588700
07/07/2015,16.35,16.9,16.2,16.6,2090700
08/07/2015,16.45,16.6,15.9,16,49670000
09/07/2015,16,16.2,15.8,15.95,48134700
13/07/2015,16,16.1,15.85,15.9,9203300
14/07/2015,15.9,16,15.1,15.7,16837500
15/07/2015,15.8,16.5,15.1,15.1,22824200
16/07/2015,15.75,15.75,15.2,15.25,10438300
17/07/2015,15.25,15.3,15.15,15.15,9699600
20/07/2015,15.1,15.45,15.1,15.3,17724700
21/07/2015,15.25,16,15.25,16,29230800
22/07/2015,15.75,15.75,15.3,15.5,4171100
23/07/2015,15.5,16,15.25,15.25,8501500
24/07/2015,15.5,15.5,15.15,15.3,17574300
27/07/2015,15.3,15.5,15.15,15.45,6622600
28/07/2015,15.4,15.5,15.3,15.3,6486200
29/07/2015,15.3,15.4,15.1,15.2,16519800
30/07/2015,15.25,15.25,14.9,14.95,796900
31/07/2015,15,15,14.05,14.4,15653100
03/08/2015,14.4,14.5,14.1,14.15,13957900
04/08/2015,14.15,14.2,14,14.1,85739100
05/08/2015,14.05,14.15,13.6,13.65,27585400
06/08/2015,13.85,14.25,13.7,14.2,30581100
07/08/2015,13.95,14.95,13.95,14.7,1639900
10/08/2015,14.7,15.5,14.7,15.45,10161900
11/08/2015,15.45,15.85,15.4,15.6,13170700
12/08/2015,15.5,15.75,15.5,15.65,5489500
13/08/2015,15.6,15.6,15.3,15.4,8370500
14/08/2015,15.4,15.5,15,15,9343000
17/08/2015,15.1,15.1,14.65,14.85,2038400
18/08/2015,14.85,15,14.7,15,2792700
19/08/2015,15,15.2,14.9,15.1,6872600
20/08/2015,15.15,15.4,15.05,15.05,2302900
21/08/2015,15.1,15.1,14.9,14.9,7970600
24/08/2015,14.95,15,13.95,14.5,6960900
25/08/2015,14.35,14.35,13.9,14,7869700
26/08/2015,13.95,13.95,12.8,13,5553600
27/08/2015,13,14.5,12.6,14.2,12516000
28/08/2015,14.2,14.5,13.9,14.25,29194600
31/08/2015,14.1,15,14,14.8,2225800
01/09/2015,14.6,14.8,14.5,14.65,2914300
02/09/2015,14.6,15.1,14.3,15,4431800
03/09/2015,15,15.6,14.85,15.2,4530700
04/09/2015,13.85,15.1,13.7,15,10765300
07/09/2015,14.8,14.85,14.5,14.65,13382300
08/09/2015,14.6,14.75,14.5,14.7,1124000
09/09/2015,14.6,14.7,14,14.6,52575800
10/09/2015,14.6,14.6,14.05,14.4,2294100
11/09/2015,14.4,14.65,14.4,14.65,3528200
14/09/2015,14.55,14.9,14.55,14.8,3155900
15/09/2015,14.65,15.4,14.65,15.05,11232100
16/09/2015,15,15.2,14.8,15.15,6043600
17/09/2015,15,15.1,14.7,14.7,6122700
18/09/2015,14.7,14.95,14.55,14.75,6633300
21/09/2015,14.65,15.2,14.5,15.2,4900600
22/09/2015,14.9,15.2,14.6,15,9092600
23/09/2015,15,15.2,15,15.15,9027900
24/09/2015,15.1,15.2,15,15.15,3426800
25/09/2015,15.1,15.3,15.05,15.2,7073800
28/09/2015,15.15,15.25,15.1,15.25,15053600
29/09/2015,15.25,15.25,14.8,15.15,13614400
30/09/2015,15.15,15.25,15,15.15,16375500
01/10/2015,15.15,15.15,14.65,14.9,6458300
02/10/2015,14.9,14.95,14.2,14.35,13960300
05/10/2015,14.45,14.75,14.3,14.65,4231800
07/10/2015,14.65,14.75,14.6,14.7,16019000
08/10/2015,14.65,14.8,14.55,14.8,3109100
09/10/2015,14.7,15,14.7,14.9,4555600
12/10/2015,14.7,15.05,14.6,15.05,6515400
13/10/2015,14.8,15.15,14.7,15.15,3950500
14/10/2015,14.95,15,14.2,14.6,5937400
15/10/2015,14.3,15,14.2,14.55,6010600
16/10/2015,14.35,14.75,14.2,14.55,7002100
19/10/2015,14.5,15.05,14.5,14.75,2027800
21/10/2015,14.75,15.1,14.6,15.1,8538300
22/10/2015,14.75,15.1,14.75,15,2046700
23/10/2015,15,15.05,14.9,14.95,3185200
26/10/2015,14.95,14.95,14.5,14.55,4248500
27/10/2015,14.55,14.65,14.5,14.5,5258400
28/10/2015,14.5,14.8,14.5,14.75,9802700
29/10/2015,14.5,14.6,14.25,14.3,5929900
30/10/2015,14.2,14.5,14.2,14.3,8014600
02/11/2015,14.3,14.5,14.25,14.4,644100
03/11/2015,14.35,14.5,14,14.1,30951300
04/11/2015,14.05,14.5,14.05,14.5,3824100
05/11/2015,14.35,15.1,14.35,15,16314000
06/11/2015,15,15.15,15,15.05,2385000
09/11/2015,15.05,15.25,14.95,15.1,2938400
10/11/2015,15.05,15.75,15.05,15.7,6499100
11/11/2015,15.6,16,15.45,16,4485600
12/11/2015,15.5,16.2,15.5,16.1,7800700
13/11/2015,16.05,16.5,15.85,16.1,5330700
16/11/2015,16.05,16.15,16.05,16.15,10725900
17/11/2015,16.05,16.3,16.05,16.15,3061400
18/11/2015,16.15,16.5,16.1,16.4,5623300
19/11/2015,16.3,16.6,16.2,16.55,13861900
20/11/2015,16.55,16.95,16.5,16.8,4063100
23/11/2015,16.8,16.95,16.35,16.35,8603900
24/11/2015,16.3,16.5,16,16.25,15361700
25/11/2015,16.15,16.5,15.5,16,2980000
27/11/2015,16,16.1,14.5,15.6,4641300
30/11/2015,15.9,15.9,15.3,15.6,15518900
01/12/2015,15.6,15.75,15.5,15.75,4234300
02/12/2015,15.55,16.2,15.55,15.85,5408400
03/12/2015,15.75,16,15.6,15.75,1635500
04/12/2015,15.5,15.85,15.5,15.6,8471900
07/12/2015,15.95,15.95,15.6,15.9,21242900
08/12/2015,15.7,16,15.7,16,9247600
09/12/2015,16.05,16.25,15.75,16.2,4128000
10/12/2015,16,16.25,15.95,16.2,5404700
11/12/2015,16,16.4,16,16.25,9025100
14/12/2015,16.1,16.65,16,16.5,11066900
15/12/2015,16.35,16.5,16.3,16.4,8494800
16/12/2015,16.25,16.9,16.2,16.75,8302900
17/12/2015,16,16.7,15.9,16.65,10873200
18/12/2015,16.6,16.8,16.3,16.8,6652900
21/12/2015,16.7,16.9,16.5,16.9,6626500
22/12/2015,16.4,16.8,15.8,16.75,9043900
23/12/2015,16.15,16.5,15.85,15.9,979100
24/12/2015,15.75,16.2,15.75,16,856200
28/12/2015,16,16,15.9,16,279400
29/12/2015,15.9,16.3,15.9,16.1,2955700
30/12/2015,16.1,16.5,16,16.5,623400
31/12/2015,16.3,16.5,16.3,16.3,309200
04/01/2016,16.3,16.7,16.05,16.5,1642000
05/01/2016,16.2,16.55,16.2,16.5,9798000
06/01/2016,16.4,16.75,16.4,16.7,5170500
07/01/2016,16.6,16.7,16.5,16.55,1546100
08/01/2016,16.5,16.5,16.2,16.4,6271800
11/01/2016,16.25,16.4,16,16.05,9228600
12/01/2016,16.05,16.1,15.9,16,6672100
13/01/2016,16,16.2,15.85,16.1,1534900
14/01/2016,16,16.15,16,16.1,5253900
15/01/2016,16,16.15,16,16.1,3320800
18/01/2016,16.1,16.2,16.1,16.1,1238500
19/01/2016,16.1,16.2,15.9,15.9,22757900
20/01/2016,16,16,15.45,15.5,7618500
21/01/2016,15.6,15.75,15,15.2,2931500
22/01/2016,15.1,15.4,15,15.1,5483700
25/01/2016,15.1,15.4,15.05,15.3,4810600
26/01/2016,15.25,15.35,15.25,15.25,11483800
27/01/2016,15.3,15.3,15.1,15.2,4885900
28/01/2016,15.15,15.25,15.1,15.15,3593600
29/01/2016,15.15,15.3,15.15,15.15,2959200
02/02/2016,15.55,16.5,15.5,16.4,7257700
03/02/2016,15.7,17,15.7,16.3,9287300
04/02/2016,16.4,16.5,15.65,16.3,11745700
05/02/2016,16.25,16.5,16,16.25,9178500
08/02/2016,15.9,16.2,15.9,16.2,1790400
09/02/2016,16,16.1,15.6,15.9,13414300
10/02/2016,15.9,16,15.55,15.7,3232600
11/02/2016,16,16,15.55,15.7,9005900
12/02/2016,15.65,15.95,15.65,15.7,10362800
15/02/2016,15.8,15.95,15.7,15.7,491400
16/02/2016,15.8,15.85,15.5,15.5,10656800
17/02/2016,15.6,15.65,15.5,15.55,4394300
18/02/2016,15.55,15.85,15.5,15.85,16442800
19/02/2016,15.6,16,15.6,15.8,349100
22/02/2016,15.6,15.9,15.6,15.8,492300
23/02/2016,15.7,16,15.65,16,1552200
24/02/2016,15.8,16.15,15.75,16.05,9875200
25/02/2016,16.05,16.2,16,16.1,2715800
26/02/2016,16.1,16.45,16,16.3,1510400
29/02/2016,16.2,16.5,16.05,16.3,1834100
01/03/2016,16.2,16.3,16.1,16.3,4318000
02/03/2016,16.15,16.65,16.15,16.6,12237200
03/03/2016,16.7,17.25,16.2,17.15,26787700
04/03/2016,16.5,17.05,16.3,17,4949400
07/03/2016,16.9,17.05,16.2,16.6,13544500
08/03/2016,16.5,16.7,16.4,16.4,14868600
09/03/2016,16.5,16.5,16.35,16.4,5775400
10/03/2016,16.35,16.45,16.15,16.25,14684200
11/03/2016,16.2,16.4,16.2,16.4,10029700
14/03/2016,16.35,16.55,16.3,16.45,12455600
15/03/2016,16.3,16.5,16.3,16.3,8400000
16/03/2016,16.35,16.6,16.3,16.4,15038700
17/03/2016,16.3,16.6,16.3,16.5,22243800
18/03/2016,16.5,16.6,16.4,16.5,12994100
21/03/2016,16.45,16.5,16.3,16.3,8253200
22/03/2016,16.5,17,16.4,16.8,16109900
23/03/2016,16.7,17,16.65,17,5344800
24/03/2016,16.75,17,16.75,16.95,7877100
29/03/2016,16.9,16.9,16.7,16.8,5456600
30/03/2016,16.8,16.85,16.7,16.7,6557900
31/03/2016,16.7,17,16.6,16.8,6770000
01/04/2016,16.7,17,16.7,16.85,6052700
04/04/2016,16.85,16.9,16.7,16.8,3353500
05/04/2016,16.75,16.8,16.75,16.8,18096600
06/04/2016,16.9,16.9,16.75,16.75,2605400
07/04/2016,16.8,16.8,16.75,16.75,4110600
08/04/2016,16.7,16.8,16.7,16.8,7684400
11/04/2016,16.75,16.8,16.65,16.65,1693900
12/04/2016,16.75,16.75,16.65,16.7,1586500
13/04/2016,16.7,16.8,16.7,16.75,4066600
14/04/2016,16.8,17.1,16.75,16.8,3632100
15/04/2016,16.8,17.3,16.8,17.25,10770600
18/04/2016,17.1,17.3,17.1,17.2,12911100
19/04/2016,17.2,17.35,17.2,17.3,21152700
20/04/2016,17.3,17.85,17.25,17.85,5160900
21/04/2016,17.85,17.85,17.25,17.25,8764400
22/04/2016,17.25,17.4,16.9,17,12299000
25/04/2016,16.85,17,16.85,16.95,1060100
26/04/2016,16.9,17,16.85,16.9,10654300
27/04/2016,16.9,17.1,16.85,17,8110000
28/04/2016,17,17.15,16.9,17,9968300
29/04/2016,17.1,17.15,17,17,6725500
03/05/2016,16.95,17.1,16.9,16.9,2308700
04/05/2016,16.9,17,16.8,16.9,8721500
05/05/2016,16.8,17,16.8,16.85,11777600
06/05/2016,16.85,17.1,16.75,16.95,1403700
09/05/2016,16.9,16.95,16.6,16.95,7534800
10/05/2016,16.95,17,16.9,17,2341900
11/05/2016,17.05,17.2,17,17.15,4498200
12/05/2016,17.1,17.45,17.1,17.3,1176200
13/05/2016,17.25,17.45,17.25,17.4,746600
16/05/2016,17.3,17.4,17.3,17.3,3338600
17/05/2016,17.3,17.35,17,17.15,4514800
18/05/2016,17.05,17.3,17.05,17.25,1536700
19/05/2016,17.3,17.4,17.25,17.3,6973300
20/05/2016,17.3,17.4,17.15,17.15,5033500
23/05/2016,17.3,17.3,17.1,17.25,2242100
24/05/2016,17.1,17.45,17.1,17.4,6277400
25/05/2016,17.4,17.45,17.15,17.25,6919400
26/05/2016,17.2,17.3,17,17,3477400
27/05/2016,17.2,17.25,17.05,17.25,3920200
30/05/2016,17.2,17.2,17.05,17.1,2567200
31/05/2016,17.1,17.1,16.9,16.9,5747900
02/06/2016,17,17.1,16.9,17,10125400
03/06/2016,17,17,16.9,16.9,4228500
06/06/2016,16.9,17.25,16.9,17.25,11409500
07/06/2016,17.2,17.6,17.2,17.5,9490500
08/06/2016,17.5,18.05,17.3,18,17668100
09/06/2016,17.9,18.4,17.9,18.2,21015000
10/06/2016,18.2,18.35,18.1,18.3,6693800
13/06/2016,18.3,18.3,18,18.15,2139100
14/06/2016,18,18.25,18,18.2,2087000
15/06/2016,18.1,18.35,18.05,18.3,9438300
16/06/2016,18.25,19,18.2,18.5,32593100
17/06/2016,18.75,18.8,18.1,18.7,10897100
20/06/2016,18.6,18.9,18.3,18.6,20036400
21/06/2016,18.6,18.75,18.3,18.4,8110700
22/06/2016,18.3,18.35,17.65,18,9016900
23/06/2016,18,18.4,17.6,18,22607700
24/06/2016,17.85,17.85,17.25,17.45,2587300
27/06/2016,17.85,17.85,17.15,17.15,4856500
28/06/2016,17.45,17.45,17,17,9092000
29/06/2016,17.15,17.7,16.9,17.6,6827900
30/06/2016,17.5,18,17.5,17.5,20741400
01/07/2016,17.5,17.6,17.5,17.5,20360400
04/07/2016,17.3,17.55,17.25,17.3,6498100
05/07/2016,17.3,17.5,17.3,17.4,4189800
06/07/2016,17.15,17.6,17.15,17.6,9339600
08/07/2016,17.55,17.75,17.35,17.5,8552700
11/07/2016,17.5,17.75,17.3,17.4,14813400
12/07/2016,17.4,17.5,17.05,17.25,7789200
13/07/2016,17.3,17.4,17.2,17.35,2749800
14/07/2016,17.35,17.5,17.35,17.35,13523900
15/07/2016,17.35,17.4,17.3,17.3,9025600
18/07/2016,17.35,17.35,17.1,17.35,1651500
19/07/2016,17.3,17.95,17.25,17.8,31495000
20/07/2016,17.6,18.3,17.6,18.2,24873100
21/07/2016,18,18.2,18,18.05,21423200
22/07/2016,18.05,18.1,18,18.05,4732500
25/07/2016,18.05,18.3,18,18.25,8331800
26/07/2016,18.4,19.2,18.4,18.95,19375800
27/07/2016,19,19,18.55,18.85,4915600
28/07/2016,18.8,19.05,18.8,19.05,8619300
29/07/2016,18.9,19.2,18.9,19.1,2835700
01/08/2016,19.1,19.55,19,19.5,17379100
02/08/2016,19.55,21,19.5,20.25,19785400
03/08/2016,20.25,20.75,20.25,20.25,13094300
04/08/2016,20.25,20.25,19.4,19.4,3087500
05/08/2016,19.5,20,19.5,19.6,11536100
08/08/2016,19.55,19.8,19.55,19.7,9868500
09/08/2016,19.7,20,19.65,20,5322500
10/08/2016,19.8,20,19.8,19.95,4459000
11/08/2016,19.75,20,19.75,20,3253300
12/08/2016,19.9,20.25,19.9,20,1462800
15/08/2016,20,20.5,20,20.5,1392800
16/08/2016,20.25,21.5,20.25,21.25,6350000
17/08/2016,21.25,21.75,21,21.5,8687200
18/08/2016,21,21.5,21,21.25,19517400
19/08/2016,21.25,21.5,20.5,21.25,41411500
22/08/2016,21,21.25,20.5,20.75,2266300
23/08/2016,20.75,21.5,20.75,21.5,2811400
24/08/2016,21,21.75,21,21.25,22572400
25/08/2016,21.25,21.5,19.15,19.8,26239200
26/08/2016,19.5,19.85,19.5,19.75,9082500
29/08/2016,19.75,20.25,19.75,20,46320000
30/08/2016,20,20.25,19.8,20,12406600
31/08/2016,20,20.5,20,20.25,12203800
01/09/2016,20.25,20.5,19.9,20,58728100
02/09/2016,19.9,20.25,19.85,19.95,5901000
05/09/2016,19,19,18,18.6,5363200
06/09/2016,18.5,19,18.5,19,4872600
07/09/2016,19,19.1,18.8,18.8,57665600
08/09/2016,18.9,19.05,18.9,19.05,6426900
09/09/2016,19,19.5,18.95,19.1,3635000
13/09/2016,19,19.3,18.65,18.9,8092300
14/09/2016,18.9,19,18.7,18.9,6342900
15/09/2016,18.85,19,18.75,18.85,1710400
16/09/2016,19,19,18.75,18.95,2716900
19/09/2016,18.9,19.2,18.9,19.05,2168600
20/09/2016,19.05,19.3,19.05,19.2,5385600
21/09/2016,19.05,19.4,19,19,10812700
22/09/2016,19.15,19.5,19,19.4,106196600
23/09/2016,19.2,19.55,19.2,19.55,1496800
26/09/2016,19.2,19.7,19.2,19.6,1123600
27/09/2016,19.55,19.8,19.55,19.7,53639800
28/09/2016,19.7,20,19.2,20,7414100
29/09/2016,19.2,19.95,19.2,19.9,939800
30/09/2016,19.7,20,19.7,19.9,16347900
03/10/2016,19.9,20.5,19.7,20.5,7976500
04/10/2016,20,20.25,20,20,8617100
05/10/2016,20,20.25,19.95,20,4781300
06/10/2016,20,20.25,19.9,20,3648800
07/10/2016,19.95,20.5,19.95,20.25,3906500
10/10/2016,20,20.5,20,20.25,37949900
11/10/2016,20.25,20.75,19.95,20,9580200
12/10/2016,20,20,19.5,19.7,3603000
13/10/2016,19.9,20.25,19.75,20,6404000
14/10/2016,19.9,20.25,19.85,20,495000
17/10/2016,19.9,20,19.8,19.8,3695300
18/10/2016,19.85,19.85,19.7,19.75,909500
19/10/2016,19.75,19.8,19.55,19.75,1854300
21/10/2016,19.75,19.85,19.65,19.7,17658500
24/10/2016,19.7,20.25,19.7,20,4937900
25/10/2016,19.8,20.25,19.8,20,1567600
26/10/2016,20,20.25,19.95,19.95,8903900
27/10/2016,20,20,19.9,20,6139900
28/10/2016,19.95,20,19.8,19.85,628500
31/10/2016,19.9,19.95,19.75,19.9,4518400
01/11/2016,19.9,21.25,19.75,21,4060100
02/11/2016,20,21,20,20.75,4073100
04/11/2016,21.25,21.75,20.75,21.25,18369800
07/11/2016,21.5,21.5,21,21,5744000
08/11/2016,20.75,21,20.5,20.75,16019400
09/11/2016,20.75,20.75,19.65,20.75,7082100
10/11/2016,20.25,21,20.25,21,3933300
11/11/2016,20.5,21,20.5,21,8728800
14/11/2016,21,21,20.25,20.25,3327800
15/11/2016,20.25,20.75,20,20.25,3405100
16/11/2016,20,21,20,21,4934100
17/11/2016,20.75,21.5,20.25,20.5,8050500
18/11/2016,20.5,20.75,20,20.25,2022200
21/11/2016,20.25,20.25,19.9,20,10284100
22/11/2016,20,20.25,19.95,20.25,12827400
23/11/2016,20,20.25,19.95,20.25,12872700
24/11/2016,20,20.25,19.9,19.9,17758700
25/11/2016,19.9,20,19.8,19.9,450200
28/11/2016,19.8,19.95,19.7,19.85,6245200
29/11/2016,19.9,19.95,19.7,19.85,14562700
30/11/2016,19.85,20,19.85,19.95,24813500
01/12/2016,19.9,20.25,19.9,20,7026900
02/12/2016,20,20.25,19.9,19.9,9739100
05/12/2016,19.9,20,19.85,19.9,4018300
06/12/2016,19.85,19.95,19.75,19.75,5766400
07/12/2016,19.75,19.85,19.65,19.65,3500500
08/12/2016,19.65,19.7,18.95,19,6487100
09/12/2016,19,20,18.9,19.15,2614700
13/12/2016,18.9,19,18.8,19,7989400
14/12/2016,18.85,19.5,18.5,18.9,3555700
15/12/2016,18.9,19,18.65,18.75,1996200
16/12/2016,18.75,18.9,18.6,18.9,11319900
19/12/2016,18.9,19.3,18.6,19.2,7670800
20/12/2016,19.2,19.2,18.8,19,21731900
21/12/2016,19,19.15,18.9,19,6269900
22/12/2016,19,19.5,19,19.5,5924300
23/12/2016,19.1,19.6,19.1,19.55,3735600
28/12/2016,19.6,19.7,19.1,19.25,6533800
29/12/2016,19.5,19.5,19,19,6069300
30/12/2016,19.1,19.2,19,19.15,6057600
03/01/2017,18.9,19.2,18.9,19,10112100
04/01/2017,19,19.05,18.9,18.9,2623500
05/01/2017,18.9,19,18.6,18.7,12900500
06/01/2017,19,19,18.5,18.7,28016700
09/01/2017,18.7,18.8,18.45,18.5,18451400
10/01/2017,18.6,18.6,17.8,18.2,14399200
11/01/2017,18.5,18.5,17.95,18,16375700
12/01/2017,17.95,18,17.85,18,12902900
13/01/2017,17.95,18,17.85,18,21490900
16/01/2017,17.95,18,17.85,17.95,3721600
17/01/2017,18,18,17.9,18,5467100
18/01/2017,17.95,18.3,17.85,18.2,29114000
19/01/2017,18.15,18.3,18.1,18.3,17568700
20/01/2017,18.15,18.3,18.1,18.2,10781400
23/01/2017,18.15,18.3,18.05,18.25,974900
24/01/2017,18.3,19,18.15,18.15,12379200
25/01/2017,18.2,18.25,18.15,18.25,3375900
26/01/2017,18.2,18.35,18.15,18.35,6200000
27/01/2017,18.25,18.5,18.2,18.5,9779300
30/01/2017,18.25,18.5,18.25,18.4,634100
31/01/2017,18.4,18.6,18.3,18.55,5451000
01/02/2017,18.5,18.7,18.4,18.6,60480100
02/02/2017,18.7,19,18.55,19,3949200
03/02/2017,18.7,19,18.55,18.7,13730700
06/02/2017,18.7,19.2,18.65,19,24381900
07/02/2017,18.7,19,18.3,18.5,9843900
08/02/2017,18.65,18.7,18.1,18.1,17107200
09/02/2017,18.3,18.55,18.05,18.45,25990000
10/02/2017,18.45,18.55,18.35,18.4,11789700
13/02/2017,18.4,18.5,18.3,18.4,4306200
14/02/2017,18.4,18.5,18.15,18.2,9675400
15/02/2017,18.2,18.3,18.15,18.2,45462100
16/02/2017,18.2,18.4,18,18.2,4696600
17/02/2017,18.2,18.25,18,18.1,13190000
20/02/2017,18,18.1,17.9,18,9694400
21/02/2017,18.05,18.05,17.95,18,9925500
22/02/2017,18.5,18.5,17.95,18.1,31340300
23/02/2017,18,18.4,17.95,18.15,6851900
24/02/2017,18.15,18.15,17.95,18,31609000
27/02/2017,18,18.5,17.7,17.7,2058900
28/02/2017,18,18,17.7,17.8,2370700
01/03/2017,17.75,17.75,16.55,17,3077500
02/03/2017,17.05,17.75,16.85,17,20903900
03/03/2017,17.05,17.05,16.8,16.95,1536000
06/03/2017,16.85,17,16.75,16.75,1810400
07/03/2017,16.8,16.85,16.5,16.5,5251100
08/03/2017,16.6,16.75,15.95,15.95,13942300
09/03/2017,16,16.65,15.9,16.65,44080600
10/03/2017,16.8,17.6,16.3,17,16120000
13/03/2017,17.05,18,17,17.75,50600300
14/03/2017,17.7,18.9,17.5,18.25,38120800
15/03/2017,18.25,18.25,17.5,17.75,7041100
16/03/2017,19,19,17.5,17.65,9616200
17/03/2017,17.65,18.05,17.6,17.85,6635600
20/03/2017,18,18.1,17.75,17.9,12692800
21/03/2017,18.25,18.25,18,18.2,511900
22/03/2017,18.2,18.35,18,18.3,11702000
23/03/2017,18.15,18.6,18.15,18.5,9234600
24/03/2017,18.35,18.7,18.35,18.7,18872800
27/03/2017,18.45,18.95,18.45,18.8,13249100
28/03/2017,19.05,19.05,18.3,18.3,14747100
29/03/2017,18.3,18.4,17.75,18.05,13298400
30/03/2017,18.05,18.05,17.9,18,997100
31/03/2017,17.95,18.3,17.8,18.3,5417100
03/04/2017,18,19,18,18.4,11256700
04/04/2017,18.45,19,18,19,26217200
05/04/2017,18.35,19,18.3,18.45,9470400
06/04/2017,18.35,19,18.3,19,591200
07/04/2017,18.6,19.75,18.4,19.65,4884200
10/04/2017,19.7,19.75,18.65,19.3,2010800
11/04/2017,19.3,19.8,19.15,19.5,5620200
12/04/2017,19.55,19.65,19.25,19.5,5074600
13/04/2017,19.5,19.75,19.5,19.65,76384700
18/04/2017,19.65,19.7,19,19.2,1824600
19/04/2017,19.2,19.3,19.05,19.2,12731200
20/04/2017,19.2,19.25,19,19.05,8635600
21/04/2017,19.15,19.2,19.1,19.15,4403600
24/04/2017,19.15,19.2,19.05,19.1,2822400
25/04/2017,19.1,19.15,18.7,18.8,12876100
26/04/2017,18.85,19,18.85,18.95,6202300
27/04/2017,19,19.1,18.95,19,16118400
28/04/2017,19,19.6,19,19.35,1566700
02/05/2017,19.2,19.8,19.2,19.55,7226100
03/05/2017,19.6,19.8,19.5,19.6,15115900
05/05/2017,19.7,20,19.7,19.85,11863400
08/05/2017,19.8,20.75,19.8,20.5,22920700
09/05/2017,20.5,20.75,19.9,20.25,10196000
10/05/2017,22,22,19.85,19.85,2236700
11/05/2017,19.85,20.75,19.85,20.25,18459400
12/05/2017,20.5,20.75,20.25,20.5,6878700
15/05/2017,20.25,20.5,20.25,20.5,2144600
16/05/2017,20.25,20.5,20.25,20.25,41903800
17/05/2017,20.25,20.5,20,20,11880500
18/05/2017,20,21,19.95,20.5,20134000
19/05/2017,20.25,20.75,20,20.5,28726800
22/05/2017,20.25,20.75,20.25,20.5,23773400
23/05/2017,20.25,20.75,20.25,20.75,27500400
24/05/2017,21,21.75,20.75,21,8835100
25/05/2017,21.25,21.75,21.25,21.75,22321000
26/05/2017,21.75,22,21.5,21.5,5860900
29/05/2017,21.5,21.75,21.25,21.25,3668500
30/05/2017,21.5,21.75,21,21.5,10109300
31/05/2017,21.5,23,21.5,22.5,37103200
02/06/2017,22.5,23.25,22,22,29192700
05/06/2017,22.25,22.75,21.5,22,4777700
06/06/2017,22.5,23.5,22,22,8915900
07/06/2017,22.25,22.5,22,22,15209000
08/06/2017,22.25,22.5,22,22.25,2864500
09/06/2017,22.75,23,22.25,23,41714300
12/06/2017,22.75,23.25,22.5,23,10486700
13/06/2017,23,24,23,23.25,21760300
14/06/2017,23.25,23.75,23,23.25,29190800
15/06/2017,23.25,23.5,23.25,23.25,16061200
16/06/2017,23.25,24,23.25,23.75,53205000
19/06/2017,23.5,23.75,23,23,3425300
20/06/2017,23,23.25,22.5,22.5,16454000
21/06/2017,23.5,23.5,22.5,23,10865900
22/06/2017,22.75,23.5,22.75,23,5718000
23/06/2017,23,23.5,23,23.5,19261400
27/06/2017,23.5,23.75,23.25,23.5,5720000
28/06/2017,23.5,23.5,23,23,3289600
29/06/2017,23.75,23.75,23,23,9288100
30/06/2017,23,23.25,22,22.5,9958100
03/07/2017,22.5,23.25,22.5,23,8144300
04/07/2017,23,23.25,22.5,23,6861500
06/07/2017,23,23.25,22,22.75,13742000
07/07/2017,23,23.25,23,23.25,25267300
10/07/2017,23.25,23.25,23,23,2466600
11/07/2017,23,23.5,23,23.25,23199100
12/07/2017,23,23.25,22.75,23,17211400
13/07/2017,23,23.25,22.75,23.25,22782800
14/07/2017,23,23.25,22.75,23,1592500
17/07/2017,23,23.25,23,23,19309700
18/07/2017,23,23.25,22.5,23,16756300
19/07/2017,23,23.25,23,23.25,13123200
20/07/2017,23,23.25,23,23,2224500
21/07/2017,23,23.5,23,23.5,2758200
24/07/2017,23.25,23.75,23.25,23.75,2903700
25/07/2017,23.5,24,23.25,23.75,18098000
26/07/2017,23.75,24.25,23.5,23.75,11133700
27/07/2017,23.75,24.75,23.5,24.75,6777600
28/07/2017,23.75,25,23.75,24.75,7360500
31/07/2017,24.75,25,23.75,24,13019000
01/08/2017,24,24,23.5,24,23415400
02/08/2017,24,24.25,23.75,24,12764100
03/08/2017,24.25,24.5,23.75,24,12062800
04/08/2017,24.25,24.25,23,23.75,10616700
07/08/2017,23.5,24,23.5,23.5,1508700
09/08/2017,23.75,24.25,23.75,23.75,2214300
10/08/2017,23.5,24.75,23.5,24.5,356900
11/08/2017,24.5,25.5,23.75,24.75,18962100
14/08/2017,24.75,25.5,24.75,25,6749500
15/08/2017,25,25.5,24,24.75,11607100
16/08/2017,24.25,25,24.25,25,14322500
17/08/2017,24.5,24.75,24,24,1528900
18/08/2017,24,24.75,24,24.5,4356700
21/08/2017,24.25,25,24.25,24.75,1490600
22/08/2017,24.75,25,24.75,24.75,2932400
23/08/2017,24.75,25.5,24.75,25,10431700
24/08/2017,25,25.75,25,25.5,8728100
25/08/2017,25.5,27,25.5,26.75,14323400
28/08/2017,27,27,26.5,27,4601500
29/08/2017,26.75,27.25,26.25,26.25,13505600
30/08/2017,26.5,26.75,25.5,26,9833000
31/08/2017,26.5,26.5,25.25,25.5,10264800
01/09/2017,25.5,25.75,23,24.75,44524400
04/09/2017,25,25.75,24,24,53939500
05/09/2017,24.5,25,24.25,25,1907900
06/09/2017,24.75,25.5,24.5,25,36150100
07/09/2017,25,26,25,25.5,6674600
08/09/2017,25.5,26.25,25.5,25.75,1792700
11/09/2017,25.75,26.5,25.75,26.25,19989600
12/09/2017,27,27,25.75,26,14713100
13/09/2017,26,26,25,25.5,10460700
14/09/2017,25.5,25.5,25.25,25.25,7317000
15/09/2017,25.25,25.5,25,25,8739500
18/09/2017,24.25,25,24,24.75,3673100
19/09/2017,24.75,25.5,24.75,25.25,12374900
20/09/2017,25.25,25.5,25,25.5,7303700
21/09/2017,25.5,26.5,25.25,26,3771700
22/09/2017,25.75,26,25.5,26,2607700
25/09/2017,25.75,26,25.75,25.75,6960400
26/09/2017,25.75,26.25,25.75,26.25,15581100
27/09/2017,25.75,26,25.75,25.75,6920500
28/09/2017,25.75,26,24.75,25.5,4731000
29/09/2017,25,25,24.5,25,12327800
02/10/2017,24.75,25,24.5,24.75,6224100
04/10/2017,25,25.25,24.75,25,1559500
05/10/2017,25,25,24.75,25,3049900
06/10/2017,24.75,25,24.5,25,5066000
09/10/2017,25.25,25.25,24.75,25,9484600
10/10/2017,24.75,25.5,24.75,25,1178200
11/10/2017,25,25.25,24.75,25.25,10732200
12/10/2017,25,25.25,24.75,24.75,6133100
13/10/2017,25,25.25,24.75,25,11955500
16/10/2017,25,25.25,24.5,24.5,951300
17/10/2017,25,25,24.25,24.75,17125700
18/10/2017,24.5,24.5,24,24,13276700
19/10/2017,24.5,24.5,24,24.25,2985100
23/10/2017,24,25,23.75,24.75,23406300
24/10/2017,24.25,25.25,24.25,25,1340200
27/10/2017,25.25,25.5,25,25.5,1825500
30/10/2017,25.5,25.5,25,25.25,2042400
31/10/2017,25,26.25,25,26.25,3344000
01/11/2017,26,26.25,25.5,25.5,12490800
02/11/2017,25.75,26,25,25,18954600
03/11/2017,25.75,26,25,25.75,4992800
06/11/2017,25.75,25.75,24.75,25.25,5603400
07/11/2017,25,25,24.25,24.5,34976000
08/11/2017,25,25.25,24.5,25,15326600
09/11/2017,24.75,25,24.5,25,3154300
10/11/2017,24.75,25,24.5,24.75,8025100
13/11/2017,24.5,24.75,24,24.5,25841800
14/11/2017,24.5,25.5,24.5,25,12062300
15/11/2017,24.5,25.25,24.5,25,9964100
16/11/2017,25,25.75,25,25.5,6387700
17/11/2017,25.25,26,25.25,25.75,2806300
20/11/2017,25.75,26,25.5,25.75,3958200
21/11/2017,26,27.25,25.75,27,7049500
22/11/2017,26.75,28.5,26.75,28.25,16463700
23/11/2017,28,28.5,26,27,16339600
24/11/2017,26.5,28,26.5,27.25,5210300
27/11/2017,26.75,28,26.75,28,5932200
29/11/2017,27.75,28,27.5,27.5,11295100
30/11/2017,27.25,28,27,27.5,7087300
01/12/2017,27,27.75,27,27.5,12849800
04/12/2017,27.5,28.25,27.5,27.5,15773100
05/12/2017,27.5,27.75,27,27,6553600
06/12/2017,26.75,27.75,26.75,27.5,18979800
07/12/2017,26.25,28.25,27,28,14222800
08/12/2017,27.75,28.25,27.75,28,8287200
11/12/2017,28,28.25,27.75,28.25,5902500
13/12/2017,28,28,27.5,27.5,25552800
14/12/2017,27.5,27.75,26.75,27,19073700
15/12/2017,26.75,27.5,24.5,26.75,11870000
18/12/2017,26.5,27,26,26,7468000
19/12/2017,26.25,26.5,25.75,26.25,23809500
20/12/2017,26,26.75,25.75,26.5,24812000
21/12/2017,26.25,27,26.25,27,11550400
22/12/2017,26.5,26.75,26.25,26.25,6604600
27/12/2017,26.25,26.5,26,26,7562900
28/12/2017,26,26.5,26,26.25,10951800
29/12/2017,26.25,27.5,26.25,27,3636200
02/01/2018,26.75,27,26.75,26.75,3904800
03/01/2018,26.75,27,26.75,26.75,8347900
04/01/2018,26.75,27.75,26.75,27.25,8304500
05/01/2018,27.25,28.5,27,28,11038400
08/01/2018,27.5,28.25,27.5,28,6873500
09/01/2018,28,28.25,27.75,27.75,20529400
10/01/2018,27.75,28,27.75,27.75,12920600
11/01/2018,27.75,28.25,27.75,28,11139600
12/01/2018,28,28.5,27.75,28.5,2796700
15/01/2018,28.5,29.25,28.25,29.25,3751000
16/01/2018,29,29.5,28.5,28.5,7295600
17/01/2018,28.5,29.5,28.5,29.5,10302400
18/01/2018,29.5,29.5,29,29.25,9393700
19/01/2018,29.25,29.75,29.25,29.75,6590000
22/01/2018,29.5,29.75,29,29.5,8827800
23/01/2018,29.5,29.75,29.25,29.5,16964400
24/01/2018,29.5,29.75,29.5,29.5,6560400
25/01/2018,29.5,30,29.5,29.75,6593600
26/01/2018,29.5,30.5,29.5,30.25,26174300
29/01/2018,29.75,30,29.5,29.5,3950700
30/01/2018,30,30,29.25,30,18003200
31/01/2018,29.75,30,29.5,29.5,8892600
01/02/2018,29.75,30,29.5,29.75,6148300
02/02/2018,30,30.25,29.75,30,3027200
05/02/2018,29.75,30,29.75,29.75,4090200
06/02/2018,29.75,30,28.75,29,42110500
07/02/2018,29.25,29.25,28,28.5,20681500
08/02/2018,28,29.5,28.5,29.5,14174000
09/02/2018,29.5,29.5,29,29.5,12834800
12/02/2018,29,30,28,28,1501000
13/02/2018,28.5,29,28.25,29,6864100
14/02/2018,28.75,29,28.75,28.75,3085100
15/02/2018,28.75,29.25,28.75,29,2708200
16/02/2018,29,29.75,29,29.5,4729900
19/02/2018,29.25,30,29.25,29.5,4489000
20/02/2018,29.5,30.5,29.25,30.25,8747000
21/02/2018,30,30.25,29,29.5,15108100
22/02/2018,29.5,30,29.5,29.5,6155400
23/02/2018,29.5,30,29.25,30,4996800
26/02/2018,29.75,29.75,29.25,29.5,14512400
27/02/2018,29.5,30,29.25,29.5,7390600
28/02/2018,29.5,30,29.5,29.5,10937400
01/03/2018,29.5,30,29.25,29.5,15254000
02/03/2018,30.5,30.5,29,29.25,6130600
05/03/2018,29.25,29.75,29,29.5,4359200
06/03/2018,29.25,29.75,29.25,29.5,7543900
07/03/2018,29.25,29.75,29.25,29.5,5825300
08/03/2018,29.5,29.75,29.25,29.5,10433200
09/03/2018,29.5,29.75,29,29.5,18672600
12/03/2018,29.5,29.75,29.25,29.5,6154100
13/03/2018,29.5,30,29.5,30,4671400
14/03/2018,29.75,30,29.5,30,5992300
15/03/2018,30,30,29.5,29.75,9961100
16/03/2018,29.5,29.75,29.5,29.75,4083500
19/03/2018,30,30.75,29.5,30.75,11055500
20/03/2018,30.5,31.25,30.5,31,5720600
21/03/2018,31,31.75,31,31,17990100
22/03/2018,31,32.25,31,32,13478700
23/03/2018,32,32.25,31.75,32,8328200
26/03/2018,31.75,31.75,31.25,31.75,4327200
27/03/2018,31.5,31.75,31,31.25,4717400
28/03/2018,31,31.25,30.5,30.75,4346300
29/03/2018,31,31.5,30.5,30.75,11679900
03/04/2018,31,31.75,31,31.75,9281300
04/04/2018,31.75,32.75,31.25,32.5,13500100
05/04/2018,32.5,33.5,32.5,32.75,8416100
06/04/2018,32.75,33,32,32.25,5827300
09/04/2018,32.25,32.25,31.5,31.75,1947400
10/04/2018,31.75,32.25,31.75,31.75,2143000
11/04/2018,31.75,32.5,31.75,32,6105600
12/04/2018,32,32,31.25,31.5,4496500
13/04/2018,31.75,32,31,31.25,2960200
16/04/2018,31.25,31.25,30.25,30.25,6118800
17/04/2018,30.5,30.5,29.5,29.75,11811500
18/04/2018,29.75,30,29.25,29.5,20432300
19/04/2018,29.5,29.75,29,29.25,22802900
20/04/2018,29.25,29.5,28.75,28.75,15320800
23/04/2018,29,29.75,28.25,28.5,12822000
24/04/2018,28.5,29,28,29,17259200
25/04/2018,28.75,29,28.25,28.75,22791100
26/04/2018,28.75,28.75,28,28.25,11003100
27/04/2018,28.5,28.5,28.25,28.5,8868000
30/04/2018,28.5,28.5,28.25,28.5,9959700
02/05/2018,28.25,28.25,27,27.5,18325100
03/05/2018,27.5,27.75,26.75,27.75,27096800
04/05/2018,28,29,28,28.5,37792800
07/05/2018,28.5,29,28.25,28.25,16076800
08/05/2018,28.5,28.5,28.25,28.5,9459700
09/05/2018,28.5,29.5,28.5,28.5,17881600
10/05/2018,29,29.25,27.75,28,14074900
11/05/2018,28,28,27.5,27.75,6723800
14/05/2018,28,28,27,27.25,6003400
15/05/2018,27.5,28.25,27,27.75,22976600
16/05/2018,28,29.25,28,29,5022200
17/05/2018,28.75,29.5,28.75,29,6485300
18/05/2018,29,29.5,29,29.25,6653700
21/05/2018,29.25,29.25,29,29,10012300
22/05/2018,29,29.75,29,29.75,7749700
23/05/2018,29.25,29.5,29,29.25,2708000
24/05/2018,29.25,29.5,29,29,7640000
25/05/2018,29,29.25,28.5,29,8862200
28/05/2018,29,29,28,29,2100300
29/05/2018,29,29,28.25,28.5,4277900
30/05/2018,28.5,28.5,28,28.5,7646000
31/05/2018,28.75,28.75,28.25,28.5,10668400
04/06/2018,28.25,29,28.25,28.75,12148900
05/06/2018,28.5,29.25,28.5,29.25,2347400
06/06/2018,28.75,30,28.75,29,16561300
07/06/2018,29.75,29.75,29,29.5,6310900
08/06/2018,29.75,29.75,29.25,29.75,1693000
11/06/2018,29.5,30.5,29.5,30.25,4153700
12/06/2018,30,30.5,30,30,13452800
13/06/2018,30,30.5,30,30.25,7289000
14/06/2018,30,30.25,29.75,30,22891700
18/06/2018,30,30.25,29.5,29.75,2120100
19/06/2018,29.75,29.75,27.75,28.5,5655200
20/06/2018,28.5,28.5,27.25,27.25,16084100
21/06/2018,27.25,27.75,27.25,27.5,11719700
22/06/2018,28.75,28.75,27.25,28.75,13917200
25/06/2018,28.5,29,28.25,28.75,2724700
26/06/2018,28.5,29.5,28.5,29,17602600
27/06/2018,29.25,30,28.75,29.75,16543300
28/06/2018,29.75,30,29.25,29.75,22488900
29/06/2018,29.75,30,29.25,29.25,10555800
02/07/2018,29.5,29.75,28.75,28.75,9571200
03/07/2018,28.75,28.75,27.75,28,3750400
04/07/2018,29,29.25,28,29.25,2894700
05/07/2018,28.5,29.25,28.5,29,5412700
06/07/2018,28.75,29.25,28.75,29.25,2036900
09/07/2018,29,29.25,28.75,29.25,2004500
10/07/2018,29,29.25,29,29,5693900
11/07/2018,29,29,28.25,29,5134400
12/07/2018,29,29,28.5,28.75,3335800
13/07/2018,28.75,28.75,28.25,28.25,4689700
16/07/2018,28.75,28.75,28,28.25,10493700
17/07/2018,28.25,29.25,28.25,28.75,3960900
18/07/2018,29.25,29.75,29,29.75,2224500
19/07/2018,29.75,29.75,28.75,29,10041000
20/07/2018,29.25,29.25,28.25,28.25,3537600
23/07/2018,28.5,29,28.25,29,656500
24/07/2018,28.5,29,28.5,28.75,748100
25/07/2018,28.75,29,28.5,29,5932100
26/07/2018,29,29,28.5,28.5,4900000
27/07/2018,28.5,29,28.5,29,3334900
30/07/2018,28.75,28.75,28.25,28.25,11459700
31/07/2018,28.5,28.5,27.75,28,2680900
01/08/2018,28.25,28.5,27.75,28,4549500
02/08/2018,28,28.5,28,28.25,18662800
03/08/2018,28,28.25,28,28.25,5929000
06/08/2018,28.25,28.25,28,28.25,1404800
07/08/2018,28,28.25,28,28.25,5167200
08/08/2018,28.25,29.5,28.25,29.5,6592000
09/08/2018,29,29.25,28.25,28.75,3037200
10/08/2018,29,29,28.25,28.75,4948100
13/08/2018,28.5,29,28.5,28.75,2021800
14/08/2018,28.5,29,28.5,28.75,7527000
15/08/2018,28.75,29.25,28.75,28.75,8721200
16/08/2018,29,29,28.75,28.75,6699800
17/08/2018,28.75,29.5,28.75,29.25,961200
20/08/2018,29,29.5,29,29,7496200
22/08/2018,29,29.5,29,29.25,6420500
23/08/2018,29,29.25,29,29.25,3045900
24/08/2018,29,29.25,29,29.25,2498300
27/08/2018,29,29.5,29,29.25,1647000
28/08/2018,29.25,30.5,29,30,4929200
29/08/2018,29.75,30.25,29.75,30,1959600
30/08/2018,30,30,29.5,29.5,2726600
31/08/2018,29.75,29.75,28,29,9077200
03/09/2018,28,28,27,27.75,1732800
04/09/2018,27.75,29,27.75,28.5,5216300
05/09/2018,28.5,28.5,27.5,27.5,5440200
06/09/2018,28,28.25,27.5,27.5,4172000
07/09/2018,28,28,27.25,27.25,6802300
10/09/2018,27.75,27.75,27.25,27.75,773100
11/09/2018,27.25,27.75,27,27,2355600
12/09/2018,27,27.25,26.75,27,6191100
13/09/2018,27,27.25,25.75,26.5,12514200
14/09/2018,26.25,26.75,26.25,26.5,9138100
17/09/2018,26.5,26.75,26.25,26.5,5165700
18/09/2018,26.5,27.25,26.5,27.25,7266500
19/09/2018,27,27.25,25.75,25.75,9364500
20/09/2018,25.75,25.75,24.5,25,9358300
21/09/2018,25,25.25,23.75,24.25,19410000
24/09/2018,25.25,26,24.5,25,23273800
25/09/2018,25,25.25,24.75,25,7497500
26/09/2018,25,25,24.5,24.75,2701500
27/09/2018,24.75,25,24.5,25,14903000
28/09/2018,25,25,24,24.5,5979700
01/10/2018,24.5,25,24,24,2902300
02/10/2018,24,24.75,24,24.25,13927300
03/10/2018,24.5,24.5,24.25,24.25,5158800
04/10/2018,24.25,24.75,24.25,24.75,21580200
05/10/2018,24.5,25,24.5,24.75,12411100
08/10/2018,24.75,25,24.5,24.75,4292000
09/10/2018,24.75,25,24.25,24.25,3526500
11/10/2018,24.5,25,23.5,23.75,7960800
12/10/2018,24,24,22.75,23,7611000
15/10/2018,23,23.5,21.75,23,8478900
16/10/2018,23,24,22.5,23.75,13366800
17/10/2018,23.75,24.25,23.75,23.75,4369700
18/10/2018,23.75,24.25,23,23,12332700
19/10/2018,23.5,23.75,23,23.75,14026700
22/10/2018,23.75,24.5,23.5,24,6414400
23/10/2018,24,24,23.25,23.5,4292400
24/10/2018,23.75,23.75,23.25,23.5,3622800
25/10/2018,23.75,23.75,23.25,23.5,9827300
26/10/2018,23.5,23.75,23.5,23.5,6974000
29/10/2018,23.5,24,23.5,23.75,9428000
30/10/2018,23.75,24,23.25,23.5,22059900
31/10/2018,24,24,23.25,23.5,4661300
01/11/2018,23.75,23.75,23,23.25,47502800
02/11/2018,23.75,25,23.75,24,4152400
05/11/2018,24.5,24.5,23,23.25,4705300
06/11/2018,23.5,24,22.5,22.5,5447100
07/11/2018,23,23.5,22.5,23.5,8627800
08/11/2018,23.25,23.75,23.25,23.75,9482300
09/11/2018,23.75,24.75,23.5,24.5,10310900
12/11/2018,24,24.5,23.75,24.5,10296300
13/11/2018,24.25,24.5,24,24.25,12009100
14/11/2018,24.5,24.5,23.75,23.75,8868800
15/11/2018,24,24,23.5,23.75,15069000
16/11/2018,24,24.25,23.5,23.75,7079300
19/11/2018,23.75,24,23.5,24,2172700
20/11/2018,23.75,24,23.5,23.5,4664500
21/11/2018,23.5,24,23.5,23.75,7003500
22/11/2018,23.75,24,23.75,24,683000
23/11/2018,24,24,23.75,23.75,2451000
26/11/2018,23.75,24,23.6,23.8,10791300
27/11/2018,24,24,23.75,23.8,27426600
28/11/2018,24,24,23.75,23.8,16748100
29/11/2018,24,24,23.5,23.7,10756400
30/11/2018,23.75,23.85,23.65,23.8,15243600
03/12/2018,23.75,23.8,23.55,23.75,2723900
04/12/2018,23.75,23.75,23.5,23.6,3485800
05/12/2018,23.5,23.75,23.5,23.6,1769900
06/12/2018,23.5,23.6,23.3,23.3,4442000
07/12/2018,23.4,23.4,22.8,22.9,12989200
10/12/2018,23,23,22.6,22.6,13202600
11/12/2018,22.7,23,21.9,22,21143400
13/12/2018,23,23,21.9,22.55,22202200
14/12/2018,22.25,23.25,22.25,22.95,29994100
17/12/2018,23,23.25,22.5,23,6178300
18/12/2018,23,23.1,22.8,23,17097500
19/12/2018,23,23.05,22.5,22.9,8363600
20/12/2018,22.9,22.9,22.35,22.35,19301300
21/12/2018,22.3,23.25,22.2,23.25,5637600
24/12/2018,22.55,23.5,22.5,22.9,730100
27/12/2018,22.65,23,22.55,22.6,1778700
28/12/2018,22.9,23,22.8,22.85,1269100
31/12/2018,22.8,22.8,22.1,22.25,3679200
02/01/2019,23,23,22.2,22.4,1778300
03/01/2019,22.25,22.5,21.8,21.8,12255400
04/01/2019,22,22,21,21.35,2210300
07/01/2019,21.3,21.8,21.3,21.5,6283800
08/01/2019,22,22.2,21.5,22,1532800
09/01/2019,22.3,22.75,22.15,22.75,21758400
10/01/2019,22.4,24,22.4,22.8,24914800
11/01/2019,23,23.75,22.8,23.5,4875800
14/01/2019,23.5,23.65,23.25,23.55,22014500
15/01/2019,23.5,23.8,23.5,23.8,21628800
16/01/2019,23.8,24.3,23.7,23.75,14056700
17/01/2019,23.95,24,23.55,23.6,5577100
18/01/2019,23.75,23.95,23.5,23.5,28005000
21/01/2019,23.7,23.7,23.05,23.4,20871500
22/01/2019,23.5,23.5,23.05,23.25,3853600
23/01/2019,23.3,23.45,23.05,23.05,2765100
24/01/2019,23.05,23.4,23.05,23.2,4049200
25/01/2019,23.3,23.65,23.15,23.5,14283100
28/01/2019,23.5,23.75,23.35,23.4,23039500
29/01/2019,23.5,23.6,23.05,23.4,7797300
30/01/2019,23.4,24,23.4,23.75,12467800
31/01/2019,23.6,24.5,23.6,24.5,61100700
01/02/2019,24,25.6,24,25.55,14811400
04/02/2019,25.5,26.25,25.5,26,10610100
05/02/2019,26.2,27,26.1,26.8,20158100
06/02/2019,26.55,27.2,26.5,27,19635000
07/02/2019,27,27.1,26.9,27,12456800
08/02/2019,27,27,26.5,26.85,22906700
11/02/2019,26.85,26.95,26.5,26.95,12201400
12/02/2019,27,27,26.8,26.9,7061000
13/02/2019,27,27,26.05,26.05,5822600
14/02/2019,26.85,26.85,25.95,26,12160700
15/02/2019,27,27,26,26.05,1611300
18/02/2019,26,26.9,25.9,26.1,10594400
19/02/2019,26,26.5,26,26.5,2413900
20/02/2019,26.05,26.5,26.05,26.1,2628000
21/02/2019,26.1,26.15,26,26.05,9916300
22/02/2019,26.7,26.2,26,26.2,5415200
25/02/2019,26.5,26.7,26.15,26.5,4925400
26/02/2019,26.3,26.65,26.3,26.6,3376100
27/02/2019,26.6,26.7,26.3,26.3,4048100
28/02/2019,26.5,26.5,25.95,26,13900000
01/03/2019,26.2,26.5,26,26.5,9109400
04/03/2019,26.2,26.55,26.05,26.5,3349100
05/03/2019,26.5,26.55,26.3,26.55,4233400
06/03/2019,26.5,26.75,26.4,26.75,5447000
07/03/2019,26.75,27,26.6,26.9,2958300
08/03/2019,26.9,27.45,26.8,27,15997900
11/03/2019,27,27,26.75,27,2078300
12/03/2019,27,27,26.7,26.85,4065500
13/03/2019,26.8,27,26.5,27,13639600
14/03/2019,26.75,27.1,26.75,27,7634700
15/03/2019,27,28.1,26.8,28,9914300
18/03/2019,27.7,28.75,27.5,28.55,12842900
19/03/2019,28.5,28.5,27.6,28.1,19000400
20/03/2019,28.1,28.75,28,28.7,3771500
21/03/2019,30,30,28.3,28.5,7725600
22/03/2019,28.65,28.65,28,28,6937100
25/03/2019,28.2,28.2,27.5,27.95,22976100
26/03/2019,27.95,27.95,27.2,27.5,17525700
27/03/2019,27.5,27.75,26.95,27.5,8522900
28/03/2019,27,27.25,27,27,1941600
29/03/2019,27,27.7,27,27.6,5203900
01/04/2019,27.6,28.1,27.6,28,8473300
02/04/2019,28.15,28.5,28,28,12059300
03/04/2019,28,28.2,28,28.1,2479600
04/04/2019,28.15,28.2,28,28.05,3202600
05/04/2019,0,28.1,27.65,27.65,11067300
08/04/2019,0,28,27.65,27.9,15722000
09/04/2019,0,28,27.6,27.9,10031100
10/04/2019,0,28,27.65,27.75,10065600
11/04/2019,0,27.8,27.6,27.75,3305000
12/04/2019,0,27.75,27.05,27.1,6692400
15/04/2019,0,27.5,27.05,27.3,1273300
16/04/2019,0,27.75,27.3,27.6,7255600
17/04/2019,27.6,28,27.6,27.65,2210700
18/04/2019,27.65,28,27.65,28,1773800
23/04/2019,27.65,28,27.65,27.95,4287700
24/04/2019,27.85,28.1,27.85,28,8046000
25/04/2019,28,28.1,27.9,27.95,14337500
26/04/2019,27.85,28,27.85,28,2881500
29/04/2019,27.95,28.5,27.85,28.15,3263500
30/04/2019,28.15,28.6,28.1,28.6,2694500
02/05/2019,28.25,30,28.25,29.8,7890300
03/05/2019,29.8,30,28.35,29,4963400
06/05/2019,28.55,29,28.5,28.55,2746400
07/05/2019,29.5,29.5,28.2,28.2,4354900
08/05/2019,29,29,28,28,3401200
09/05/2019,28.3,28.3,27.8,27.8,5293700
10/05/2019,27.9,27.9,27.2,27.7,3582300
13/05/2019,27.55,28,27,27,8460600
14/05/2019,27.2,27.2,26.1,26.6,8458600
15/05/2019,26.5,27.2,26.35,26.5,9707700
16/05/2019,26.5,26.7,26.05,26.2,6430300
17/05/2019,26.2,26.6,26.05,26.1,12300000
20/05/2019,26.15,26.5,26.05,26.5,5777400
21/05/2019,26.25,26.5,26,26.1,8351400
22/05/2019,26.05,27,26.05,26.15,13510200
23/05/2019,26.15,26.25,26.05,26.2,640200
24/05/2019,26.3,27,26.2,26.6,12182000
27/05/2019,26.8,27,26.5,26.95,889200
28/05/2019,26.95,28.65,26.9,28.2,28201600
29/05/2019,28.2,28.3,27.8,27.8,17196700
30/05/2019,27.8,27.8,27.4,27.4,11923400
31/05/2019,27.65,27.65,27,27.5,7496300
03/06/2019,27.4,27.8,27.4,27.7,1891100
04/06/2019,27.65,27.8,27.6,27.7,6881000
06/06/2019,27.7,28,27.65,27.65,8481500
07/06/2019,27.9,27.9,27.1,27.1,1781200
10/06/2019,27.1,27.6,27.05,27.4,1330100
11/06/2019,27.5,27.7,27.2,27.6,1708000
12/06/2019,27.6,27.65,27.3,27.55,22670800
13/06/2019,27.5,27.7,27.1,27.4,22555700
14/06/2019,27.5,27.5,27.05,27.3,5297100
17/06/2019,27.3,27.35,27.1,27.25,20526800
18/06/2019,27.65,27.65,27.1,27.1,9906500
19/06/2019,27.25,27.3,27,27,18546400
20/06/2019,27,27.5,27,27.5,9180300
21/06/2019,27.5,27.5,27.15,27.3,1207600
24/06/2019,27.15,27.35,27.15,27.3,4054300
25/06/2019,27.3,28,27.3,27.5,8705800
26/06/2019,27.5,27.9,27.4,27.55,3242100
27/06/2019,27.55,28,27.55,27.7,5346200
28/06/2019,27.6,28.35,27.6,28,24611100
01/07/2019,27.6,28.55,27.35,28.45,4827100
02/07/2019,28.3,28.3,28,28.2,7980200
03/07/2019,28,28.3,28,28.3,6185400
04/07/2019,28.2,28.2,27.45,27.5,3643000
05/07/2019,27.85,30,27.55,27.75,14249700
08/07/2019,28,28,27.2,27.2,2563400
09/07/2019,27.15,27.5,27,27.25,10079500
10/07/2019,27.5,27.75,27.2,27.55,2979900
11/07/2019,27.5,27.8,27.15,27.8,594900
12/07/2019,27.75,28.1,27.5,27.5,3066200
15/07/2019,27.75,27.75,27.25,27.45,2829400
16/07/2019,27.5,28,27.3,27.85,3400800
17/07/2019,27.5,28.05,27.5,27.5,8950600
18/07/2019,27.95,28,27.5,27.8,9863600
19/07/2019,27.95,28,27.65,28,1880000
22/07/2019,27.8,28,27.5,27.65,3407400
23/07/2019,27.6,28,27.2,28,6862500
24/07/2019,27.5,27.8,27.35,27.7,7562800
25/07/2019,27.7,27.95,27.35,27.7,12020100
26/07/2019,27.7,27.8,27.5,27.55,5645900
29/07/2019,27.5,27.75,27.5,27.6,898600
30/07/2019,27.5,27.6,27.4,27.45,6603600
31/07/2019,27.5,27.55,27.25,27.55,10863000
01/08/2019,27.5,28,27.5,28,2423000
02/08/2019,28,28,27.5,27.65,1658600
05/08/2019,27.65,27.65,27.5,27.6,1618800
06/08/2019,27.6,27.6,27.3,27.45,3597900
07/08/2019,27.5,27.5,27,27.05,6139400
08/08/2019,27.05,27.5,27.05,27.5,2832400
09/08/2019,27.3,28,27.2,28,10389600
13/08/2019,27.5,28.15,27.5,28,4050300
14/08/2019,27.65,28.15,27.65,28.15,6576500
15/08/2019,28.55,28.75,27.7,28.75,11502100
16/08/2019,28.75,29.6,28.65,29.5,23352400
19/08/2019,29.2,29.55,29,29,13620300
20/08/2019,29.9,29.9,28.95,29.3,33724500
21/08/2019,29.3,29.35,28.95,29,4233900
22/08/2019,29.1,29.2,28.95,28.95,20130900
23/08/2019,29.1,29.1,28.75,28.8,220300
26/08/2019,28.9,28.9,28,28.3,1395100
27/08/2019,28.2,28.3,28.05,28.15,4926000
28/08/2019,29,29,27.95,28,2320900
29/08/2019,28,28.4,28,28.3,1409800
30/08/2019,28.25,28.3,28,28.05,3348700
02/09/2019,28.05,28.3,27.2,28,12684500
03/09/2019,25.6,26.7,25.55,26.45,5592600
04/09/2019,26.2,27,26.2,26.8,12551400
05/09/2019,26.85,28.5,26.7,26.85,19366300
06/09/2019,27,27,26.5,26.85,9506900
09/09/2019,26.85,26.95,26.7,26.9,2307800
10/09/2019,26.9,27.05,26.9,27,3275100
11/09/2019,27,27.4,26.95,27.1,14255500
12/09/2019,28,28,27.05,27.15,1167400
13/09/2019,27.05,27.4,27.05,27.2,1513000
16/09/2019,27.1,27.35,27.1,27.2,1356000
17/09/2019,27.5,27.7,27.05,27.25,5055900
18/09/2019,27.2,27.5,27.15,27.3,1076700
19/09/2019,27.15,27.5,27.15,27.35,2746200
20/09/2019,27.35,28,27.25,27.5,5855100
23/09/2019,27.5,27.6,27.4,27.4,1195000
24/09/2019,27.5,27.75,27.35,27.5,4280400
25/09/2019,28,28,27.4,27.5,30531000
26/09/2019,27.5,27.5,27,27.05,2459600
27/09/2019,27.1,27.4,27.1,27.2,6838100
30/09/2019,27.5,28,27.2,27.5,1392200
01/10/2019,27.25,27.75,27.25,27.55,8742600
02/10/2019,27.55,28,27.5,27.8,8347100
03/10/2019,27.8,28.2,27.8,28.05,5614900
04/10/2019,28.05,28.5,27.8,28.5,9273300
07/10/2019,28,28.55,27.75,28.55,4762700
08/10/2019,28,28.35,28,28.2,1733300
09/10/2019,28,28.45,28,28.45,3544700
11/10/2019,28.45,29,28.2,28.4,4501800
14/10/2019,28,28.45,27.9,27.9,1129700
15/10/2019,28,28.3,27.7,27.95,502000
16/10/2019,28,28,27,27.85,8243800
17/10/2019,27.9,28.5,27.85,28.5,5111400
18/10/2019,28,28.5,28,28,3182300
22/10/2019,28.45,28.55,27.8,28.25,16056000
23/10/2019,28.25,28.55,28.25,28.5,3795000
24/10/2019,28.4,28.75,28.4,28.65,3019500
25/10/2019,28.5,28.9,28.5,28.8,24186000
28/10/2019,28.8,28.95,28.8,28.85,2595300
29/10/2019,29,29,28.8,28.95,4306200
30/10/2019,28.85,29.6,28.85,29.55,22245100
31/10/2019,28.9,29.85,28.9,29.75,23205300
01/11/2019,29.8,30.95,29.8,30.75,7080600
04/11/2019,29.8,30.6,29.8,30.5,8531600
05/11/2019,30.5,30.55,30.4,30.5,6699600
06/11/2019,30.5,31.25,30.5,31.25,40264800
07/11/2019,30.95,31.5,30.8,30.8,10563700
08/11/2019,30.5,30.5,29.8,29.8,5180600
11/11/2019,29.85,29.85,28,29.3,3247300
12/11/2019,29.85,29.85,28.65,29.1,15141600
13/11/2019,29,30,28.7,30,2181600
14/11/2019,30,30,29,29.45,9540500
15/11/2019,29.95,29.95,28.6,28.6,7555600
18/11/2019,29.95,29.95,28.4,28.4,4095900
19/11/2019,28.7,29,28.25,29,2837400
20/11/2019,29.5,29.5,28.55,28.6,1199500
21/11/2019,28.95,28.95,28.25,28.5,10719600
22/11/2019,28.45,29,28.1,29,13372900
25/11/2019,28.1,29,28,28.5,3344500
26/11/2019,28.5,29,28.5,28.85,2350000
27/11/2019,28.75,29,28.7,28.75,4305900
28/11/2019,28.9,29.1,28.45,29,3807600
29/11/2019,29,29.95,29,29.95,14903000
02/12/2019,29.25,29.8,29,29.45,3394400
03/12/2019,29.45,29.75,29.15,29.5,5820700
04/12/2019,29.05,29.5,29,29.4,5233400
05/12/2019,29.5,30,29.4,30,13172100
06/12/2019,29.75,30.25,29.45,30.1,5925100
09/12/2019,29.75,30.25,29.8,30,15072100
10/12/2019,30,30.25,29.8,30,15072100
11/12/2019,30.1,30.6,30,30.5,3516300
13/12/2019,30.15,30.5,30,30.3,14786600
16/12/2019,30.25,30.3,29.8,30,4849500
17/12/2019,30,30.1,29.5,30,20994900
18/12/2019,30,30.5,29.55,30.1,5334700
19/12/2019,30.5,31.1,30.2,31.1,4872100
20/12/2019,30.6,31.5,30.6,31.4,36521700
23/12/2019,30.5,32,30,31.8,7618600
24/12/2019,31.5,32,30.3,31.6,3069600
27/12/2019,31.5,32,31,31.25,938900
30/12/2019,31.5,31.5,30,31.5,5297600
31/12/2019,31.45,31.6,31,31.6,6325600
02/01/2020,31.6,31.6,31,31.5,349300
03/01/2020,31.6,31.8,31,31.65,905000
06/01/2020,31.7,31.7,31.05,31.55,1901800
07/01/2020,31.55,31.7,31.3,31.55,7754500
08/01/2020,31.2,32.5,31.2,32.5,3474800
09/01/2020,32,33.5,31.7,33.25,4160400
10/01/2020,32.8,33.4,32.5,33,4937700
13/01/2020,33,33,32.5,32.65,10670300
14/01/2020,32,32.85,32,32.8,5840900
15/01/2020,32.85,32.85,31.5,32,8751100
16/01/2020,32,32.3,31.5,31.5,12749500
17/01/2020,32,32,31,31.95,8722400
20/01/2020,32,32.3,31.2,32.3,2710900
21/01/2020,31.6,32.3,31.3,31.3,1298900
22/01/2020,31.55,31.75,31.3,31.45,8157000
23/01/2020,31.45,32,31.3,32,11800200
24/01/2020,32,32,31.2,31.3,7263900
27/01/2020,31.5,31.5,30,30,3957800
28/01/2020,30.5,30.5,29.75,29.9,1572800
29/01/2020,30,30.5,29.9,30.25,13109900
30/01/2020,30.7,30.8,30.05,30.7,4690800
31/01/2020,30.3,30.7,30.15,30.65,3359100
03/02/2020,30.5,31,30.3,30.6,1097900
04/02/2020,31.3,31.5,30.8,31.5,10786500
05/02/2020,31.25,32.1,31,32.05,3136700
06/02/2020,31.05,33.3,31.05,33.1,9321100
07/02/2020,33,33,32.8,32.85,18309100
10/02/2020,32.8,32.85,31.55,32.5,2363900
12/02/2020,32.7,32.7,31.75,31.75,12104100
13/02/2020,32,32.05,31.05,31.15,13315500
14/02/2020,31.5,31.5,30.75,30.95,16785200
17/02/2020,31,31.5,30.85,30.95,5945600
18/02/2020,31,31,30,30.05,3515900
19/02/2020,30.5,30.5,29.8,29.9,13930100
20/02/2020,30,30.2,29.9,29.95,14572700
21/02/2020,29.95,30.1,29.85,30,10657300
24/02/2020,29.95,30,29,29.2,4927000
25/02/2020,29.8,29.8,29.4,29.45,7892300
26/02/2020,29.35,29.5,27.95,28.05,5608400
27/02/2020,29,29,28.05,28.05,19384300
28/02/2020,28,28.2,27.75,28,13289800
02/03/2020,27.8,29.5,27.75,28.9,13306000
03/03/2020,28.5,29,28.5,28.9,24017700
04/03/2020,28.9,29.45,28.9,29.1,20095200
05/03/2020,29.45,29.85,29,29.6,545600
06/03/2020,29.5,29.6,29.4,29.45,11035900
09/03/2020,29.5,29.5,26.55,27.5,28108800
10/03/2020,27.35,28.6,27.15,27.8,21310200
11/03/2020,27.8,28.5,27.7,28,12535900
12/03/2020,27.5,27.5,25.35,26.05,38181100
13/03/2020,26.05,26.5,23.5,25.5,29945800
16/03/2020,24.95,25,24,24.6,44232800
17/03/2020,24.55,26.5,24.55,25.1,11561900
18/03/2020,25.5,25.8,25.3,25.5,20856300
19/03/2020,25.8,26,25.35,25.8,13759300
20/03/2020,26,26,25.35,25.5,12077400
23/03/2020,25.5,25.5,24,24.95,14714000
24/03/2020,25,25,24.35,24.75,7508200
25/03/2020,24.5,24.8,24,24.5,9737200
26/03/2020,25,25.05,24.6,25,13626300
27/03/2020,25,26.25,25,26,14913700
30/03/2020,26.25,26.5,26,26,4439600
31/03/2020,27.5,27.5,26.05,26.8,16084600
01/04/2020,26.95,27,26.7,26.95,9821800
02/04/2020,26.95,29,26.95,28.75,9152600
03/04/2020,28.95,29.5,27.9,28.45,16762100
06/04/2020,28.45,28.5,26.9,26.95,14371000
07/04/2020,27.5,27.5,26.7,26.75,15545200
08/04/2020,26.8,26.8,26,26,13279600
09/04/2020,28,28,26,26.7,10166000
14/04/2020,26.35,28,26.3,27,10513800
15/04/2020,28,28,26.6,27.5,9881000
16/04/2020,27.8,27.8,27,27,2906700
17/04/2020,27.45,28.5,27.4,28.5,13712200
20/04/2020,28.5,28.75,28,28.5,7590700
21/04/2020,29,29,28,28,19408900
22/04/2020,28,29.5,27.55,29.5,10969800
23/04/2020,29.45,29.45,28,28.2,5791100
24/04/2020,28.5,28.5,27.2,27.5,9768500
27/04/2020,27.9,28,27.45,27.6,6878900
28/04/2020,28,28,27.6,28,5842300
29/04/2020,28,29.4,28,28.95,2936400
30/04/2020,29,29,27.85,28.9,9712700
04/05/2020,29,29.75,28.5,29.6,15931500
05/05/2020,29.7,30.4,29.5,30.15,8285100
06/05/2020,30.15,30.95,30,30.45,13225200
07/05/2020,30.45,30.45,28.5,29,6657900
08/05/2020,30,30,27.95,28,8408400
11/05/2020,29,29,28,28.25,7687100
12/05/2020,29,29,27.9,28,24178700
13/05/2020,28.5,28.5,27.5,27.8,10501800
14/05/2020,27.8,28,26.9,27,4747600
15/05/2020,27.2,28.5,27.05,28,13420000
18/05/2020,28.6,29,27.85,29,2052300
19/05/2020,29.5,29.5,29,29,8828400
20/05/2020,28.9,29.2,28.9,29,3729400
21/05/2020,29,29,28.7,29,4493700
22/05/2020,28.9,29.5,28.9,29.3,6058400
26/05/2020,29.3,29.35,28.9,29,6702500
27/05/2020,29.3,29.3,28.5,28.5,5680400
28/05/2020,28.5,28.6,27.9,28.25,8063900
29/05/2020,28.85,29.5,28.1,29.5,7418000
02/06/2020,28.6,29,28.2,28.8,13297400
03/06/2020,29,29.95,28.7,29.95,6216700
04/06/2020,29.5,30,29.3,29.75,6359200
05/06/2020,29.7,29.75,29.05,29.75,8197400
08/06/2020,29.5,30,29.3,30,14866900
09/06/2020,30,30,29.3,29.65,6873400
10/06/2020,29.9,30.2,29.65,30,17746500
11/06/2020,30.1,30.95,29.85,30.75,3451800
12/06/2020,30.4,30.65,30,30.4,21340700
15/06/2020,31,31,30.25,30.6,13444800
16/06/2020,30.55,31,30.55,31,8473800
17/06/2020,30.9,31,30.65,31,5444600
18/06/2020,31,31,30.7,30.95,9443700
19/06/2020,30.95,31,30.8,30.8,11886300
22/06/2020,30.95,30.95,29.5,29.5,898900
23/06/2020,30,30,29,29.4,2414400
24/06/2020,29,29.9,28.35,28.5,20739800
25/06/2020,29,29.4,28.2,28.3,18558800
26/06/2020,28.5,29.4,28.25,28.8,8949200
29/06/2020,29,29.5,28.8,28.8,3342400
30/06/2020,29,29,28.6,28.8,8318800
01/07/2020,29,29,28.65,28.8,11597800
02/07/2020,28.95,29.5,28.8,29,3283300
03/07/2020,29,30,29,29.65,943900
06/07/2020,30,30.2,28.9,29,9154500
07/07/2020,30,30,27.9,28.4,22419900
08/07/2020,28.5,28.5,27.8,28,18685800
09/07/2020,28,28,27.25,27.5,30032300
10/07/2020,27.95,27.95,27.4,27.5,12790700
13/07/2020,27.5,28.4,27.4,27.5,4798600
14/07/2020,28.4,28.4,26.75,27,19231100
15/07/2020,27,27.5,26.75,26.8,24455200
16/07/2020,27,27.45,26.95,27.45,16679100
17/07/2020,27,27.25,26.9,27,10761300
20/07/2020,27,27.3,26.8,26.95,6843000
21/07/2020,27.2,27.2,26.45,26.45,31735500
22/07/2020,26.95,27.35,26.5,26.9,21409800
23/07/2020,27,28.4,26.9,27.7,7197400
24/07/2020,27.85,28.8,27.85,28.2,2485900
27/07/2020,28.2,29.95,28.2,28.8,6186700
28/07/2020,29,29,28,28,3034900
29/07/2020,28.3,28.95,28.2,28.2,2254600
30/07/2020,28.35,28.6,28,28.55,11145000
03/08/2020,27.5,27.5,26.8,26.8,30994800
04/08/2020,26.9,27,26.1,26.1,23895400
05/08/2020,26.5,26.5,25.95,26.25,22651600
06/08/2020,26.4,28,26.4,27.8,2125400
07/08/2020,27.5,27.9,27.5,27.5,2152000
10/08/2020,27.8,27.8,27.05,27.5,16156200
11/08/2020,27.5,28,27,28,2276700
12/08/2020,27.5,28,27.3,28,4507100
13/08/2020,28,28.2,27.55,27.7,502400
14/08/2020,27.55,28.2,27.5,28.2,5272400
17/08/2020,28,28.5,28,28,2813300
18/08/2020,28,28.5,27.85,28,5918400
19/08/2020,28,28.2,27.8,28,3095400
20/08/2020,28.2,28.2,28,28.05,1874100
21/08/2020,28.1,28.4,28.05,28.4,11654400
24/08/2020,28.4,28.45,28,28.2,4173300
25/08/2020,28,28.95,28,28.75,17696200
26/08/2020,28.75,29.25,28.55,29,7522200
27/08/2020,29,29.95,29,29.6,10409900
28/08/2020,29.6,30.1,29.3,29.55,11730700
31/08/2020,29.75,30,29.5,29.5,25963400
01/09/2020,29.95,29.95,29.5,29.9,2291000
02/09/2020,29.9,30.05,29.5,29.7,25815000
03/09/2020,30,30.1,29.5,30.1,3234000
04/09/2020,30,30.3,29.3,29.5,3278800
07/09/2020,29.2,29.5,29.05,29.05,12957200
08/09/2020,29,29.2,28.75,29.2,1652300
09/09/2020,29.05,29.5,28.55,29.5,1831200
10/09/2020,30,30,29.2,30,28936700
11/09/2020,29.3,30.15,29.3,30.1,6191200
14/09/2020,30,30,29.3,29.9,378400
15/09/2020,29.9,30.25,29.9,30.15,5077200
16/09/2020,30,30.5,29.8,30,13625100
17/09/2020,30,30.15,29.5,29.5,115836300
18/09/2020,29.2,30,29,29.95,5894100
21/09/2020,30,30,29.3,29.5,1425100
22/09/2020,29.9,30.4,29.5,30.4,9994800
23/09/2020,30.05,30.4,29.35,29.35,13820000
24/09/2020,29.1,30.1,29.1,30,10557800
25/09/2020,30,30.05,29.5,30.05,12093900
28/09/2020,30,30.05,29.5,29.95,5393200
29/09/2020,29.55,30,29.5,29.75,1216000
30/09/2020,29.95,30.25,29.7,29.8,16260700
01/10/2020,30,30.05,29.7,29.8,1949700
02/10/2020,30,30.15,29.8,29.8,4287500
05/10/2020,29.9,30.05,29.7,30,1100500
06/10/2020,30,30.15,29.9,30.1,5086100
07/10/2020,30,30.6,30,30.55,3276800
08/10/2020,30.15,30.5,30,30.05,6302700
09/10/2020,30.05,30.2,30,30.05,5908500
12/10/2020,30.05,30.1,30,30.1,3140000
13/10/2020,30,30.5,30,30.5,3837600
14/10/2020,30.15,30.45,30,30,12379000
15/10/2020,30,30.1,30,30,102800
16/10/2020,30,30.2,30,30.05,2402400
19/10/2020,30.1,30.2,30.05,30.1,2050100
21/10/2020,30.1,30.55,30.1,30.3,6682400
22/10/2020,30.25,31,30.25,30.7,1423800
23/10/2020,30.65,31.2,30.5,30.5,13401700
26/10/2020,30.5,30.95,30.1,30.5,666900
27/10/2020,30.55,30.8,30.5,30.7,5362700
28/10/2020,30.8,30.8,30.5,30.6,5808600
29/10/2020,30.5,30.8,30.1,30.45,4669400
30/10/2020,30.3,31.15,30.1,31.05,6717400
02/11/2020,31.2,31.6,31,31.6,7894900
03/11/2020,30.85,31.7,30.7,31.2,15696300
04/11/2020,31.25,31.25,30.3,31.1,9494900
05/11/2020,31.1,31.3,31,31.25,5517900
06/11/2020,31,31.5,31,31.35,3200800
09/11/2020,31.25,31.3,30,31,2275300
10/11/2020,31,31.35,30.8,31.3,6330700
11/11/2020,30.5,32.5,30.3,32,8444700
12/11/2020,32,32.5,31.5,31.95,10734800
13/11/2020,30.85,32,30.85,32,3265800
16/11/2020,31.7,32.35,31.5,32,2511300
17/11/2020,32,32.1,31.5,32.1,4834700
18/11/2020,32,32,31.7,31.9,3010300
19/11/2020,32,32,31.3,31.3,1060600
20/11/2020,31.5,32.2,31,32,19617600
23/11/2020,31.95,32,31.5,31.6,2236900
24/11/2020,32,32.1,31.5,31.75,3455300
25/11/2020,32,32.3,31.75,32,5307500
26/11/2020,32,32.15,31.75,32,2954800
27/11/2020,32.2,32.2,31.75,31.75,3907100
30/11/2020,32,33.45,32,32.3,23703800
01/12/2020,32.7,33,32.05,32.55,10666600
02/12/2020,32.5,33,32.3,32.6,13888800
03/12/2020,32.95,33.1,32.5,32.9,22937000
04/12/2020,33.1,33.75,32.35,33.55,24609700
07/12/2020,33,33.5,32.5,33,1243900
08/12/2020,33.05,33.1,32.7,33,4133600
09/12/2020,32.8,33,32.55,32.55,9002200
10/12/2020,32.6,32.95,31.8,32.8,23692900
11/12/2020,32.8,33,32.1,33,4205400
14/12/2020,32.8,33.5,32.7,33.2,2534600
15/12/2020,33,33.25,32.75,33,6861000
16/12/2020,32.75,33,32.5,32.5,6442300
17/12/2020,32.8,33.5,32.5,33.5,5216400
18/12/2020,33,33.95,32.75,33.6,4546800
21/12/2020,33,33.8,33,33.5,1363900
22/12/2020,33.5,34.05,33.2,33.8,4497100
23/12/2020,34,34.1,33.5,34,3049800
24/12/2020,33.85,34.1,33.85,34,3088500
28/12/2020,34,34.2,33.85,34,1832100
29/12/2020,34,34.25,33.9,34.15,898300
30/12/2020,34.4,34.4,33.95,34.25,4020000
31/12/2020,34.25,34.5,34.15,34.15,1342600
04/01/2021,34,34.5,34,34.25,3591000
05/01/2021,34.3,35,34.1,34.75,7743600
06/01/2021,35,35.05,34.5,34.7,7923000
07/01/2021,35,35.05,34.6,34.9,2094700
08/01/2021,35,35,34.75,34.8,4857800
11/01/2021,34.5,35,34.5,34.8,3905300
12/01/2021,34.5,35.05,34.25,35,7783600
13/01/2021,35,35.25,35,35.25,2770000
14/01/2021,35,37,35,36.6,8378100
15/01/2021,36.6,36.6,36.25,36.5,13225100
18/01/2021,36.5,36.5,36,36.45,8334900
19/01/2021,36.3,36.5,36.2,36.4,3441900
20/01/2021,36.25,36.35,35.05,35.9,4645200
21/01/2021,35.6,35.9,34.95,35.5,3976400
22/01/2021,35.5,36,35,35.6,3037000
25/01/2021,35.5,36.75,35.5,36.3,10100000
26/01/2021,36.3,37,36.15,36.55,2089800
27/01/2021,36.4,36.5,36.2,36.25,14316900
28/01/2021,36.5,36.5,35.5,36,4469900
29/01/2021,36.25,36.25,35.5,35.5,3596400
01/02/2021,35.8,35.85,34.95,35.5,10614000
02/02/2021,35.5,35.8,35.05,35.75,10443600
03/02/2021,35.5,36.95,35.5,36.4,3181300
04/02/2021,36.2,37.2,36.2,37.05,18668800
05/02/2021,36.95,37,35.75,35.75,226400
08/02/2021,35.75,36.25,35.75,35.9,2542000
09/02/2021,36,37,36,36.5,8129600
10/02/2021,36.6,36.85,36,36.85,2833100
11/02/2021,36.65,38,36.65,37.5,3948700
12/02/2021,37.85,39,37.8,38.75,2847000
15/02/2021,39.25,39.25,38.55,38.8,6090000
16/02/2021,39,39,38.25,38.6,5197800
17/02/2021,38.6,38.9,38.35,38.65,7737700
18/02/2021,38.55,38.9,38.1,38.45,2235000
19/02/2021,38.5,38.95,38.45,38.9,7395700
22/02/2021,39,39.05,38,38.8,12603100
23/02/2021,38.55,39.25,38.55,38.95,21385900
24/02/2021,38.8,39,38.55,38.75,9979400
25/02/2021,38.9,39,38.7,39,5449000
26/02/2021,38.9,39,38.1,38.1,4880400
01/03/2021,38.5,39,38.1,39,5745000
02/03/2021,38.55,38.75,38,38,10457400
03/03/2021,38.7,38.95,37.5,37.5,1498800
04/03/2021,38,38,37.05,37.45,11565600
05/03/2021,37.45,38,37,37,2917100
08/03/2021,37.7,37.7,35.5,35.85,8741900
09/03/2021,36,36.9,35.5,36.3,7272100
10/03/2021,36.3,38.5,36.3,38.05,15450500
11/03/2021,37.7,38.1,36.95,37.5,9576300
12/03/2021,37.5,37.5,36.75,37.1,3094100
15/03/2021,37.1,37.5,37.05,37.25,7024800
16/03/2021,37.4,38,37,37.5,8374200
17/03/2021,37.5,38,37.4,37.55,232900
18/03/2021,37.65,38.4,37.6,38.2,1857800
19/03/2021,38.25,39,38.2,38.85,3192500
22/03/2021,38.7,39.25,38.5,39.2,7901600
23/03/2021,39.05,39.5,39.05,39.45,8991700
24/03/2021,39.75,39.75,39,39.5,8307800
25/03/2021,39.5,39.95,38.9,39.15,2262900
26/03/2021,38.5,39,38.5,38.5,3904500
29/03/2021,38,38.45,37.4,37.65,8527800
30/03/2021,37.7,38,36.95,36.95,16954900
31/03/2021,37.25,37.25,35.8,36.4,14718400
01/04/2021,36.5,37.3,36.15,37,7286500
06/04/2021,37.05,37.05,36.4,36.9,2456300
07/04/2021,36.95,37,36.5,36.6,17077300
08/04/2021,36.25,36.7,36,36.15,10535500
09/04/2021,36.25,36.4,36,36.35,8004600
12/04/2021,36.3,37,36.3,36.7,3348200
13/04/2021,36.5,37,36.5,37,8410100
14/04/2021,37,37.5,36.7,37.2,7655200
15/04/2021,37.35,38.45,37.35,38.45,7139700
16/04/2021,38.15,38.55,38.15,38.15,5569200
19/04/2021,38,38.4,37.8,37.9,2238300
20/04/2021,38.2,38.9,38,38.9,5128500
21/04/2021,38.6,39.25,38.5,39.1,9418500
22/04/2021,38.8,39.25,38.8,39.1,2293400
23/04/2021,39.1,39.1,38,38.5,2854800
26/04/2021,38.5,39.2,38.4,39,6809000
27/04/2021,39,39.6,39,39.5,10080800
28/04/2021,39,40.2,39,40.2,11071200
29/04/2021,40.5,41,40,40.25,10140200
30/04/2021,40.25,40.65,40,40.5,10465400
03/05/2021,40.5,41,40.3,40.5,3331500
04/05/2021,40.55,41,40.45,40.55,9132400
05/05/2021,40.55,40.75,40.45,40.45,4582700
06/05/2021,40.5,40.85,40.3,40.8,10568600
07/05/2021,40.7,40.9,40.65,40.85,15341400
10/05/2021,40.65,41.25,40.65,40.85,3927500
11/05/2021,40.8,40.95,40,40,12185800
12/05/2021,40.05,40.55,39.6,39.9,5833200
13/05/2021,39.9,39.9,39,39.4,2321100
17/05/2021,39.4,39.5,38.65,38.85,24876500
18/05/2021,39,39,38.1,38.25,7811900
19/05/2021,38.3,39,37.8,39,20924500
20/05/2021,39,39.95,38.1,39.95,3253700
21/05/2021,39.45,40.1,39.05,40,10058400
24/05/2021,40.85,43.45,40.85,42.2,8560800
25/05/2021,42.5,43.1,42.05,42.55,19488900
26/05/2021,42.75,42.8,41.1,41.2,6141500
27/05/2021,41.9,41.9,39.25,40,13876200
28/05/2021,40.5,42.2,40,42,14150900
31/05/2021,41.8,41.8,40,41,1955700
02/06/2021,41.85,41.85,40.3,41.5,5847500
03/06/2021,41.3,41.75,40.5,40.5,4545100
04/06/2021,41.1,41.1,40.2,40.55,1004200
07/06/2021,40.55,41,40.5,40.6,3101100
08/06/2021,40.6,41.2,40.6,41.1,1140500
09/06/2021,41.05,41.5,41,41,12544200
10/06/2021,41,41.55,41,41.25,6835900
11/06/2021,41.3,41.8,41,41.25,20279400
14/06/2021,41.25,41.7,41.25,41.55,805800
15/06/2021,41.5,42,41.3,41.7,4987800
16/06/2021,41.45,42.2,41.45,42.1,9027100
17/06/2021,41.9,41.95,41.25,41.25,1814900
18/06/2021,41.9,41.95,41.05,41.25,12133300
21/06/2021,41.25,41.4,41,41.25,2453100
22/06/2021,41.5,41.5,41.05,41.3,18738600
23/06/2021,41,41.3,41,41.15,5347200
24/06/2021,41.25,41.25,40.8,41.1,9055800
25/06/2021,41,41.25,40.5,40.55,7035700
28/06/2021,41,41,40.45,40.85,5135400
29/06/2021,40.9,41.75,40.55,41.75,5822600
30/06/2021,41,42,41,42,1567300
01/07/2021,41.75,42.45,41.25,41.25,6616500
02/07/2021,41.25,42,41.2,41.3,10369000
05/07/2021,41.35,41.5,41.25,41.3,3303100
06/07/2021,41.4,41.5,41.2,41.3,8916600
07/07/2021,42,42,41,41.5,6559400
08/07/2021,41.4,41.5,41.05,41.2,2191900
09/07/2021,41.2,41.45,41.2,41.3,4145900
12/07/2021,41.3,41.4,40.65,40.65,1212400
13/07/2021,41,41.5,40.7,41.2,6093200
14/07/2021,41.5,42.4,41.2,42.4,1736900
15/07/2021,42.2,42.95,41.55,42.6,3754200
16/07/2021,42.9,42.9,42.3,42.75,7553700
19/07/2021,42.9,42.9,41.75,42.75,5471700
21/07/2021,42.5,42.9,42.5,42.8,8159300
22/07/2021,42.95,42.95,42.5,42.8,4880100
23/07/2021,42.8,43,42.55,42.8,6664300
26/07/2021,43,43,42.55,42.75,754600
27/07/2021,42.75,42.8,41.1,41.5,3433400
28/07/2021,42,42.55,41.3,42,3179300
29/07/2021,41.55,42.15,41.55,41.8,3728700
30/07/2021,42,42.35,41.75,42.1,9102400
02/08/2021,41.5,41.55,41,41.05,3375700
03/08/2021,41.3,41.3,41,41.15,3433600
04/08/2021,41.05,41.2,41.05,41.1,752200
05/08/2021,41.1,41.65,41.1,41.5,7336300
06/08/2021,41.3,42.75,41.3,42.05,3268000
09/08/2021,42.1,43.2,42,43,15584900
10/08/2021,43,43.2,42.7,42.7,3824400
11/08/2021,42.95,43,42.5,43,7164800
12/08/2021,43.1,43.2,42.7,43,1311600
13/08/2021,43.2,43.25,42.85,43,509200
16/08/2021,43.2,44.25,43,43.6,5818000
17/08/2021,43.65,45.25,43.6,44.5,11965700
18/08/2021,45,45,43.65,43.7,4263100
19/08/2021,44.2,44.2,43.6,43.85,25494800
20/08/2021,43.85,44.75,43.6,44.65,5049400
23/08/2021,44.3,45.25,44,44.6,7715500
24/08/2021,44.45,45,44,44.6,2803400
25/08/2021,44.95,44.95,44,44.5,6118200
26/08/2021,44.3,45,44,44.4,8272700
27/08/2021,44.3,44.9,43.65,44.15,1947700
30/08/2021,44.3,44.3,43.6,43.6,614400
31/08/2021,43.6,44,42.05,42.35,6505200
01/09/2021,42.4,42.95,42,42.55,6425500
02/09/2021,42.6,42.6,42.25,42.25,1743000
03/09/2021,42.45,42.45,42,42.25,2360600
06/09/2021,42.15,42.4,41.8,42,2349500
07/09/2021,41.5,42,41.4,41.6,5436400
08/09/2021,41.95,42.15,41.8,42.05,5013700
09/09/2021,42.1,42.6,42.1,42.2,7335800
10/09/2021,42.2,42.55,42,42.3,4192100
13/09/2021,42.5,42.8,42.25,42.35,9208200
14/09/2021,42.35,43,42.2,42.4,5672500
15/09/2021,42.35,43,42.35,42.5,6201000
16/09/2021,42.5,43,42.5,43,9420400
17/09/2021,42.6,43.9,42.6,43.3,3732700
20/09/2021,43.15,43.5,42.45,42.45,1645900
21/09/2021,42.65,43,41.5,41.65,11426100
22/09/2021,41.65,42,41.65,41.9,7928200
23/09/2021,42,42.4,41.8,41.85,7496400
24/09/2021,41.8,42,41.75,41.8,1225100
27/09/2021,41.95,42.05,41.7,41.7,7587400
28/09/2021,41.8,41.85,41.4,41.5,2098200
29/09/2021,41.6,42.5,41.15,41.85,3495900
30/09/2021,41.65,42.75,41.3,42.5,6713400
01/10/2021,42,44,42,44,2299500
04/10/2021,44,44,43,43.65,5958000
05/10/2021,43.6,43.7,42.65,43,6028700
06/10/2021,43.5,43.5,42.5,42.5,13218200
07/10/2021,42.95,42.95,42.05,42.2,2423000
08/10/2021,42,42.35,41.55,41.8,22194200
12/10/2021,41.65,42.2,41.6,42.05,10915100
13/10/2021,42.1,42.35,41.65,42,482500
14/10/2021,42,42.55,41.85,42,2458200
15/10/2021,42.55,43.55,42.5,43.15,11272800
18/10/2021,43,43.2,42.3,42.9,5229800
19/10/2021,43,43,42,42.5,6477500
21/10/2021,42.5,42.85,42.4,42.5,9642700
22/10/2021,42.5,43.1,42.25,43,2725100
25/10/2021,42.5,42.95,41.7,41.7,9908300
26/10/2021,41.8,42.2,41.5,42,1093400
27/10/2021,42.2,42.2,41.85,42.2,3569600
28/10/2021,42.2,43.1,42,42.7,3650300
29/10/2021,42.5,43,42.1,42.15,4171800
01/11/2021,42.7,42.75,41.6,41.8,2655400
02/11/2021,41.5,42,41.5,41.7,3619800
03/11/2021,41.5,41.8,41.25,41.25,8129600
04/11/2021,41.45,41.5,40.5,40.8,4115800
05/11/2021,40.8,40.8,39.5,40.3,4074300
08/11/2021,40.15,40.7,39.9,40,2162200
09/11/2021,40,40.35,39.9,40.1,15943500
10/11/2021,40.1,40.9,40.05,40.05,8330900
11/11/2021,40.05,40.6,40,40.35,15630100
12/11/2021,40.35,40.5,40,40.25,6007400
15/11/2021,40.2,40.3,39.85,40.2,7309400
16/11/2021,40.2,40.2,40,40.1,744000
17/11/2021,40,40.1,39.55,39.8,6123300
18/11/2021,39.95,39.95,39.6,39.8,2667100
19/11/2021,39.7,39.7,38.55,38.95,16376700
22/11/2021,38.8,39,36.05,37.5,3760000
23/11/2021,37.95,38.25,36.75,37.1,6190100
24/11/2021,38,38,36.6,36.7,15040900
25/11/2021,36.5,37.5,36.5,37.05,24867700
26/11/2021,37.5,38.5,37.05,38.25,62798300
29/11/2021,38,38.5,37,37.55,8976600
30/11/2021,38,38.15,37.55,37.55,15651000
01/12/2021,37.95,38.25,37.6,38,11304200
02/12/2021,38,38.45,37.5,37.6,9865300
03/12/2021,37.85,37.85,36.8,37,6319400
06/12/2021,37.05,37.2,36.5,36.5,5032000
07/12/2021,36.9,36.95,36,36.55,12844300
08/12/2021,37,37,36.5,36.75,10120600
09/12/2021,36.65,37.55,36.5,37.55,12216600
10/12/2021,37.9,38,37.6,37.95,7431200
14/12/2021,38,38.2,37.3,37.3,9801200
15/12/2021,37.4,37.9,37.4,37.75,9682800
16/12/2021,37.8,38,37.65,37.75,6317300
17/12/2021,38,38,37.7,38,2245600
20/12/2021,37.9,38.5,37.75,38,9517100
21/12/2021,37.95,38.45,37.8,38.15,4404400
22/12/2021,38.45,39,38.2,39,5159400
23/12/2021,39.5,40.25,39.05,40,7033100
24/12/2021,39.55,40.1,39.55,40.1,4242200
28/12/2021,40.1,40.1,38,38.05,1047800
29/12/2021,39.55,39.55,38.05,38.1,330800
30/12/2021,38.3,38.3,37.1,37.15,1352500
31/12/2021,37.15,38,37.15,38,6797900
03/01/2022,38,38.65,37.8,38.5,9414200
04/01/2022,38.75,39.5,38.65,39,4115300
05/01/2022,39,40,39,39.6,6747300
06/01/2022,40,40.1,39.55,40,5136500
07/01/2022,40,40,38.9,39.45,4576700
10/01/2022,39.45,39.5,38.25,38.4,4630700
11/01/2022,38.5,38.65,38.2,38.25,7366200
12/01/2022,38.2,38.3,37.75,38,5913400
13/01/2022,38,38,37.8,37.9,2428200
14/01/2022,37.9,38,37.75,37.75,2009000
17/01/2022,37.85,37.95,37.5,37.65,4225900
18/01/2022,37.95,37.95,37.3,37.4,1004400
19/01/2022,37.5,37.5,36.6,36.9,10997900
20/01/2022,37,37.75,37,37.5,3168800
21/01/2022,37.5,37.6,37.2,37.5,4757900
24/01/2022,37.65,37.65,37,37,3478500
25/01/2022,37.2,37.3,36.05,36.3,7909100
26/01/2022,36.5,36.6,35.55,36.6,7084400
27/01/2022,36.25,36.8,35.7,35.7,2088100
28/01/2022,35.85,37.45,35.8,36.65,11041100
31/01/2022,36.5,37.5,36.5,36.55,2867800
01/02/2022,37,38,36.8,37.2,1874300
02/02/2022,37.5,38.4,37.1,37.8,5128600
03/02/2022,37.8,38.2,37.8,38,20020300
04/02/2022,38,38.5,37.85,38,1182300
07/02/2022,38,38.5,37.9,38.05,2911600
08/02/2022,38.05,40,38.05,38.6,15629900
09/02/2022,38.6,38.8,38.05,38.5,5454100
10/02/2022,38.7,38.95,38.5,38.5,14587600
11/02/2022,38.5,38.7,38.05,38.6,413900
14/02/2022,38.5,38.6,37.5,37.5,2071100
15/02/2022,38,38.5,37,37.75,11463100
16/02/2022,37.35,38.3,37.35,38,6751700
17/02/2022,38,38.1,37.7,38,6805600
18/02/2022,38,38,37.75,37.95,2057900
21/02/2022,37.95,38,37.9,37.95,1566100
22/02/2022,37.9,38.05,37,37.35,6843800
23/02/2022,37.8,37.8,35.65,36.5,2530300
24/02/2022,36,36.45,34.05,35,18336200
25/02/2022,35.1,36.5,35.05,36,10821100
28/02/2022,36.7,36.75,35.7,35.9,11298700
01/03/2022,35.7,36.8,35.7,36.65,1549700
02/03/2022,36.5,37.5,36.3,37.35,10535600
03/03/2022,37.35,37.75,37,37.5,5712100
04/03/2022,37.5,37.7,37.4,37.5,7450400
07/03/2022,37.4,37.5,36.25,36.4,1753300
08/03/2022,36.45,37,35,35.4,10434800
09/03/2022,36.05,36.05,34.9,35,5545700
10/03/2022,35.1,35.5,34.8,35.5,9826100
11/03/2022,35.2,36,35.2,35.5,1807600
14/03/2022,35.6,35.6,35.3,35.55,2714200
15/03/2022,35.6,36.8,35.3,35.5,3006700
16/03/2022,35.5,35.5,34.9,35.3,5152100
17/03/2022,35.25,35.5,34.5,35.05,7984300
18/03/2022,34.95,35.4,34.25,35.4,2834500
21/03/2022,34.95,35.95,34.95,35.75,2363700
22/03/2022,36,37,34.3,36.15,4567700
23/03/2022,36.15,36.15,35.6,35.85,5695100
24/03/2022,35.95,35.95,35,35.55,2465300
25/03/2022,35.95,36.05,35.5,36,1192700
28/03/2022,35.5,35.7,35.1,35.4,4134200
29/03/2022,35.4,35.5,35.2,35.4,1759300
30/03/2022,35.45,35.5,34.55,34.75,4293000
31/03/2022,34.75,34.85,33.5,33.9,6621600
01/04/2022,33.9,35.05,33.9,34.75,12740700
04/04/2022,34.95,36,34.85,36,3006000
05/04/2022,35.35,35.8,35.3,35.5,2668200
06/04/2022,35.4,35.5,34.9,35.4,2546600
07/04/2022,35.4,35.4,34.9,34.95,4939800
08/04/2022,35.1,35.1,34.7,34.95,1899000
11/04/2022,35,35,34,34.1,654600
12/04/2022,34.2,35.05,34,35.05,16427400
13/04/2022,35,35.9,35,35.05,9471400
14/04/2022,35.5,35.9,35,35.5,942000
19/04/2022,35.35,35.5,34.9,35.15,16557300
20/04/2022,35,35.5,35,35.1,2113100
21/04/2022,35.1,35.45,34.5,34.5,15472200
22/04/2022,34.5,35,34,34.45,2441600
25/04/2022,35,35,33.9,33.9,2071900
26/04/2022,34,34,33.25,34,3325700
27/04/2022,34,34,33.5,33.9,2155100
28/04/2022,33.9,33.9,33.5,33.7,3389800
04/05/2022,33.7,34,33.2,33.4,10003100
05/05/2022,33.4,33.45,32,32.3,382700
06/05/2022,32.85,33,31.5,32,19178800
09/05/2022,32,32.5,32,32.5,22141100
10/05/2022,32.25,32.95,32,32.4,11056900
11/05/2022,32.5,33,32.3,32.55,9180000
12/05/2022,32.95,33.2,31,31.5,4952400
13/05/2022,31.8,31.8,30,30.3,2640500
16/05/2022,31,31,30.1,30.4,12643600
17/05/2022,30.3,30.55,30.1,30.1,5200100
18/05/2022,30.5,30.5,28,29.45,6899300
19/05/2022,29.45,29.45,27.5,28,3844600
20/05/2022,28.5,28.5,27.5,27.7,2596200
23/05/2022,27.7,28,26.05,26.5,5713100
24/05/2022,26.5,26.9,25.5,26.8,20684200
25/05/2022,27,27,26.5,26.75,7833200
26/05/2022,26.75,27.25,26.55,26.75,15557000
27/05/2022,26.95,27,26.3,26.3,5134300
30/05/2022,26.8,26.8,26,26.3,2565300
31/05/2022,26.3,26.45,25.95,26.05,20079900
02/06/2022,26.25,26.4,25.95,26.4,7618600
03/06/2022,26.45,26.85,26.05,26.2,7264000
06/06/2022,26.85,27.05,26.3,26.45,5323200
07/06/2022,26.75,26.85,26.3,26.85,10187100
08/06/2022,26.75,27,26.35,26.95,10383400
09/06/2022,26.95,27.9,26.55,27.1,11001700
10/06/2022,27.8,28,26.6,27.4,12130500
13/06/2022,27.4,27.4,26.4,26.5,16953300
14/06/2022,26.5,27.3,26.2,26.45,5509800
15/06/2022,26.4,26.7,25.45,25.5,18507900
16/06/2022,25.5,25.8,24.5,24.5,4425700
17/06/2022,25,25.5,24.1,24.2,18296800
20/06/2022,24.5,24.9,24.2,24.3,801800
21/06/2022,24.5,24.9,23.75,24,15713500
22/06/2022,24,24,23.3,23.3,30606100
23/06/2022,23.8,23.8,23.35,23.5,502800
24/06/2022,23.6,24,23,24,36145200
27/06/2022,24,24,23,23.3,4577100
28/06/2022,23.3,24,23.15,23.35,4773300
29/06/2022,24,25.5,23.5,25,1840500
30/06/2022,25.25,26.5,24.5,24.9,8554700
01/07/2022,25,26.45,24.9,25.95,15171700
04/07/2022,25.95,27.55,25.95,27.3,7884000
05/07/2022,27.55,28,27.2,27.5,18317400
06/07/2022,27.95,28.7,27.5,27.5,11302300
07/07/2022,28,28,27.8,27.8,6109800
08/07/2022,28,28.7,28,28.3,4897700
12/07/2022,29,30,28.35,30,9781300
13/07/2022,30,30.5,29.95,30.25,6032300
14/07/2022,30.5,32.5,30.25,32.5,2795900
15/07/2022,32.95,33,29.5,31.5,2575700
18/07/2022,31,31.7,29,29.8,3273000
19/07/2022,29.8,29.8,28.5,28.85,2678200
20/07/2022,29,29,28,28.9,8901200
21/07/2022,28.7,29.5,28.2,28.95,3783100
22/07/2022,29.75,30,28.95,29.25,6648900
25/07/2022,29.5,30,29,29,2313900
26/07/2022,29.2,29,28.9,29,2508100
27/07/2022,29.5,29.95,29,29.95,568100
28/07/2022,30,30.4,29.9,30,3515200
29/07/2022,30.4,30.4,29.5,29.5,1843600
01/08/2022,29,30,28.8,29.15,3002100
02/08/2022,29.95,30.1,29.5,29.6,8482600
03/08/2022,29.6,30,29.55,29.9,6899200
04/08/2022,29.75,30.45,29.6,30,4305000
05/08/2022,30.4,30.5,30,30,1242900
08/08/2022,30.5,30.6,29.95,30.5,12711700
10/08/2022,30.5,31.1,30,31,2025600
11/08/2022,31.5,32.5,31.1,31.7,2415600
12/08/2022,31.95,31.95,30.85,31,1332600
15/08/2022,31,31.8,30.9,31.05,5086300
16/08/2022,31.1,31.5,31,31,2411300
17/08/2022,31,31.8,30.9,31,7573100
18/08/2022,31,31.15,30.5,31,1947200
19/08/2022,31.1,31.3,30.7,30.9,6192400
22/08/2022,31.3,31.3,29.8,29.85,3324700
23/08/2022,29.85,30,29.15,29.5,2585600
24/08/2022,29.5,29.8,28.05,29,3560300
25/08/2022,29,29,28,28.8,1614000
26/08/2022,28.45,29,28,28.05,4559100
29/08/2022,28.05,29,28,28.95,1756700
30/08/2022,29,29,28.1,28.1,5198300
31/08/2022,28.5,28.5,27.5,28.2,12171700
01/09/2022,28.5,28.5,27.75,27.9,14308900
02/09/2022,28,29.8,27.95,29,7760900
05/09/2022,28,30.6,28,30,4281700
06/09/2022,30.6,31.85,30.15,31,7397300
07/09/2022,30.9,30.9,29.5,29.7,4653700
08/09/2022,30,30,29.7,29.7,3071200
09/09/2022,29.95,29.95,28.8,29,3144600
12/09/2022,29,29,28.4,28.6,13162200
14/09/2022,28.95,28.95,27.85,28,4601200
15/09/2022,27.9,28,26.6,26.8,19525800
16/09/2022,26.8,27,26.4,27,13486400
19/09/2022,27.1,28,26.6,27.5,1335500
20/09/2022,27.7,28,27.05,27.5,5351600
21/09/2022,28,28,27.4,27.5,6238800
22/09/2022,28,28,27.4,28,9561000
23/09/2022,28,28,26.8,27,13487700
26/09/2022,27.5,27.95,26.2,26.5,7178600
27/09/2022,26.95,26.95,25.95,26.1,4702900
28/09/2022,26.5,26.5,25.75,25.9,3706500
29/09/2022,26,26,24.7,24.8,2863700
30/09/2022,25.05,25.05,24.85,24.85,4541600
03/10/2022,24.8,24.8,24.5,24.8,591400
04/10/2022,25,25,23.9,24,10379300
05/10/2022,24.35,24.45,23.65,23.65,10551300
06/10/2022,24,24.3,23.6,24,40335300
07/10/2022,24.5,26,24,25.2,20918000
11/10/2022,25.5,26.5,25.5,26,9481300
12/10/2022,26,26.7,25.25,25.65,12788300
13/10/2022,25.95,26,25.25,25.85,3895200
14/10/2022,25.95,26,25.15,25.3,555000
17/10/2022,25.5,25.5,25.25,25.5,884700
18/10/2022,25.5,25.5,25.3,25.5,1322500
19/10/2022,25.5,25.5,25.25,25.5,865100
21/10/2022,25.45,25.5,24.55,24.75,2163100
24/10/2022,25.5,25.5,24.35,24.5,687200
25/10/2022,24.35,25,24.25,24.25,1719200
26/10/2022,24.5,25.25,24.5,25,3942600
27/10/2022,25.4,25.5,25,25,184300
28/10/2022,25.5,25.5,24.6,25.5,5331000
31/10/2022,25.5,25.5,24.8,24.95,2762400
01/11/2022,25,25.1,24.95,25.1,12664700
02/11/2022,25.05,25.1,24.4,24.7,2707000
03/11/2022,24.7,25,24.5,24.55,1566400
04/11/2022,24.8,25,24.5,24.9,7198300
07/11/2022,25,25.1,24.55,25,443100
08/11/2022,25,25.5,24.95,25.35,5075700
09/11/2022,25.4,25.6,25.05,25.4,1825300
10/11/2022,25.4,26,25.3,25.55,4195400
11/11/2022,25.6,26,24.95,25.4,7744500
14/11/2022,25.35,26,24.9,25,2129000
15/11/2022,25.4,25.45,25,25.15,8613200
16/11/2022,25.2,25.5,25.05,25.2,20419500
17/11/2022,25.5,25.5,25.05,25.2,5792100
18/11/2022,25.5,25.5,25.05,25.5,12424900
21/11/2022,25.05,25.6,25,25.25,5305700
22/11/2022,25.6,25.6,24.85,25,1515000
23/11/2022,25.35,25.35,24.8,24.8,4009000
24/11/2022,24.9,25,24.4,24.75,1180300
25/11/2022,24.8,24.95,24.5,24.5,499100
28/11/2022,24.65,25,24.45,24.75,678800
29/11/2022,24.7,24.8,24.25,24.3,2798100
30/11/2022,24.35,24.7,24.2,24.5,3735200
01/12/2022,24.8,24.8,24.4,24.5,323600
02/12/2022,24.5,24.5,24.2,24.2,5275400
05/12/2022,24.5,24.5,23,23.5,3762700
06/12/2022,24,24.4,23.5,24.1,2657200
07/12/2022,24.35,25,23.9,24,3595800
08/12/2022,24.5,24.5,24.05,24.2,6624500
09/12/2022,24.2,25,24.1,24.3,1258500
13/12/2022,24.5,25,24.5,24.9,876500
14/12/2022,24.65,25.1,24.65,24.9,1645100
15/12/2022,25.1,25.1,24.55,24.75,2925800
16/12/2022,25,25.3,24.75,25,4606000
19/12/2022,25,25,24.8,24.85,264400
20/12/2022,25,25,24.6,24.8,901200
21/12/2022,25,25,24.5,24.7,2791700
22/12/2022,25,25,24.5,24.5,1202000
23/12/2022,24.75,24.8,24.3,24.5,624400
28/12/2022,24.7,24.7,24.3,24.45,153100
29/12/2022,24.5,24.5,23.9,24.4,3306100
30/12/2022,24,24.5,24,24.15,13959200
03/01/2023,24.15,24.4,24,24.1,575900
04/01/2023,24,24,23.8,23.85,1882800
05/01/2023,24,24,23.8,23.9,279300
06/01/2023,23.9,23.9,23.4,23.5,2024400
09/01/2023,23.5,23.9,23.15,23.15,3736500
10/01/2023,23.5,23.5,22.8,22.8,5557600
11/01/2023,22.85,22.85,22.5,22.5,689700
12/01/2023,22.5,22.5,22.15,22.45,3003600
13/01/2023,22.15,22.35,21.5,22,2403000
16/01/2023,22,22,21,21,1927800
17/01/2023,21.5,21.5,20.5,20.8,4056800
18/01/2023,21,21.5,20.5,20.7,57134500
19/01/2023,21,22.05,21,21.8,107510300
20/01/2023,21.8,23.65,21.8,22.5,2449000
23/01/2023,22.95,23,22.5,23,2274700
24/01/2023,23,23.5,22.85,23.5,8077900
25/01/2023,23.2,24.95,23,23.05,12920300
26/01/2023,23.95,23.95,23,23.5,1304000
27/01/2023,23.5,23.5,23,23,622600
30/01/2023,23.65,24,23,23.1,847500
31/01/2023,23.2,23.6,23,23.5,1940200
01/02/2023,23.9,24.45,23.05,24,7298100
02/02/2023,24.1,24.25,23.75,24.25,2086300
03/02/2023,24.25,24.8,24.1,24.5,1746900
06/02/2023,24.5,24.95,24.25,24.25,9459700
07/02/2023,24.45,24.5,23.5,24,3603800
08/02/2023,24,24.3,23.7,23.95,1128700
09/02/2023,24.3,24.3,23.95,24,1112900
10/02/2023,24,24,23.6,23.85,4673200
13/02/2023,24,24,23.55,23.85,390100
14/02/2023,23.85,23.9,23.5,23.7,1185600
15/02/2023,23.7,23.7,23.5,23.5,3483300
16/02/2023,23.7,23.7,23.5,23.55,15340000
17/02/2023,23.65,23.7,23.5,23.5,205400
20/02/2023,23.5,23.65,23.2,23.5,771800
21/02/2023,23,23.6,23,23.5,1567800
22/02/2023,23.5,23.6,23.2,23.55,11200400
23/02/2023,23.6,23.6,23.25,23.25,970100
24/02/2023,23.5,23.5,23.2,23.2,590100
27/02/2023,23.5,23.5,22.9,23,8930200
28/02/2023,23.1,23.5,23.05,23.5,3743300
01/03/2023,23.5,23.55,23,23,2096800
02/03/2023,23.5,23.6,23,23.5,2949200
06/03/2023,23.6,23.6,22.8,22.9,4611000
07/03/2023,23,23,22,22.4,2794600
08/03/2023,22,22,20.85,20.9,28703400
09/03/2023,21,21.5,20.85,20.9,14873900
10/03/2023,21,21,20,20.5,1442700
13/03/2023,20.65,20.8,19.3,19.4,3227200
14/03/2023,19.5,19.85,18.9,19,3589700
15/03/2023,19.1,19.1,17.75,18,16825500
16/03/2023,18,18,16.45,16.5,39533700
17/03/2023,17,17.25,16.05,17.25,78127900
20/03/2023,17.3,17.95,17,17.95,15620600
21/03/2023,18,19.7,18,18.95,37107400
22/03/2023,19,20,18.95,19,5680900
23/03/2023,19,19.4,18.55,19,8703800
24/03/2023,19.4,19.4,18.5,18.5,29109400
27/03/2023,18.9,19,18.75,18.85,2344800
28/03/2023,18.9,18.9,18.4,18.5,5636200
29/03/2023,18.85,18.85,18,18,10100200
30/03/2023,18.2,18.5,17.8,18,15186300
31/03/2023,18,18.5,18,18.5,1704000
03/04/2023,19,19,18.1,18.8,3428600
04/04/2023,19,19,17.95,18,14295800
05/04/2023,18.2,18.5,18,18.5,24080000
06/04/2023,18.75,19.45,18.25,18.5,4375000
11/04/2023,18.5,19.3,18.35,18.5,5052300
12/04/2023,18.6,19,18.2,18.2,2908300
13/04/2023,18.35,18.4,17.25,17.5,2163500
14/04/2023,18,18,17.5,17.75,2620100
17/04/2023,17.7,17.7,16.8,17,3459200
18/04/2023,17.1,17.5,16.75,16.8,2256100
19/04/2023,17.4,17.4,16.65,16.85,4827100
20/04/2023,17,17.5,16.4,16.5,8316600
24/04/2023,16.8,16.8,16.55,16.7,802400
25/04/2023,16.7,17,16.45,16.6,13043100
26/04/2023,17,17,16.55,16.65,1559200
27/04/2023,16.8,16.8,16.6,16.6,616200
28/04/2023,16.8,16.8,16.35,16.5,10408200
02/05/2023,16.5,16.8,16.45,16.7,937800
03/05/2023,16.7,16.7,15.95,16,12831200
04/05/2023,16.5,16.5,15.95,16,16373300
05/05/2023,16.2,16.2,15.65,15.7,6391900
08/05/2023,16,16,15.7,15.9,573100
09/05/2023,16,16,15.25,15.85,3955000
10/05/2023,15.7,15.7,14.9,15.1,6690300
11/05/2023,15.7,15.7,14,14,18694700
12/05/2023,14.75,14.75,13.25,13.25,41634500
15/05/2023,13.25,14.5,12.7,14,22757400
16/05/2023,14.1,14.3,14.1,14.3,1219300
17/05/2023,15.7,15.7,15.2,15.7,18171800
18/05/2023,16,16.5,14.45,15.05,7282500
19/05/2023,15.5,15.5,14.8,15.1,2100500
22/05/2023,15.45,15.45,14.9,15,2271800
23/05/2023,15.45,15.45,14.95,15.3,2738400
24/05/2023,15.35,15.35,15,15.25,8640900
25/05/2023,15.35,15.35,15,15.3,22905400
26/05/2023,15.3,15.3,14.95,15,12117800
29/05/2023,15,15.65,14.95,15.5,444100
30/05/2023,15.7,16.75,15.3,15.8,15838100
31/05/2023,16,17.3,16,17.3,10822100
02/06/2023,17.25,17.25,16.7,16.75,10047000
05/06/2023,17.25,17.25,16.75,17.05,2200300
06/06/2023,17.2,17.2,16.9,17,3968700
07/06/2023,17,17,16.85,16.9,1410600
08/06/2023,16.95,16.95,16.5,16.65,1734900
09/06/2023,16.85,16.85,16.45,16.6,568400
12/06/2023,16.8,16.8,15.45,15.8,5374200
13/06/2023,16,16,14.9,15.75,8512100
14/06/2023,15.8,15.8,14.75,15,3786800
15/06/2023,15.6,15.8,14.75,15,2369800
16/06/2023,14.95,15.45,14.75,15.3,13905700
19/06/2023,15.5,16.3,15.45,16.05,477200
20/06/2023,16.1,16.5,15.9,16.1,1425100
21/06/2023,16.4,17,16.4,17,2504300
22/06/2023,17,17.8,17,17.5,4990500
23/06/2023,17.75,17.8,17.4,17.55,9481100
26/06/2023,17.8,17.8,17.45,17.5,8518700
27/06/2023,17.8,17.8,17.2,17.2,867000
29/06/2023,17.5,17.6,17.2,17.4,329700
30/06/2023,17.5,17.6,17.4,17.6,1626500
03/07/2023,17.6,18,17.6,17.6,467500
04/07/2023,18,18,17.6,17.7,15905700
05/07/2023,17.9,17.9,17.6,17.65,2346400
06/07/2023,17.8,18.45,17.6,18.45,18260100
07/07/2023,18.5,19.2,18.2,19.1,3157600
10/07/2023,19.2,20,19,20,2819500
11/07/2023,20,20,19.4,19.45,4534200
12/07/2023,19.8,19.8,19.4,19.5,5111900
13/07/2023,19.65,19.65,19.3,19.35,437100
14/07/2023,19.4,19.5,19,19,930500
17/07/2023,19.2,19.5,19,19.2,314300
18/07/2023,19.4,19.4,18,18,4618000
19/07/2023,18.1,18.55,18,18.4,1425600
20/07/2023,18.2,18.2,18,18.15,3894900
21/07/2023,18.1,18.1,17.85,17.9,970100
24/07/2023,18,18.05,17.6,17.8,941600
25/07/2023,17.5,17.7,16.5,16.55,8347100
26/07/2023,16.5,16.5,16,16.5,6423200
27/07/2023,17,17.7,16.55,17.4,784600
28/07/2023,17.5,17.7,16.5,17.3,208485900
31/07/2023,17,17.3,16.6,17.25,558800
01/08/2023,16.6,17.6,16.6,17.35,3925500
02/08/2023,17.5,17.5,16.75,16.85,946700
03/08/2023,16.85,16.9,16.7,16.9,1753000
04/08/2023,17,17,16.75,16.8,597400
07/08/2023,17,17,16.65,16.7,599700
08/08/2023,16.95,16.95,16,16.4,4449000
09/08/2023,16.5,16.5,16.1,16.4,308100
10/08/2023,16.6,16.6,16,16.25,1236200
11/08/2023,16,16.3,16,16,5178900
14/08/2023,16.2,16.2,15.5,15.5,5431200
15/08/2023,16,16,15.8,15.9,2795500
16/08/2023,15.95,15.95,15,15.8,30962800
17/08/2023,16,16.3,15.6,16.2,7023200
18/08/2023,16,16.25,15.95,15.95,1575200
21/08/2023,16,16.25,15.85,15.85,975600
22/08/2023,15.9,16,15.8,15.95,1019800
23/08/2023,15.85,15.95,15.2,15.95,3907600
24/08/2023,16,16,15.7,15.7,520900
25/08/2023,15.75,15.75,15.3,15.45,671600
28/08/2023,15.5,15.5,15.4,15.45,3574900
29/08/2023,15.5,15.5,15.35,15.45,1522500
30/08/2023,15.5,15.7,15.4,15.7,5767600
31/08/2023,15.7,15.7,15.2,15.2,1497600
01/09/2023,15.4,15.4,14.9,15.1,2761200
04/09/2023,15.3,15.3,15,15.3,802900
05/09/2023,15.4,15.4,15.05,15.25,11102200
06/09/2023,15.2,15.3,15.05,15.3,23586000
07/09/2023,15.3,15.45,15.2,15.3,1374300
08/09/2023,15.3,16.2,15.3,15.7,8584700
11/09/2023,16,16,15.5,15.6,10124400
12/09/2023,16,16,15.25,15.4,1665700
13/09/2023,15.4,15.75,14.9,15.3,8023600
14/09/2023,15.5,15.95,15.25,15.7,15168100
15/09/2023,15.7,16,15.5,15.75,1722600
18/09/2023,16,16,15.45,15.5,1446800
19/09/2023,15.7,15.7,15.2,15.3,935300
20/09/2023,15.5,15.5,14.95,15,32720500
21/09/2023,15.25,15.3,14.85,14.95,1273300
22/09/2023,15,15.3,14.9,15.2,8289600
25/09/2023,15,15,14.8,14.9,2139000
26/09/2023,14.95,14.95,14.8,14.9,299700
27/09/2023,14.9,14.9,14.65,14.7,3180700
28/09/2023,14.85,14.85,14.5,14.65,2383000
29/09/2023,14.6,14.7,14.5,14.7,2270500
02/10/2023,14.6,14.9,14.6,14.75,1919700
03/10/2023,14.7,14.8,14.6,14.7,2602000
04/10/2023,15,15,14.55,14.6,574900
05/10/2023,14.7,14.7,14.25,14.45,2483600
06/10/2023,14.3,14.65,13.85,14,48233400
09/10/2023,14,14,13.8,14,809100
11/10/2023,14.4,14.4,13.8,13.8,5405200
12/10/2023,14,14.35,13.85,14,1661300
13/10/2023,14,14,13.85,13.9,900800
16/10/2023,14,14.2,13.8,13.95,1711200
17/10/2023,14,14,13.65,13.7,504600
18/10/2023,13.7,13.95,13.65,13.8,10979700
19/10/2023,13.8,13.8,13.7,13.8,6356700
23/10/2023,13.9,13.9,13,13.5,11962300
24/10/2023,13.75,13.75,12.7,12.9,1458400
25/10/2023,12.9,13,12.3,12.5,8052800
26/10/2023,12.5,12.7,12.4,12.7,6886500
27/10/2023,12.7,13.3,12.5,12.6,72111600
30/10/2023,12.5,13,12.45,12.5,14855700
31/10/2023,12.5,12.5,12.35,12.4,2338500
01/11/2023,12.45,12.5,12.2,12.25,811900
02/11/2023,12.5,12.5,11.95,12,705400
03/11/2023,12,12,11.5,11.5,5888700
06/11/2023,11.65,12.05,11.5,11.9,3796900
07/11/2023,12,12.3,11.8,12.15,12695600
08/11/2023,12.15,13.15,12.15,13,371700
09/11/2023,13.15,13.75,12.95,13.3,17306000
10/11/2023,13.5,14.3,13.3,13.5,59099800
14/11/2023,13.5,14,13,13.95,1883200
15/11/2023,13.95,13.95,13.45,13.75,6066600
16/11/2023,13.95,14,13.3,13.3,3915000
17/11/2023,13.5,13.55,13.05,13.3,7093700
20/11/2023,13.45,13.5,13.05,13.45,2454400
21/11/2023,13.5,13.8,13.3,13.5,4615700
22/11/2023,13.5,14,13.45,13.5,3260900
23/11/2023,13.7,13.7,13.45,13.45,885500
24/11/2023,13.7,13.75,13.65,13.75,219500
27/11/2023,13.75,13.8,13.35,13.7,2743600
01/12/2023,14.2,14.4,14,14.05,1213300
04/12/2023,14.5,14.55,14,14.5,1972800
05/12/2023,14.55,15.2,14.5,14.9,8039500
06/12/2023,14.95,15.1,14.3,14.9,59683100
07/12/2023,14.9,14.9,14.4,14.5,1248800
08/12/2023,14.6,14.6,14.4,14.5,2899700
11/12/2023,14.55,14.55,14.35,14.55,1768900
13/12/2023,14.45,14.5,14.35,14.35,14879800
14/12/2023,14.45,14.45,14.2,14.4,6830400
15/12/2023,14.4,14.45,13.7,13.95,753200
18/12/2023,14,14,13.5,13.65,5857300
19/12/2023,13.9,13.9,13.4,13.5,11518300
20/12/2023,13.5,13.8,13.5,13.65,6908500
21/12/2023,13.8,13.8,13.5,13.5,5824300
22/12/2023,13.8,13.8,13.5,13.55,1740200
27/12/2023,13.55,14,13.5,13.7,14199200
28/12/2023,13.9,14.1,13.6,13.95,5262500
29/12/2023,14,14,13.8,13.85,396700
02/01/2024,13.7,13.95,13.65,13.65,176500
03/01/2024,13.9,13.9,13.6,13.6,1666700
04/01/2024,13.65,13.8,13.55,13.7,1000500
05/01/2024,13.8,14,13.55,13.6,5622200
08/01/2024,13.7,14,13.6,13.75,248500
09/01/2024,13.85,14.1,13.6,13.75,2192400
10/01/2024,13.6,14.1,13.6,13.9,4438100
11/01/2024,14,14,13.85,13.9,10658100
12/01/2024,14.1,14.1,13.8,13.9,440300
15/01/2024,13.9,14.1,13.65,13.95,407100
16/01/2024,13.9,14.1,13.8,14,2446300
17/01/2024,14.2,14.2,13.85,14,5351600
18/01/2024,14,14,13.9,14,1274700
19/01/2024,13.95,14,13.75,13.95,11829000
22/01/2024,13.95,13.95,13.8,13.9,2946700
23/01/2024,13.75,13.95,13.7,13.8,316400
24/01/2024,13.95,13.95,13.4,13.5,1912400
25/01/2024,13.5,13.5,13.2,13.2,2189800
26/01/2024,13.5,13.5,12.95,13,928000
29/01/2024,13,13.45,13,13.25,4917900
30/01/2024,13.5,13.7,13.5,13.55,5800700
31/01/2024,13.75,13.9,13.5,13.6,3222700
01/02/2024,13.9,13.9,13.35,13.6,4667900
02/02/2024,13.7,13.75,13.4,13.5,6246000
05/02/2024,13.5,13.5,13.35,13.4,7576000
06/02/2024,13.45,13.5,13.4,13.4,7787100
07/02/2024,13.45,13.45,13,13.3,1425100
08/02/2024,13.4,13.4,13,13.15,1845800
09/02/2024,13.2,13.2,12.95,13.2,4896800
12/02/2024,13.2,13.45,13,13.05,242400
13/02/2024,13,13.3,13,13.15,22076600
14/02/2024,13.2,13.35,12.95,13,1334300
15/02/2024,13.15,13.45,13,13.45,14330200
16/02/2024,13.4,13.5,12.95,13.1,11761400
19/02/2024,13.2,13.5,13.1,13.5,480600
20/02/2024,13.6,13.6,13.35,13.5,494000
21/02/2024,13.5,13.9,13,13.3,4540900
22/02/2024,13.4,13.5,13.3,13.45,19041800
23/02/2024,13.7,13.7,13.35,13.6,1801500
26/02/2024,13.35,14,13.35,13.85,2030600
27/02/2024,13.8,13.8,13.5,13.6,5063800
28/02/2024,13.6,13.6,13.3,13.4,13609500
29/02/2024,13.45,13.45,13.15,13.3,5538200
01/03/2024,13.35,13.9,13.3,13.9,11252100
04/03/2024,13.8,14.8,13.4,13.55,2195300
05/03/2024,13.6,13.8,13.5,13.7,10095000
06/03/2024,13.6,13.9,13.6,13.85,1544400
07/03/2024,13.9,13.9,13.75,13.9,1017300
08/03/2024,13.9,14.1,13.8,14.1,10298300
11/03/2024,14.05,14.25,14,14.2,1723000
12/03/2024,14.2,14.7,14.2,14.65,23289700
13/03/2024,14.65,14.65,14.5,14.6,37153100
14/03/2024,14.7,15.2,14.6,15.1,42418700
15/03/2024,15.5,15.85,14.85,15.15,2631200
18/03/2024,15,15.4,14.3,14.5,9307800
19/03/2024,14.7,15,14.55,14.6,3772800
20/03/2024,14.9,15.85,14.9,15.85,5257500
21/03/2024,15.7,16.85,15.7,16.7,6160500
22/03/2024,16.75,17.2,16.3,16.9,20780000
25/03/2024,16.8,18.15,16.8,18.15,104525300
26/03/2024,18.3,19.35,18,19.35,5313500
27/03/2024,20.5,21.15,18.15,19,7005400
28/03/2024,19,19.5,17.4,17.4,13614000
02/04/2024,17.4,18.2,16.5,17.75,7807300
03/04/2024,17.5,18,17.5,17.75,16829500
04/04/2024,17.5,17.85,17.5,17.8,6958200
05/04/2024,17.7,18.05,17,17,5390900
08/04/2024,17.5,17.5,16.5,16.65,6289300
09/04/2024,17,17,16.3,16.7,8563600
11/04/2024,16.65,16.75,16.5,16.75,4093000
12/04/2024,16.5,17.2,16.5,17.05,3761800
15/04/2024,17.05,17.3,17,17.2,5336200
16/04/2024,17.45,17.5,16.9,16.95,941100
17/04/2024,16.95,16.95,16,16.5,10621700
18/04/2024,16.8,16.9,16.3,16.35,1278400
19/04/2024,16.5,16.5,15.9,16,11548000
22/04/2024,16,16.3,16,16.05,426400
23/04/2024,16.1,17,16.05,16.2,5562200
24/04/2024,16.25,16.8,16.2,16.4,912400
25/04/2024,16.3,16.5,16.2,16.35,3116100
26/04/2024,16.5,16.5,16.2,16.3,1809200
29/04/2024,16.25,16.3,15.75,15.8,4777400
30/04/2024,16,16,15.75,16,616000
02/05/2024,15.95,16.2,15.9,16,1898700
03/05/2024,16,16,15.85,15.95,1483800
06/05/2024,15.95,15.95,15.7,15.8,898500
07/05/2024,15.8,15.85,15.5,15.8,5009400
08/05/2024,15.8,17,15.75,16.2,7641200
09/05/2024,16.5,17.4,16,16.5,2783300
13/05/2024,16.55,17.85,16.55,17.35,1325500
14/05/2024,17.5,17.75,17.05,17.05,2381100
15/05/2024,17.1,17.35,17,17,5723200
16/05/2024,17.3,17.35,17,17.35,526000
17/05/2024,17.35,17.8,17.25,17.75,667900
20/05/2024,17.5,18.15,17.5,18.05,5743900
21/05/2024,18,18.45,18,18.35,5896900
22/05/2024,18.4,19.05,18.4,18.7,16527700
23/05/2024,18.7,18.7,17.85,18,13520200
24/05/2024,17.9,18,17.5,17.7,8426400
27/05/2024,17.7,18,17.7,17.7,775800
28/05/2024,17.7,18.7,17.7,18.3,30893800
29/05/2024,18.75,18.75,18.05,18.2,18215900
30/05/2024,18.35,18.35,18,18,11478800
31/05/2024,18.2,18.2,17.85,18,12864800
03/06/2024,18.2,18.5,17.95,18,6821200
04/06/2024,18,18.15,18,18.05,3279500
05/06/2024,18.05,18.2,18,18,5474800
06/06/2024,18.05,18.7,18,18.5,4895200
07/06/2024,18.35,18.35,18.25,18.35,3250900
10/06/2024,18.35,18.35,18,18.05,270300
11/06/2024,18.15,18.15,18,18,9094600
12/06/2024,18.15,18.2,18,18.1,8259700
13/06/2024,18.1,18.25,18,18.25,7702600
14/06/2024,18.35,18.35,18.1,18.2,241300
18/06/2024,18.2,18.45,18.1,18.4,1250100
19/06/2024,18.35,18.7,18.05,18.7,4109900
20/06/2024,18.5,18.8,18.5,18.55,6462600
21/06/2024,18.55,18.55,18.05,18.2,3081600
24/06/2024,18.2,18.3,17.95,18,2153700
25/06/2024,18.1,18.5,17.95,18.5,2368100
26/06/2024,18.05,18.05,17.6,17.6,15357100
27/06/2024,17.8,17.8,16.95,17,3790800
28/06/2024,17,17.6,16.8,17.4,6538000
01/07/2024,17.3,17.8,17.3,17.3,1359700
02/07/2024,17.5,17.7,17.3,17.45,5078000
03/07/2024,17.4,17.5,17.3,17.35,6918000
04/07/2024,17.8,17.8,17.1,17.25,5027500
05/07/2024,17.1,17.5,17.1,17.25,2170700
08/07/2024,17.3,17.5,17.2,17.3,5022400
09/07/2024,17.35,17.5,17.2,17.25,2397400
10/07/2024,17.25,17.3,16.9,17,1644600
11/07/2024,17,17.2,17,17.15,6594100
12/07/2024,17.05,17.15,17.05,17.05,6048400
15/07/2024,17.05,17.15,16.95,17,11160600
16/07/2024,17.05,17.15,16.95,17,928800
17/07/2024,17,17,16.6,16.8,1146200
18/07/2024,16.8,16.9,16.3,16.4,1016500
19/07/2024,16.45,16.45,16.3,16.45,432500
22/07/2024,16.45,16.45,16.2,16.25,5541900
23/07/2024,16.3,16.3,16,16,6812200
24/07/2024,16.2,16.2,15.55,15.8,5218800
25/07/2024,15.8,15.95,15.05,15.5,21303400
26/07/2024,15.5,15.5,15.05,15.25,25624900
29/07/2024,15.45,16,15.2,15.7,3487600
30/07/2024,15.7,16.5,15.6,16,5675600
31/07/2024,15.8,16,15.7,15.9,883400
01/08/2024,15.8,15.8,15.1,15.35,1895000
02/08/2024,15.15,15.35,14.95,15,14638300
05/08/2024,15,15,14.2,15,12414600
06/08/2024,14.95,15,14.5,14.7,4266600
07/08/2024,14.85,14.95,14.5,14.8,3229000
08/08/2024,14.8,14.9,14.65,14.85,9072900
09/08/2024,14.8,15,14.75,14.85,1643200
12/08/2024,14.8,15,14.7,14.75,8245700
13/08/2024,14.8,15,14.55,14.55,5494700
14/08/2024,14.7,14.75,14.55,14.7,6745000
15/08/2024,14.7,15,14.6,15,407200
16/08/2024,15,15.2,14.7,15,3081800
19/08/2024,14.85,15.2,14.85,15,9567900
20/08/2024,15,15.2,14.95,15,2548300
21/08/2024,14.9,15.15,14.9,15.05,14014000
22/08/2024,15.1,15.15,15,15.1,452900
23/08/2024,15.2,15.2,15,15,2522800
26/08/2024,15,15.1,14.8,14.9,471000
27/08/2024,14.95,14.95,14.5,14.8,7508200
28/08/2024,14.85,14.85,14.4,14.55,17813000
29/08/2024,14.7,14.75,14.4,14.5,28426800
30/08/2024,14.5,14.9,14.4,14.9,35609800
02/09/2024,14.9,14.95,14.5,14.75,7264400
03/09/2024,14.75,15,14.5,15,14355600
04/09/2024,14.8,15,14.5,14.7,17825000
05/09/2024,14.9,14.9,14.75,14.9,8917300
06/09/2024,14.9,15,14.7,14.95,1949200
09/09/2024,14.75,15,14.7,15,590600
10/09/2024,14.9,15.65,14.9,15.3,1208200
11/09/2024,15.2,15.5,15.2,15.5,11419000
12/09/2024,15.45,15.45,14.9,15.1,1594100
13/09/2024,15.5,15.5,15,15.4,164300
16/09/2024,15.45,15.55,15.05,15.4,924500
17/09/2024,15.4,15.5,15.2,15.25,3420600
18/09/2024,15.3,15.4,15.1,15.2,12453100
19/09/2024,15.3,15.3,15.1,15.2,724800
20/09/2024,15.2,15.25,14.9,15.1,5714000
23/09/2024,15.1,15.3,14.95,14.95,1872100
24/09/2024,15,15.2,14.95,15.2,1335400
25/09/2024,15,15.2,14.95,14.95,4168900
26/09/2024,15.1,15.1,15,15.05,306900
27/09/2024,15.1,15.1,14.95,15,586100
30/09/2024,15.1,15.1,14.95,14.95,320700
01/10/2024,15,15,14.95,15,7388400
02/10/2024,15,15.1,14.9,15,26384900
03/10/2024,15,15.1,14.95,14.95,2825600
04/10/2024,15,15.1,14.95,15,227400
07/10/2024,15,15,14.9,15,5648100
08/10/2024,15,15,14.85,14.9,423000
09/10/2024,14.95,15.3,14.9,15.2,10071400
11/10/2024,15.2,15.5,15,15.5,14669600
14/10/2024,15.3,15.95,15.2,15.3,432500
15/10/2024,15.5,15.5,15.2,15.4,224900
16/10/2024,15.4,15.6,15.4,15.6,693300
17/10/2024,15.55,15.95,15.4,15.95,5660600
18/10/2024,15.9,16.3,15.5,15.8,477000
22/10/2024,15.6,16.15,15.6,15.9,22586600
23/10/2024,15.9,16.25,15.9,16.1,4846200
24/10/2024,16.25,16.3,15.6,16.2,4563000
25/10/2024,16.15,16.7,16.1,16.5,4796700
28/10/2024,16.5,17,16.5,16.9,3931300
29/10/2024,17,17.65,16.9,17.4,12200600
30/10/2024,17.4,17.5,16.85,16.9,8426900
31/10/2024,17.2,17.2,16.5,16.5,2409300
04-Nov-24,16.8,16.8,16.25,16.7,5049800
05-Nov-24,16.55,16.7,16.3,16.3,1548000
06-Nov-24,16.45,16.45,16.2,16.4,868700
07-Nov-24,16.3,16.5,15.1,15.95,10478000
08-Nov-24,15.75,15.9,15.5,15.7,3815500
11-Nov-24,15.7,15.7,15.15,15.35,675500
12-Nov-24,15.4,15.5,15.2,15.4,5287200
13-Nov-24,15.4,15.5,15.2,15.25,2990000
14-Nov-24,15.3,15.5,15.15,15.15,3024300
15-Nov-24,15.3,15.3,15.1,15.15,2598600
18-Nov-24,15.15,15.25,14.9,15,2583000
19-Nov-24,15,15,14.5,14.7,12136100
20-Nov-24,14.9,15,14.6,14.9,3811100
21-Nov-24,14.95,15.3,14.85,14.95,8231600
22-Nov-24,15,15,14.85,14.9,10138100
25-Nov-24,15,15,14.7,14.75,17256100
26-Nov-24,14.75,14.85,14.55,14.65,11698000
27-Nov-24,14.65,14.7,14.1,14.3,7534300
28-Nov-24,14.35,15,14.2,15,53244400
29-Nov-24,15,15.7,14.55,15.1,6528500
02-Dec-24,15.2,15.8,15.15,15.4,13041100
03-Dec-24,15.4,15.5,15.1,15.25,7372900
04-Dec-24,15.3,15.65,15.1,15.4,1694500
05-Dec-24,15.4,16.05,15.4,16,8256100
06-Dec-24,15.95,16.65,15.6,16.5,1157400
09-Dec-24,16.5,16.7,16.25,16.65,2266500
10-Dec-24,16.65,17.95,16.65,17.5,31627500
11-Dec-24,17.05,17.5,16.6,16.95,45870800
13-Dec-24,16.25,17.2,16.25,17.15,4285900
16-Dec-24,17.1,17.3,17,17.1,1990100
17-Dec-24,17.1,17.5,17.1,17.5,1474800
18-Dec-24,17.25,17.7,17.25,17.6,13539600
19-Dec-24,17.6,17.7,17.45,17.5,17685600
20-Dec-24,17.7,17.7,17.4,17.6,15607800
23-Dec-24,17.7,17.7,17.15,17.3,195000
24-Dec-24,17.5,17.5,17.05,17.1,169800
27-Dec-24,17.1,17.5,17.05,17.5,283900
30-Dec-24,17.2,17.5,17.05,17.15,935100
31-Dec-24,17.15,17.35,17,17.35,1243600
02-Jan-25,17.2,17.4,17.15,17.25,1347700
03-Jan-25,17.4,17.4,17.25,17.4,322300
06-Jan-25,17.35,17.8,17.2,17.7,23339700
07-Jan-25,17.65,17.8,17.5,17.65,1284000
08-Jan-25,18,18,17.65,17.85,4750400
09-Jan-25,17.8,18,17.8,17.9,6415200
10-Jan-25,17.85,18.5,17.85,18.2,2510300
13-Jan-25,18.2,18.5,17.95,18.05,507200
14-Jan-25,18.3,18.3,17.95,18.15,2527800
15-Jan-25,18.1,18.35,18,18.2,8086000
16-Jan-25,18.15,19.15,18.15,18.65,8126700
17-Jan-25,18.65,18.7,18.5,18.7,3969200
20-Jan-25,18.65,18.95,18.6,18.95,396200
21-Jan-25,18.95,19.15,18.9,18.95,12285400
22-Jan-25,19,19,18.8,18.8,1452100
23-Jan-25,18.9,19,18.7,18.9,23862200
24-Jan-25,18.9,18.9,18.75,18.85,8417100
27-Jan-25,18.9,18.9,18.5,18.6,1302100
28-Jan-25,18.8,18.9,18.4,18.5,10776300
29-Jan-25,18.5,18.85,17,18.3,13437700
30-Jan-25,18.3,18.3,17.3,17.3,9095100
31-Jan-25,17.4,17.5,16.85,17.25,29290400
03-Feb-25,17.3,17.8,17.2,17.5,6685600
04-Feb-25,17.8,18.4,17.5,18.1,14123100
05-Feb-25,18,18.8,18,18.25,15718800
06-Feb-25,18.25,18.5,18,18.05,11395300
07-Feb-25,18.25,18.25,17.8,17.95,9991800
10-Feb-25,17.8,18,17.7,17.9,1848700
11-Feb-25,17.9,18,17.5,17.5,9072400
12-Feb-25,17.7,17.8,17,17.6,8419600
13-Feb-25,17.6,18.3,17.05,18.2,10275800
14-Feb-25,18.3,18.45,18,18.4,26493500
17-Feb-25,18.1,18.65,18.1,18.5,9578000
18-Feb-25,18.5,19,18.5,18.8,3682900
19-Feb-25,18.85,19.4,18.8,19,5656100
20-Feb-25,18.85,19,18.75,18.8,1660300
21-Feb-25,18.85,19,18.7,18.75,3041000
24-Feb-25,18.75,18.95,18.5,18.7,1740500
25-Feb-25,18.6,18.75,18.2,18.3,4531400
26-Feb-25,18.3,18.5,18,18.2,5424300
27-Feb-25,18.3,18.3,18,18.1,1103900
28-Feb-25,18,18.1,17.9,17.95,1734900
03-Mar-25,17.95,18.2,17.95,18.1,1881200
04-Mar-25,18,18,17.05,17.9,2183300
05-Mar-25,17.8,17.95,17.5,17.7,24925000
06-Mar-25,17.7,18.05,17.5,18,12980500
07-Mar-25,18,18.2,18,18.1,3576900
10-Mar-25,18.15,18.15,17.7,18,934600
11-Mar-25,18,18.15,17.75,18.05,9535600
12-Mar-25,18.5,18.5,17.75,17.9,11705100
13-Mar-25,18,18,17.5,17.95,916000
14-Mar-25,17.95,18.15,17.5,17.75,3770100
17-Mar-25,17.75,18,17.75,17.8,2199400
18-Mar-25,17.75,17.9,17.5,17.5,12208600
19-Mar-25,17.7,17.85,17.45,17.65,468400
20-Mar-25,17.6,17.8,17.45,17.6,355700
21-Mar-25,17.8,18,17.55,17.65,3201300
24-Mar-25,17.65,17.8,17.65,17.75,1825700
25-Mar-25,18,18,17.75,17.9,7973300
26-Mar-25,17.9,18.1,17.8,18,7378100
27-Mar-25,18,18.2,17.9,18,1445000
28-Mar-25,18.15,18.45,18,18.35,9457500
01-Apr-25,18.3,18.65,18.2,18.5,13410200
02-Apr-25,18.6,18.85,18.4,18.55,3392600
03-Apr-25,18.55,18.65,18.5,18.6,13231800
04-Apr-25,18.65,18.85,18.55,18.65,4802800
07-Apr-25,18.65,18.65,17.5,17.8,3830400
08-Apr-25,18,18,17.5,17.55,5458400
09-Apr-25,17.6,17.8,17,17.3,7769800
10-Apr-25,17.5,17.8,17.25,17.6,8715000
11-Apr-25,18,18,17.45,17.65,7208600
14-Apr-25,17.9,17.9,17.55,17.55,3468300
15-Apr-25,17.65,17.7,17.45,17.5,2814700
16-Apr-25,17.55,17.55,17.3,17.35,4796300
17-Apr-25,17.4,17.5,17.25,17.4,1020300
22-Apr-25,17.5,17.5,17.2,17.4,14326500
23-Apr-25,17.35,17.8,17.3,17.4,5944900
24-Apr-25,17.75,17.75,17.2,17.3,4813100
25-Apr-25,17.5,17.5,17.1,17.25,346000
28-Apr-25,17.25,17.3,17,17.2,522300
29-Apr-25,17.2,17.5,17.2,17.35,1683700
30-Apr-25,17.5,18,17.5,18,4243100
02-May-25,18,18.5,17.6,18.1,988100
05-May-25,18.1,18.5,18,18.35,7979500
06-May-25,18.35,18.5,18.3,18.35,1672300
07-May-25,18.4,18.4,18.1,18.1,6342200
08-May-25,18.2,18.5,18,18.4,3921300
09-May-25,19,19.1,18.2,18.4,9924400
12-May-25,18.5,18.85,18,18.8,12678000
13-May-25,18.6,19.45,18.6,19.45,25392000
14-May-25,19.5,20,19.1,19.55,4260800
15-May-25,19.6,20.25,19.5,20,23840500
16-May-25,20,20.1,19.6,20.05,5738500
19-May-25,20.1,20.1,19.5,19.7,4439900
20-May-25,19.7,19.95,19.5,19.7,11936100
21-May-25,20,20,19.75,19.85,1476100
22-May-25,19.95,19.95,19.75,19.9,1405700
23-May-25,19.9,20,19.85,20,1495300
26-May-25,19.9,20,19.8,19.9,10621900
27-May-25,19.9,20.15,19.85,20.15,3520700
28-May-25,20,21,20,20.75,7639700
29-May-25,20.8,20.8,20.5,20.5,7750700
30-May-25,20.65,20.8,20.2,20.45,3028900
03-Jun-25,20.6,20.65,20.4,20.65,5561500
04-Jun-25,20.5,21,20.5,21,2466800
05-Jun-25,20.9,21.2,20.9,21.15,1125900
09-Jun-25,21.15,21.8,21,21.8,21889200
10-Jun-25,22,23.15,21.5,23.15,13319900
11-Jun-25,22.6,24.8,22.6,24.8,21207900
12-Jun-25,24.5,25.5,24,25,42322900
13-Jun-25,24.95,25.2,24,24.05,23011600
16-Jun-25,24.5,24.5,22.9,23,16672300
17-Jun-25,23.5,23.6,22.5,23.5,11672900
18-Jun-25,23.2,23.55,23.1,23.5,2365400
19-Jun-25,23.4,24.3,23.3,24,9586700
20-Jun-25,24,24.2,23.7,24,324000
23-Jun-25,24.2,24.2,23.75,23.8,263700
24-Jun-25,23.9,24.2,23.9,24.05,5610500
25-Jun-25,24.05,24.25,24,24.25,2160300
26-Jun-25,24.25,24.95,24.2,24.65,11269600
27-Jun-25,24.65,25.1,24.5,25,2428800
30-Jun-25,25,25.2,24.9,25.15,2479200
01-Jul-25,25.1,26.5,25.1,26.5,5055500
02-Jul-25,26.4,27.4,26.2,27,13248100
03-Jul-25,27,27.2,26.5,26.9,16569600
04-Jul-25,26.9,27.2,26.6,27.2,1701200
07-Jul-25,27.4,27.4,26.9,27.2,1151700
08-Jul-25,27.2,27.5,26.5,27,12591800
09-Jul-25,27,27.2,26.5,26.7,4920600
10-Jul-25,26.6,26.8,26,26.4,8808500
11-Jul-25,26.45,26.45,25.85,26,4326800
14-Jul-25,26,26,25.5,25.75,6359800
15-Jul-25,25.7,25.9,25,25.65,8419400
16-Jul-25,25.65,26.45,25.5,26.45,979100
17-Jul-25,26,26.45,26,26,818900
18-Jul-25,26.25,26.45,26,26.3,460100
21-Jul-25,26.25,26.6,26.2,26.5,1020000
22-Jul-25,26.45,27,26.4,26.55,16612100
23-Jul-25,26.55,27.3,26.55,27.3,14302600
24-Jul-25,27.3,27.3,26.8,26.8,695700
25-Jul-25,27,27,26.5,26.9,2564000
28-Jul-25,27,27.3,26.55,27,7443900
29-Jul-25,27.05,28,27,27.05,25077300
30-Jul-25,27.05,27.5,26.5,26.5,8515400
31-Jul-25,27,27,26,26.4,6087800
01-Aug-25,26.25,26.25,25.5,25.95,8284100
